{
"type": "FeatureCollection",
"crs": { "type": "name", "properties": { "name": "urn:ogc:def:crs:OGC:1.3:CRS84" } },
"features": [
{ "type": "Feature", "properties": { "rbd": "11554", "NOM_RBD": "ESCUELA DE ADULTOS DE RIO BUENO", "exrbd": "11554-363", "Ciencias": 402.0, "Historia": 486.0, "Lenguaje": 477.0, "M1": 508.0, "M2": 0.0, "Obligatoria": 492.5 }, "geometry": { "type": "Point", "coordinates": [ -72.962395, -40.33508 ] } },
{ "type": "Feature", "properties": { "rbd": "11591", "NOM_RBD": "INSTITUTO TECNICO PROFESIONAL LLIFEN", "exrbd": "11591-310", "Ciencias": 380.0, "Historia": 496.5, "Lenguaje": 573.1, "M1": 543.4, "M2": 388.0, "Obligatoria": 558.3 }, "geometry": { "type": "Point", "coordinates": [ -72.258698, -40.198139 ] } },
{ "type": "Feature", "properties": { "rbd": "11591", "NOM_RBD": "INSTITUTO TECNICO PROFESIONAL LLIFEN", "exrbd": "11591-510", "Ciencias": 370.0, "Historia": 385.0, "Lenguaje": 487.8, "M1": 493.5, "M2": 399.3, "Obligatoria": 492.1 }, "geometry": { "type": "Point", "coordinates": [ -72.258698, -40.198139 ] } },
{ "type": "Feature", "properties": { "rbd": "11591", "NOM_RBD": "INSTITUTO TECNICO PROFESIONAL LLIFEN", "exrbd": "11591-610", "Ciencias": 388.2, "Historia": 412.7, "Lenguaje": 513.0, "M1": 521.1, "M2": 389.1, "Obligatoria": 519.2 }, "geometry": { "type": "Point", "coordinates": [ -72.258698, -40.198139 ] } },
{ "type": "Feature", "properties": { "rbd": "12182", "NOM_RBD": "ESCUELA PARTICULAR N.303 LUIS CRUZ MARTINEZ", "exrbd": "12182-363", "Ciencias": 452.0, "Historia": 0.0, "Lenguaje": 605.0, "M1": 738.0, "M2": 378.0, "Obligatoria": 671.5 }, "geometry": { "type": "Point", "coordinates": [ -73.177841, -40.58707 ] } },
{ "type": "Feature", "properties": { "rbd": "12183", "NOM_RBD": "COLEGIO SAINT THOMAS COLLEGE", "exrbd": "12183-310", "Ciencias": 506.3, "Historia": 586.6, "Lenguaje": 674.0, "M1": 732.4, "M2": 547.7, "Obligatoria": 710.0 }, "geometry": { "type": "Point", "coordinates": [ -73.105507, -40.589199 ] } },
{ "type": "Feature", "properties": { "rbd": "12185", "NOM_RBD": "COLEGIO BICENTENARIO HELVECIA", "exrbd": "12185-310", "Ciencias": 438.1, "Historia": 491.5, "Lenguaje": 600.9, "M1": 588.6, "M2": 422.4, "Obligatoria": 601.4 }, "geometry": { "type": "Point", "coordinates": [ -73.216957, -39.843781 ] } },
{ "type": "Feature", "properties": { "rbd": "12185", "NOM_RBD": "COLEGIO BICENTENARIO HELVECIA", "exrbd": "12185-363", "Ciencias": 392.3, "Historia": 417.0, "Lenguaje": 485.7, "M1": 470.8, "M2": 0.0, "Obligatoria": 481.3 }, "geometry": { "type": "Point", "coordinates": [ -73.216957, -39.843781 ] } },
{ "type": "Feature", "properties": { "rbd": "12192", "NOM_RBD": "INSTITUTO DEL MAR BICENTENARIO CAPITAN WILLIAMS", "exrbd": "12192-510", "Ciencias": 407.4, "Historia": 433.4, "Lenguaje": 582.6, "M1": 596.0, "M2": 398.7, "Obligatoria": 589.3 }, "geometry": { "type": "Point", "coordinates": [ -73.774643, -42.618481 ] } },
{ "type": "Feature", "properties": { "rbd": "12192", "NOM_RBD": "INSTITUTO DEL MAR BICENTENARIO CAPITAN WILLIAMS", "exrbd": "12192-610", "Ciencias": 413.3, "Historia": 474.5, "Lenguaje": 582.8, "M1": 473.8, "M2": 354.0, "Obligatoria": 528.3 }, "geometry": { "type": "Point", "coordinates": [ -73.774643, -42.618481 ] } },
{ "type": "Feature", "properties": { "rbd": "12192", "NOM_RBD": "INSTITUTO DEL MAR BICENTENARIO CAPITAN WILLIAMS", "exrbd": "12192-810", "Ciencias": 362.5, "Historia": 513.8, "Lenguaje": 566.8, "M1": 538.8, "M2": 333.5, "Obligatoria": 547.9 }, "geometry": { "type": "Point", "coordinates": [ -73.774643, -42.618481 ] } },
{ "type": "Feature", "properties": { "rbd": "16843", "NOM_RBD": "LICEO BICENTENARIO DE EXCELENCIA TECNICO PROFESIONAL PEOPLE HELP PEOPLE DE PANGUIPULLI", "exrbd": "16843-510", "Ciencias": 406.5, "Historia": 427.8, "Lenguaje": 572.7, "M1": 598.5, "M2": 389.6, "Obligatoria": 587.3 }, "geometry": { "type": "Point", "coordinates": [ -72.324013, -39.638439 ] } },
{ "type": "Feature", "properties": { "rbd": "16843", "NOM_RBD": "LICEO BICENTENARIO DE EXCELENCIA TECNICO PROFESIONAL PEOPLE HELP PEOPLE DE PANGUIPULLI", "exrbd": "16843-610", "Ciencias": 403.7, "Historia": 440.7, "Lenguaje": 567.9, "M1": 590.4, "M2": 373.1, "Obligatoria": 581.7 }, "geometry": { "type": "Point", "coordinates": [ -72.324013, -39.638439 ] } },
{ "type": "Feature", "properties": { "rbd": "16844", "NOM_RBD": "LICEO TECNICO PROFESIONAL PEOPLE HELP PEOPLE PULLINQUE", "exrbd": "16844-510", "Ciencias": 402.9, "Historia": 421.1, "Lenguaje": 532.2, "M1": 575.7, "M2": 376.8, "Obligatoria": 554.4 }, "geometry": { "type": "Point", "coordinates": [ -72.230392, -39.599049 ] } },
{ "type": "Feature", "properties": { "rbd": "16844", "NOM_RBD": "LICEO TECNICO PROFESIONAL PEOPLE HELP PEOPLE PULLINQUE", "exrbd": "16844-710", "Ciencias": 405.3, "Historia": 455.0, "Lenguaje": 510.0, "M1": 525.7, "M2": 404.6, "Obligatoria": 517.8 }, "geometry": { "type": "Point", "coordinates": [ -72.230392, -39.599049 ] } },
{ "type": "Feature", "properties": { "rbd": "16922", "NOM_RBD": "LICEO TECNICO PROFESIONAL DE ADULTOS CHILOE", "exrbd": "16922-363", "Ciencias": 365.3, "Historia": 0.0, "Lenguaje": 560.7, "M1": 549.3, "M2": 418.3, "Obligatoria": 555.0 }, "geometry": { "type": "Point", "coordinates": [ -73.761207, -42.482262 ] } },
{ "type": "Feature", "properties": { "rbd": "16923", "NOM_RBD": "THE BRITISH SCHOOL PATAGONIA", "exrbd": "16923-310", "Ciencias": 477.1, "Historia": 542.0, "Lenguaje": 648.4, "M1": 657.7, "M2": 462.5, "Obligatoria": 653.0 }, "geometry": { "type": "Point", "coordinates": [ -72.938507, -41.442249 ] } },
{ "type": "Feature", "properties": { "rbd": "16978", "NOM_RBD": "COLEGIO KOPERNIKUS", "exrbd": "16978-310", "Ciencias": 560.0, "Historia": 652.8, "Lenguaje": 737.1, "M1": 784.0, "M2": 463.6, "Obligatoria": 764.5 }, "geometry": { "type": "Point", "coordinates": [ -73.02744, -41.1351 ] } },
{ "type": "Feature", "properties": { "rbd": "16985", "NOM_RBD": "LICEO BICENTENARIO PAULO FREIRE", "exrbd": "16985-310", "Ciencias": 444.6, "Historia": 526.2, "Lenguaje": 615.9, "M1": 626.3, "M2": 472.4, "Obligatoria": 624.6 }, "geometry": { "type": "Point", "coordinates": [ -73.615433, -43.120121 ] } },
{ "type": "Feature", "properties": { "rbd": "20376", "NOM_RBD": "COLEGIO NUEVA ALERCE", "exrbd": "20376-310", "Ciencias": 401.5, "Historia": 404.7, "Lenguaje": 578.3, "M1": 557.9, "M2": 395.1, "Obligatoria": 573.6 }, "geometry": { "type": "Point", "coordinates": [ -72.897202, -41.3862 ] } },
{ "type": "Feature", "properties": { "rbd": "20409", "NOM_RBD": "ESCUELA HOSPITALARIA PUERTO MONTT", "exrbd": "20409-310", "Ciencias": 379.5, "Historia": 447.0, "Lenguaje": 479.0, "M1": 480.7, "M2": 0.0, "Obligatoria": 479.8 }, "geometry": { "type": "Point", "coordinates": [ -72.95726, -41.44917 ] } },
{ "type": "Feature", "properties": { "rbd": "20410", "NOM_RBD": "COLEGIO GENESIS", "exrbd": "20410-310", "Ciencias": 403.5, "Historia": 425.0, "Lenguaje": 520.1, "M1": 530.5, "M2": 389.0, "Obligatoria": 525.3 }, "geometry": { "type": "Point", "coordinates": [ -73.168701, -40.910599 ] } },
{ "type": "Feature", "properties": { "rbd": "20411", "NOM_RBD": "CENTRO DE EDUCACION DE ADULTOS ANDRES BELLO", "exrbd": "20411-363", "Ciencias": 364.5, "Historia": 444.0, "Lenguaje": 473.0, "M1": 328.0, "M2": 344.0, "Obligatoria": 400.5 }, "geometry": { "type": "Point", "coordinates": [ -73.16854551, -40.59114678 ] } },
{ "type": "Feature", "properties": { "rbd": "20601", "NOM_RBD": "COLEGIO TERRAVIDA", "exrbd": "20601-310", "Ciencias": 452.2, "Historia": 559.8, "Lenguaje": 650.9, "M1": 680.4, "M2": 418.6, "Obligatoria": 668.9 }, "geometry": { "type": "Point", "coordinates": [ -72.9883057, -41.3186951 ] } },
{ "type": "Feature", "properties": { "rbd": "22007", "NOM_RBD": "COLEGIO ARTISTICO SANTA CECILIA", "exrbd": "22007-310", "Ciencias": 442.5, "Historia": 467.5, "Lenguaje": 612.9, "M1": 630.4, "M2": 388.2, "Obligatoria": 620.9 }, "geometry": { "type": "Point", "coordinates": [ -73.1124115, -40.56474304 ] } },
{ "type": "Feature", "properties": { "rbd": "22012", "NOM_RBD": "LICEO PUNTA DE RIELES", "exrbd": "22012-410", "Ciencias": 381.3, "Historia": 392.0, "Lenguaje": 483.5, "M1": 500.8, "M2": 378.6, "Obligatoria": 492.9 }, "geometry": { "type": "Point", "coordinates": [ -73.461952, -41.398571 ] } },
{ "type": "Feature", "properties": { "rbd": "22012", "NOM_RBD": "LICEO PUNTA DE RIELES", "exrbd": "22012-710", "Ciencias": 377.6, "Historia": 363.6, "Lenguaje": 459.9, "M1": 470.3, "M2": 365.6, "Obligatoria": 465.1 }, "geometry": { "type": "Point", "coordinates": [ -73.461952, -41.398571 ] } },
{ "type": "Feature", "properties": { "rbd": "22014", "NOM_RBD": "COLEGIO BAQUEDANO", "exrbd": "22014-310", "Ciencias": 441.9, "Historia": 507.3, "Lenguaje": 582.8, "M1": 593.3, "M2": 375.9, "Obligatoria": 590.3 }, "geometry": { "type": "Point", "coordinates": [ -73.23893, -39.82272 ] } },
{ "type": "Feature", "properties": { "rbd": "22021", "NOM_RBD": "LICEO LAS AMERICAS", "exrbd": "22021-310", "Ciencias": 431.5, "Historia": 457.6, "Lenguaje": 574.5, "M1": 577.8, "M2": 409.5, "Obligatoria": 577.9 }, "geometry": { "type": "Point", "coordinates": [ -72.599861, -40.683739 ] } },
{ "type": "Feature", "properties": { "rbd": "22021", "NOM_RBD": "LICEO LAS AMERICAS", "exrbd": "22021-610", "Ciencias": 419.5, "Historia": 457.0, "Lenguaje": 587.7, "M1": 515.0, "M2": 0.0, "Obligatoria": 551.3 }, "geometry": { "type": "Point", "coordinates": [ -72.599861, -40.683739 ] } },
{ "type": "Feature", "properties": { "rbd": "22022", "NOM_RBD": "LICEO IGNACIO CARRERA PINTO", "exrbd": "22022-310", "Ciencias": 439.7, "Historia": 508.1, "Lenguaje": 608.6, "M1": 595.2, "M2": 406.1, "Obligatoria": 601.9 }, "geometry": { "type": "Point", "coordinates": [ -73.060463, -41.12944 ] } },
{ "type": "Feature", "properties": { "rbd": "22022", "NOM_RBD": "LICEO IGNACIO CARRERA PINTO", "exrbd": "22022-363", "Ciencias": 366.5, "Historia": 460.0, "Lenguaje": 522.5, "M1": 524.0, "M2": 384.3, "Obligatoria": 523.3 }, "geometry": { "type": "Point", "coordinates": [ -73.060463, -41.12944 ] } },
{ "type": "Feature", "properties": { "rbd": "22022", "NOM_RBD": "LICEO IGNACIO CARRERA PINTO", "exrbd": "22022-410", "Ciencias": 409.0, "Historia": 443.0, "Lenguaje": 558.8, "M1": 539.7, "M2": 386.2, "Obligatoria": 540.4 }, "geometry": { "type": "Point", "coordinates": [ -73.060463, -41.12944 ] } },
{ "type": "Feature", "properties": { "rbd": "22022", "NOM_RBD": "LICEO IGNACIO CARRERA PINTO", "exrbd": "22022-610", "Ciencias": 367.5, "Historia": 409.7, "Lenguaje": 508.1, "M1": 505.4, "M2": 382.0, "Obligatoria": 506.7 }, "geometry": { "type": "Point", "coordinates": [ -73.060463, -41.12944 ] } },
{ "type": "Feature", "properties": { "rbd": "22024", "NOM_RBD": "LICEO TECNICO PROFESIONAL RADIO 24", "exrbd": "22024-510", "Ciencias": 0.0, "Historia": 493.0, "Lenguaje": 710.0, "M1": 699.0, "M2": 0.0, "Obligatoria": 704.5 }, "geometry": { "type": "Point", "coordinates": [ -72.613541, -40.072392 ] } },
{ "type": "Feature", "properties": { "rbd": "22024", "NOM_RBD": "LICEO TECNICO PROFESIONAL RADIO 24", "exrbd": "22024-610", "Ciencias": 388.3, "Historia": 432.5, "Lenguaje": 485.7, "M1": 504.3, "M2": 349.0, "Obligatoria": 495.0 }, "geometry": { "type": "Point", "coordinates": [ -72.613541, -40.072392 ] } },
{ "type": "Feature", "properties": { "rbd": "22024", "NOM_RBD": "LICEO TECNICO PROFESIONAL RADIO 24", "exrbd": "22024-710", "Ciencias": 401.0, "Historia": 406.0, "Lenguaje": 472.0, "M1": 475.7, "M2": 0.0, "Obligatoria": 473.8 }, "geometry": { "type": "Point", "coordinates": [ -72.613541, -40.072392 ] } },
{ "type": "Feature", "properties": { "rbd": "22027", "NOM_RBD": "LICEO HORNOPIREN", "exrbd": "22027-310", "Ciencias": 397.7, "Historia": 455.1, "Lenguaje": 567.9, "M1": 573.7, "M2": 383.9, "Obligatoria": 570.8 }, "geometry": { "type": "Point", "coordinates": [ -72.469223, -41.967548 ] } },
{ "type": "Feature", "properties": { "rbd": "22027", "NOM_RBD": "LICEO HORNOPIREN", "exrbd": "22027-610", "Ciencias": 370.4, "Historia": 408.5, "Lenguaje": 479.0, "M1": 482.0, "M2": 385.0, "Obligatoria": 481.5 }, "geometry": { "type": "Point", "coordinates": [ -72.469223, -41.967548 ] } },
{ "type": "Feature", "properties": { "rbd": "22027", "NOM_RBD": "LICEO HORNOPIREN", "exrbd": "22027-810", "Ciencias": 391.0, "Historia": 414.5, "Lenguaje": 524.6, "M1": 590.6, "M2": 359.3, "Obligatoria": 557.6 }, "geometry": { "type": "Point", "coordinates": [ -72.469223, -41.967548 ] } },
{ "type": "Feature", "properties": { "rbd": "22029", "NOM_RBD": "COLEGIO STAR COLLEGE", "exrbd": "22029-310", "Ciencias": 518.5, "Historia": 527.2, "Lenguaje": 643.3, "M1": 709.3, "M2": 500.0, "Obligatoria": 676.3 }, "geometry": { "type": "Point", "coordinates": [ -73.12832483, -40.57797704 ] } },
{ "type": "Feature", "properties": { "rbd": "22050", "NOM_RBD": "LICEO BICENTENARIO DE EXCELENCIA BENJAMIN MUÑOZ GAMERO", "exrbd": "22050-310", "Ciencias": 440.0, "Historia": 418.0, "Lenguaje": 577.0, "M1": 582.2, "M2": 339.5, "Obligatoria": 579.6 }, "geometry": { "type": "Point", "coordinates": [ -72.881912, -40.974121 ] } },
{ "type": "Feature", "properties": { "rbd": "22050", "NOM_RBD": "LICEO BICENTENARIO DE EXCELENCIA BENJAMIN MUÑOZ GAMERO", "exrbd": "22050-610", "Ciencias": 373.3, "Historia": 483.5, "Lenguaje": 503.3, "M1": 549.3, "M2": 350.5, "Obligatoria": 532.3 }, "geometry": { "type": "Point", "coordinates": [ -72.881912, -40.974121 ] } },
{ "type": "Feature", "properties": { "rbd": "22065", "NOM_RBD": "COLEGIO SAN FRANCISCO DE ASIS", "exrbd": "22065-310", "Ciencias": 444.7, "Historia": 462.0, "Lenguaje": 584.4, "M1": 616.3, "M2": 391.6, "Obligatoria": 600.3 }, "geometry": { "type": "Point", "coordinates": [ -73.792427, -42.484379 ] } },
{ "type": "Feature", "properties": { "rbd": "22066", "NOM_RBD": "CENTRO DE EDUCACION DE ADULTOS PAULO FREIRE", "exrbd": "22066-363", "Ciencias": 346.0, "Historia": 418.0, "Lenguaje": 528.5, "M1": 436.0, "M2": 330.0, "Obligatoria": 482.3 }, "geometry": { "type": "Point", "coordinates": [ -73.59921, -41.61617 ] } },
{ "type": "Feature", "properties": { "rbd": "22083", "NOM_RBD": "COLEGIO ALMIRANTE JUAN JOSE LATORRE", "exrbd": "22083-310", "Ciencias": 475.3, "Historia": 477.7, "Lenguaje": 599.7, "M1": 599.1, "M2": 471.7, "Obligatoria": 599.4 }, "geometry": { "type": "Point", "coordinates": [ -72.709023, -42.917381 ] } },
{ "type": "Feature", "properties": { "rbd": "22084", "NOM_RBD": "LICEO POLITECNICO ANTULAFKEN", "exrbd": "22084-610", "Ciencias": 394.5, "Historia": 476.5, "Lenguaje": 573.0, "M1": 540.0, "M2": 382.0, "Obligatoria": 559.3 }, "geometry": { "type": "Point", "coordinates": [ -73.4681, -40.6055 ] } },
{ "type": "Feature", "properties": { "rbd": "22084", "NOM_RBD": "LICEO POLITECNICO ANTULAFKEN", "exrbd": "22084-710", "Ciencias": 398.0, "Historia": 458.0, "Lenguaje": 488.5, "M1": 507.3, "M2": 371.0, "Obligatoria": 497.9 }, "geometry": { "type": "Point", "coordinates": [ -73.4681, -40.6055 ] } },
{ "type": "Feature", "properties": { "rbd": "22086", "NOM_RBD": "LICEO RURAL LAS QUEMAS", "exrbd": "22086-310", "Ciencias": 415.0, "Historia": 458.2, "Lenguaje": 577.1, "M1": 562.8, "M2": 390.3, "Obligatoria": 569.9 }, "geometry": { "type": "Point", "coordinates": [ -73.178513, -41.4021 ] } },
{ "type": "Feature", "properties": { "rbd": "22089", "NOM_RBD": "C.E.I.A. SALOMON FUENTES MARTINEZ", "exrbd": "22089-363", "Ciencias": 458.0, "Historia": 479.0, "Lenguaje": 502.8, "M1": 554.3, "M2": 0.0, "Obligatoria": 528.5 }, "geometry": { "type": "Point", "coordinates": [ -73.82674, -41.862705 ] } },
{ "type": "Feature", "properties": { "rbd": "22113", "NOM_RBD": "LICEO FRAY PABLO DE ROYO", "exrbd": "22113-310", "Ciencias": 433.7, "Historia": 501.2, "Lenguaje": 574.2, "M1": 603.3, "M2": 401.7, "Obligatoria": 588.7 }, "geometry": { "type": "Point", "coordinates": [ -73.010597, -40.41259 ] } },
{ "type": "Feature", "properties": { "rbd": "22113", "NOM_RBD": "LICEO FRAY PABLO DE ROYO", "exrbd": "22113-610", "Ciencias": 368.3, "Historia": 364.0, "Lenguaje": 493.7, "M1": 501.5, "M2": 0.0, "Obligatoria": 497.6 }, "geometry": { "type": "Point", "coordinates": [ -73.010597, -40.41259 ] } },
{ "type": "Feature", "properties": { "rbd": "22113", "NOM_RBD": "LICEO FRAY PABLO DE ROYO", "exrbd": "22113-710", "Ciencias": 446.0, "Historia": 508.0, "Lenguaje": 531.7, "M1": 571.7, "M2": 0.0, "Obligatoria": 551.7 }, "geometry": { "type": "Point", "coordinates": [ -73.010597, -40.41259 ] } },
{ "type": "Feature", "properties": { "rbd": "22114", "NOM_RBD": "LICEO PREMILITAR HÉROES DE LA CONCEPCIÓN", "exrbd": "22114-310", "Ciencias": 398.8, "Historia": 462.5, "Lenguaje": 538.2, "M1": 541.6, "M2": 360.0, "Obligatoria": 540.8 }, "geometry": { "type": "Point", "coordinates": [ -73.123833, -40.57777 ] } },
{ "type": "Feature", "properties": { "rbd": "22140", "NOM_RBD": "LICEO BICENTENARIO INGENIERO RICARDO FENNER RUEDI", "exrbd": "22140-510", "Ciencias": 413.3, "Historia": 434.3, "Lenguaje": 547.7, "M1": 585.4, "M2": 374.9, "Obligatoria": 567.3 }, "geometry": { "type": "Point", "coordinates": [ -73.000214, -40.313129 ] } },
{ "type": "Feature", "properties": { "rbd": "22144", "NOM_RBD": "COLEGIO PUERTO VARAS", "exrbd": "22144-310", "Ciencias": 647.3, "Historia": 673.3, "Lenguaje": 733.1, "M1": 876.1, "M2": 542.9, "Obligatoria": 804.6 }, "geometry": { "type": "Point", "coordinates": [ -72.99248, -41.308345 ] } },
{ "type": "Feature", "properties": { "rbd": "22146", "NOM_RBD": "COLEGIO ABRAHAM LINCOLN", "exrbd": "22146-363", "Ciencias": 439.7, "Historia": 566.3, "Lenguaje": 508.8, "M1": 552.0, "M2": 414.0, "Obligatoria": 530.4 }, "geometry": { "type": "Point", "coordinates": [ -73.1518712, -40.5760759 ] } },
{ "type": "Feature", "properties": { "rbd": "22155", "NOM_RBD": "COLEGIO CARPE DIEM", "exrbd": "22155-310", "Ciencias": 516.3, "Historia": 545.3, "Lenguaje": 682.6, "M1": 717.5, "M2": 417.4, "Obligatoria": 700.1 }, "geometry": { "type": "Point", "coordinates": [ -73.777763, -42.450859 ] } },
{ "type": "Feature", "properties": { "rbd": "22158", "NOM_RBD": "ESCUELA PARTICULAR EL PRADO", "exrbd": "22158-363", "Ciencias": 425.0, "Historia": 0.0, "Lenguaje": 473.0, "M1": 392.0, "M2": 348.0, "Obligatoria": 432.5 }, "geometry": { "type": "Point", "coordinates": [ -72.948174, -40.255901 ] } },
{ "type": "Feature", "properties": { "rbd": "22160", "NOM_RBD": "MARTIN LUTHER KING COLLEGE", "exrbd": "22160-310", "Ciencias": 455.7, "Historia": 456.3, "Lenguaje": 575.0, "M1": 630.2, "M2": 425.4, "Obligatoria": 604.1 }, "geometry": { "type": "Point", "coordinates": [ -73.240349, -39.836231 ] } },
{ "type": "Feature", "properties": { "rbd": "22177", "NOM_RBD": "COLEGIO SAN LUIS DE ALBA", "exrbd": "22177-310", "Ciencias": 596.1, "Historia": 620.1, "Lenguaje": 733.8, "M1": 856.7, "M2": 521.3, "Obligatoria": 795.2 }, "geometry": { "type": "Point", "coordinates": [ -73.28399, -39.845222 ] } },
{ "type": "Feature", "properties": { "rbd": "22187", "NOM_RBD": "LICEO MANUEL BAQUEDANO", "exrbd": "22187-363", "Ciencias": 417.6, "Historia": 473.2, "Lenguaje": 522.9, "M1": 550.4, "M2": 354.6, "Obligatoria": 541.6 }, "geometry": { "type": "Point", "coordinates": [ -73.14259, -40.57116 ] } },
{ "type": "Feature", "properties": { "rbd": "22188", "NOM_RBD": "CENTRO EDUCACION ADULTOS ANDRES BELLO", "exrbd": "22188-363", "Ciencias": 426.0, "Historia": 432.8, "Lenguaje": 503.1, "M1": 485.6, "M2": 409.0, "Obligatoria": 494.4 }, "geometry": { "type": "Point", "coordinates": [ -73.23983, -39.817417 ] } },
{ "type": "Feature", "properties": { "rbd": "22189", "NOM_RBD": "LICEO SAN FRANCISCO", "exrbd": "22189-363", "Ciencias": 390.0, "Historia": 541.5, "Lenguaje": 562.7, "M1": 486.3, "M2": 0.0, "Obligatoria": 524.5 }, "geometry": { "type": "Point", "coordinates": [ -73.82398, -41.869675 ] } },
{ "type": "Feature", "properties": { "rbd": "22191", "NOM_RBD": "COLEGIO EMPRENDER OSORNO", "exrbd": "22191-310", "Ciencias": 505.9, "Historia": 573.3, "Lenguaje": 657.6, "M1": 663.5, "M2": 424.1, "Obligatoria": 660.5 }, "geometry": { "type": "Point", "coordinates": [ -73.165627, -40.573559 ] } },
{ "type": "Feature", "properties": { "rbd": "22191", "NOM_RBD": "COLEGIO EMPRENDER OSORNO", "exrbd": "22191-363", "Ciencias": 405.5, "Historia": 416.3, "Lenguaje": 521.4, "M1": 520.7, "M2": 0.0, "Obligatoria": 521.1 }, "geometry": { "type": "Point", "coordinates": [ -73.165627, -40.573559 ] } },
{ "type": "Feature", "properties": { "rbd": "22191", "NOM_RBD": "COLEGIO EMPRENDER OSORNO", "exrbd": "22191-510", "Ciencias": 410.5, "Historia": 458.4, "Lenguaje": 545.4, "M1": 562.8, "M2": 412.3, "Obligatoria": 555.3 }, "geometry": { "type": "Point", "coordinates": [ -73.165627, -40.573559 ] } },
{ "type": "Feature", "properties": { "rbd": "22192", "NOM_RBD": "COLEGIO CATOLICO BEATO FEDERICO OZANAM", "exrbd": "22192-310", "Ciencias": 474.3, "Historia": 564.2, "Lenguaje": 634.2, "M1": 652.6, "M2": 440.3, "Obligatoria": 644.2 }, "geometry": { "type": "Point", "coordinates": [ -72.983299, -41.47541 ] } },
{ "type": "Feature", "properties": { "rbd": "22196", "NOM_RBD": "COLEGIO QUELLON", "exrbd": "22196-310", "Ciencias": 437.9, "Historia": 498.1, "Lenguaje": 584.4, "M1": 615.7, "M2": 439.7, "Obligatoria": 601.5 }, "geometry": { "type": "Point", "coordinates": [ -73.591972, -43.117859 ] } },
{ "type": "Feature", "properties": { "rbd": "22200", "NOM_RBD": "INSTITUTO DEL PACIFICO", "exrbd": "22200-310", "Ciencias": 446.2, "Historia": 441.6, "Lenguaje": 564.0, "M1": 581.0, "M2": 404.3, "Obligatoria": 573.2 }, "geometry": { "type": "Point", "coordinates": [ -72.973877, -41.478931 ] } },
{ "type": "Feature", "properties": { "rbd": "22210", "NOM_RBD": "CENTRO EDUCACIONAL SAN ANDRES", "exrbd": "22210-310", "Ciencias": 491.7, "Historia": 601.6, "Lenguaje": 674.1, "M1": 705.8, "M2": 431.1, "Obligatoria": 689.9 }, "geometry": { "type": "Point", "coordinates": [ -73.83107, -41.866131 ] } },
{ "type": "Feature", "properties": { "rbd": "22211", "NOM_RBD": "COLEGIO CAHUALA INSULAR", "exrbd": "22211-310", "Ciencias": 576.4, "Historia": 644.0, "Lenguaje": 714.6, "M1": 778.5, "M2": 474.9, "Obligatoria": 746.5 }, "geometry": { "type": "Point", "coordinates": [ -73.765411, -42.432861 ] } },
{ "type": "Feature", "properties": { "rbd": "22218", "NOM_RBD": "COLEGIO PUFUDI", "exrbd": "22218-310", "Ciencias": 440.8, "Historia": 432.4, "Lenguaje": 573.7, "M1": 577.6, "M2": 391.5, "Obligatoria": 575.7 }, "geometry": { "type": "Point", "coordinates": [ -73.081787, -39.671108 ] } },
{ "type": "Feature", "properties": { "rbd": "22224", "NOM_RBD": "COLEGIO PROYECCION SIGLO XXI", "exrbd": "22224-310", "Ciencias": 537.2, "Historia": 565.2, "Lenguaje": 681.7, "M1": 670.2, "M2": 423.7, "Obligatoria": 676.0 }, "geometry": { "type": "Point", "coordinates": [ -73.123711, -40.57008 ] } },
{ "type": "Feature", "properties": { "rbd": "22230", "NOM_RBD": "COLEGIO JUAN XXIII", "exrbd": "22230-363", "Ciencias": 423.0, "Historia": 311.0, "Lenguaje": 446.0, "M1": 557.0, "M2": 0.0, "Obligatoria": 501.5 }, "geometry": { "type": "Point", "coordinates": [ -73.164787, -40.582729 ] } },
{ "type": "Feature", "properties": { "rbd": "22231", "NOM_RBD": "COLEGIO DOMUS MATER", "exrbd": "22231-310", "Ciencias": 523.9, "Historia": 623.3, "Lenguaje": 697.1, "M1": 734.6, "M2": 459.1, "Obligatoria": 715.8 }, "geometry": { "type": "Point", "coordinates": [ -73.2464629, -39.82877244 ] } },
{ "type": "Feature", "properties": { "rbd": "22234", "NOM_RBD": "COLEGIO SAN VICENTE DE PAUL", "exrbd": "22234-310", "Ciencias": 423.2, "Historia": 488.7, "Lenguaje": 617.5, "M1": 615.5, "M2": 379.8, "Obligatoria": 616.5 }, "geometry": { "type": "Point", "coordinates": [ -72.885933, -40.97234 ] } },
{ "type": "Feature", "properties": { "rbd": "22236", "NOM_RBD": "BLAS PASCAL SCHOOL", "exrbd": "22236-310", "Ciencias": 505.7, "Historia": 538.4, "Lenguaje": 662.6, "M1": 691.4, "M2": 454.9, "Obligatoria": 677.0 }, "geometry": { "type": "Point", "coordinates": [ -73.134857, -40.57732 ] } },
{ "type": "Feature", "properties": { "rbd": "22262", "NOM_RBD": "COLEGIO SAN CRISTOBAL", "exrbd": "22262-310", "Ciencias": 445.5, "Historia": 550.3, "Lenguaje": 599.9, "M1": 655.7, "M2": 415.3, "Obligatoria": 629.6 }, "geometry": { "type": "Point", "coordinates": [ -73.462624, -41.398899 ] } },
{ "type": "Feature", "properties": { "rbd": "22262", "NOM_RBD": "COLEGIO SAN CRISTOBAL", "exrbd": "22262-610", "Ciencias": 439.7, "Historia": 487.7, "Lenguaje": 566.5, "M1": 619.9, "M2": 395.3, "Obligatoria": 593.2 }, "geometry": { "type": "Point", "coordinates": [ -73.462624, -41.398899 ] } },
{ "type": "Feature", "properties": { "rbd": "22271", "NOM_RBD": "COLEGIO LUIS PASTEUR", "exrbd": "22271-310", "Ciencias": 433.9, "Historia": 446.2, "Lenguaje": 561.4, "M1": 527.2, "M2": 361.0, "Obligatoria": 544.3 }, "geometry": { "type": "Point", "coordinates": [ -73.131599, -40.571178 ] } },
{ "type": "Feature", "properties": { "rbd": "22271", "NOM_RBD": "COLEGIO LUIS PASTEUR", "exrbd": "22271-610", "Ciencias": 408.8, "Historia": 448.6, "Lenguaje": 541.5, "M1": 547.6, "M2": 373.8, "Obligatoria": 544.0 }, "geometry": { "type": "Point", "coordinates": [ -73.131599, -40.571178 ] } },
{ "type": "Feature", "properties": { "rbd": "22276", "NOM_RBD": "LICEO DE ADULTOS CRECER OSORNO", "exrbd": "22276-363", "Ciencias": 381.0, "Historia": 416.0, "Lenguaje": 547.0, "M1": 557.0, "M2": 376.7, "Obligatoria": 551.4 }, "geometry": { "type": "Point", "coordinates": [ -73.132355, -40.57791 ] } },
{ "type": "Feature", "properties": { "rbd": "22296", "NOM_RBD": "CORPORACION DE EDUCACION LA ARAUCANA", "exrbd": "22296-363", "Ciencias": 416.3, "Historia": 419.9, "Lenguaje": 522.2, "M1": 520.5, "M2": 385.7, "Obligatoria": 521.4 }, "geometry": { "type": "Point", "coordinates": [ -72.947685, -41.47118 ] } },
{ "type": "Feature", "properties": { "rbd": "22306", "NOM_RBD": "COLEGIO PUERTO MONTT", "exrbd": "22306-310", "Ciencias": 414.4, "Historia": 451.6, "Lenguaje": 555.4, "M1": 556.5, "M2": 404.0, "Obligatoria": 553.2 }, "geometry": { "type": "Point", "coordinates": [ -72.932503, -41.47007 ] } },
{ "type": "Feature", "properties": { "rbd": "22307", "NOM_RBD": "CENTRO DE EDUCACION DE ADULTOS QUELLON", "exrbd": "22307-363", "Ciencias": 588.0, "Historia": 479.5, "Lenguaje": 584.8, "M1": 591.0, "M2": 645.0, "Obligatoria": 587.9 }, "geometry": { "type": "Point", "coordinates": [ -73.61498, -43.114265 ] } },
{ "type": "Feature", "properties": { "rbd": "22309", "NOM_RBD": "COLEGIO INGLÉS MABEL CONDEMARÍN", "exrbd": "22309-310", "Ciencias": 405.3, "Historia": 459.3, "Lenguaje": 526.3, "M1": 557.6, "M2": 397.1, "Obligatoria": 543.4 }, "geometry": { "type": "Point", "coordinates": [ -73.459396, -41.397072 ] } },
{ "type": "Feature", "properties": { "rbd": "22313", "NOM_RBD": "COLEGIO CARDENAL RAUL SILVA HENRIQUEZ", "exrbd": "22313-310", "Ciencias": 482.8, "Historia": 416.2, "Lenguaje": 572.3, "M1": 614.3, "M2": 0.0, "Obligatoria": 593.3 }, "geometry": { "type": "Point", "coordinates": [ -72.863388, -40.06955 ] } },
{ "type": "Feature", "properties": { "rbd": "22317", "NOM_RBD": "COLEGIO SAN ANTONIO", "exrbd": "22317-363", "Ciencias": 0.0, "Historia": 0.0, "Lenguaje": 409.0, "M1": 424.0, "M2": 0.0, "Obligatoria": 416.5 }, "geometry": { "type": "Point", "coordinates": [ -72.759003, -40.063461 ] } },
{ "type": "Feature", "properties": { "rbd": "22317", "NOM_RBD": "COLEGIO SAN ANTONIO", "exrbd": "22317-410", "Ciencias": 420.5, "Historia": 481.1, "Lenguaje": 560.2, "M1": 579.6, "M2": 389.2, "Obligatoria": 569.9 }, "geometry": { "type": "Point", "coordinates": [ -72.759003, -40.063461 ] } },
{ "type": "Feature", "properties": { "rbd": "22317", "NOM_RBD": "COLEGIO SAN ANTONIO", "exrbd": "22317-710", "Ciencias": 383.1, "Historia": 441.6, "Lenguaje": 506.0, "M1": 491.1, "M2": 337.0, "Obligatoria": 501.4 }, "geometry": { "type": "Point", "coordinates": [ -72.759003, -40.063461 ] } },
{ "type": "Feature", "properties": { "rbd": "22322", "NOM_RBD": "DHARMA COLLEGE", "exrbd": "22322-310", "Ciencias": 412.5, "Historia": 494.0, "Lenguaje": 557.6, "M1": 562.9, "M2": 361.5, "Obligatoria": 560.2 }, "geometry": { "type": "Point", "coordinates": [ -73.162086, -40.91296 ] } },
{ "type": "Feature", "properties": { "rbd": "22330", "NOM_RBD": "CENTRO EDUCACIONAL SAN AGUSTIN", "exrbd": "22330-310", "Ciencias": 481.6, "Historia": 541.1, "Lenguaje": 657.1, "M1": 709.3, "M2": 450.7, "Obligatoria": 683.2 }, "geometry": { "type": "Point", "coordinates": [ -73.649193, -43.12376 ] } },
{ "type": "Feature", "properties": { "rbd": "22351", "NOM_RBD": "INSTITUTO INMACULADA CONCEPCION", "exrbd": "22351-310", "Ciencias": 538.2, "Historia": 574.0, "Lenguaje": 690.9, "M1": 730.9, "M2": 511.9, "Obligatoria": 710.9 }, "geometry": { "type": "Point", "coordinates": [ -73.246437, -39.81818 ] } },
{ "type": "Feature", "properties": { "rbd": "22354", "NOM_RBD": "ESCUELA EL MAITEN", "exrbd": "22354-363", "Ciencias": 359.0, "Historia": 398.0, "Lenguaje": 439.3, "M1": 403.8, "M2": 0.0, "Obligatoria": 421.5 }, "geometry": { "type": "Point", "coordinates": [ -73.086807, -40.306862 ] } },
{ "type": "Feature", "properties": { "rbd": "22355", "NOM_RBD": "COLEGIO SAN ANDRES", "exrbd": "22355-363", "Ciencias": 329.0, "Historia": 415.0, "Lenguaje": 446.0, "M1": 481.5, "M2": 326.0, "Obligatoria": 463.8 }, "geometry": { "type": "Point", "coordinates": [ -73.111313, -40.584381 ] } },
{ "type": "Feature", "properties": { "rbd": "22356", "NOM_RBD": "COLEGIO PAIDEIA", "exrbd": "22356-310", "Ciencias": 448.1, "Historia": 521.6, "Lenguaje": 617.8, "M1": 619.6, "M2": 402.7, "Obligatoria": 619.0 }, "geometry": { "type": "Point", "coordinates": [ -72.929161, -41.457722 ] } },
{ "type": "Feature", "properties": { "rbd": "22358", "NOM_RBD": "COLEGIO INGLES", "exrbd": "22358-310", "Ciencias": 399.9, "Historia": 463.1, "Lenguaje": 549.3, "M1": 562.3, "M2": 407.6, "Obligatoria": 555.8 }, "geometry": { "type": "Point", "coordinates": [ -73.154297, -40.915871 ] } },
{ "type": "Feature", "properties": { "rbd": "22361", "NOM_RBD": "COLEGIO PARTICULAR ANTARES DE ALERCE", "exrbd": "22361-363", "Ciencias": 413.0, "Historia": 0.0, "Lenguaje": 489.0, "M1": 513.0, "M2": 309.0, "Obligatoria": 501.0 }, "geometry": { "type": "Point", "coordinates": [ -72.910263, -41.39912 ] } },
{ "type": "Feature", "properties": { "rbd": "22372", "NOM_RBD": "COMPLEJO EDUCACIONAL SAN CRESCENTE", "exrbd": "22372-310", "Ciencias": 527.2, "Historia": 521.5, "Lenguaje": 667.1, "M1": 667.2, "M2": 443.1, "Obligatoria": 668.0 }, "geometry": { "type": "Point", "coordinates": [ -73.772667, -42.442402 ] } },
{ "type": "Feature", "properties": { "rbd": "22374", "NOM_RBD": "INSTITUTO TECNOLOGICO DEL SUR", "exrbd": "22374-310", "Ciencias": 372.8, "Historia": 359.0, "Lenguaje": 485.6, "M1": 517.3, "M2": 389.0, "Obligatoria": 501.5 }, "geometry": { "type": "Point", "coordinates": [ -73.214104, -39.823311 ] } },
{ "type": "Feature", "properties": { "rbd": "22374", "NOM_RBD": "INSTITUTO TECNOLOGICO DEL SUR", "exrbd": "22374-363", "Ciencias": 345.3, "Historia": 414.5, "Lenguaje": 400.0, "M1": 436.7, "M2": 354.0, "Obligatoria": 406.0 }, "geometry": { "type": "Point", "coordinates": [ -73.214104, -39.823311 ] } },
{ "type": "Feature", "properties": { "rbd": "22388", "NOM_RBD": "CENTRO DE EDUC. DE ADULTOS SANDROCK", "exrbd": "22388-363", "Ciencias": 395.6, "Historia": 452.9, "Lenguaje": 569.3, "M1": 555.6, "M2": 326.5, "Obligatoria": 565.6 }, "geometry": { "type": "Point", "coordinates": [ -73.24007, -39.81233 ] } },
{ "type": "Feature", "properties": { "rbd": "22397", "NOM_RBD": "COLEGIO TECNICO PROFESIONAL SANTA TERESA DE LOS ANDES", "exrbd": "22397-610", "Ciencias": 396.3, "Historia": 398.1, "Lenguaje": 534.7, "M1": 497.3, "M2": 396.0, "Obligatoria": 516.0 }, "geometry": { "type": "Point", "coordinates": [ -73.136368, -40.57019 ] } },
{ "type": "Feature", "properties": { "rbd": "22398", "NOM_RBD": "COLEGIO ALIWEN", "exrbd": "22398-310", "Ciencias": 467.7, "Historia": 519.1, "Lenguaje": 629.4, "M1": 625.6, "M2": 442.3, "Obligatoria": 627.5 }, "geometry": { "type": "Point", "coordinates": [ -73.250214, -39.827862 ] } },
{ "type": "Feature", "properties": { "rbd": "22401", "NOM_RBD": "CENTRO DE EDUCACION DE ADULTOS ESMERALDA", "exrbd": "22401-363", "Ciencias": 455.5, "Historia": 504.0, "Lenguaje": 534.0, "M1": 571.2, "M2": 348.0, "Obligatoria": 552.6 }, "geometry": { "type": "Point", "coordinates": [ -73.81967, -41.868134 ] } },
{ "type": "Feature", "properties": { "rbd": "22403", "NOM_RBD": "LICEO DE CULTURA Y DIFUSIÓN ARTÍSTICA DE CHILOE", "exrbd": "22403-310", "Ciencias": 498.7, "Historia": 498.1, "Lenguaje": 621.8, "M1": 662.7, "M2": 419.3, "Obligatoria": 642.5 }, "geometry": { "type": "Point", "coordinates": [ -73.76136017, -42.48294067 ] } },
{ "type": "Feature", "properties": { "rbd": "22405", "NOM_RBD": "CENTRO EDUCACIONAL DE ADULTOS DIEGO PORTALES", "exrbd": "22405-363", "Ciencias": 438.2, "Historia": 421.1, "Lenguaje": 553.6, "M1": 568.8, "M2": 449.0, "Obligatoria": 561.2 }, "geometry": { "type": "Point", "coordinates": [ -73.12895, -40.576187 ] } },
{ "type": "Feature", "properties": { "rbd": "22410", "NOM_RBD": "COLEGIO CREACION OSORNO", "exrbd": "22410-310", "Ciencias": 492.9, "Historia": 521.6, "Lenguaje": 624.9, "M1": 683.0, "M2": 433.5, "Obligatoria": 654.0 }, "geometry": { "type": "Point", "coordinates": [ -73.105797, -40.58075 ] } },
{ "type": "Feature", "properties": { "rbd": "22415", "NOM_RBD": "INST. SUPERIOR DE ADMINISTRACION Y TURISMO", "exrbd": "22415-410", "Ciencias": 388.5, "Historia": 409.5, "Lenguaje": 516.7, "M1": 584.7, "M2": 0.0, "Obligatoria": 550.7 }, "geometry": { "type": "Point", "coordinates": [ -73.246109, -39.825958 ] } },
{ "type": "Feature", "properties": { "rbd": "22415", "NOM_RBD": "INST. SUPERIOR DE ADMINISTRACION Y TURISMO", "exrbd": "22415-510", "Ciencias": 422.7, "Historia": 458.0, "Lenguaje": 511.8, "M1": 570.2, "M2": 420.5, "Obligatoria": 539.7 }, "geometry": { "type": "Point", "coordinates": [ -73.246109, -39.825958 ] } },
{ "type": "Feature", "properties": { "rbd": "22415", "NOM_RBD": "INST. SUPERIOR DE ADMINISTRACION Y TURISMO", "exrbd": "22415-610", "Ciencias": 0.0, "Historia": 500.0, "Lenguaje": 576.0, "M1": 502.0, "M2": 0.0, "Obligatoria": 539.0 }, "geometry": { "type": "Point", "coordinates": [ -73.246109, -39.825958 ] } },
{ "type": "Feature", "properties": { "rbd": "22434", "NOM_RBD": "COLEGIO DOMINGO SANTA MARIA", "exrbd": "22434-310", "Ciencias": 508.0, "Historia": 556.6, "Lenguaje": 645.9, "M1": 681.9, "M2": 476.8, "Obligatoria": 664.4 }, "geometry": { "type": "Point", "coordinates": [ -72.985069, -41.470119 ] } },
{ "type": "Feature", "properties": { "rbd": "22436", "NOM_RBD": "THE MISSION COLLEGE", "exrbd": "22436-410", "Ciencias": 430.8, "Historia": 521.1, "Lenguaje": 642.5, "M1": 621.9, "M2": 395.0, "Obligatoria": 628.2 }, "geometry": { "type": "Point", "coordinates": [ -73.169907, -40.55851 ] } },
{ "type": "Feature", "properties": { "rbd": "22436", "NOM_RBD": "THE MISSION COLLEGE", "exrbd": "22436-510", "Ciencias": 399.7, "Historia": 458.5, "Lenguaje": 542.8, "M1": 563.2, "M2": 362.7, "Obligatoria": 553.0 }, "geometry": { "type": "Point", "coordinates": [ -73.169907, -40.55851 ] } },
{ "type": "Feature", "properties": { "rbd": "22436", "NOM_RBD": "THE MISSION COLLEGE", "exrbd": "22436-610", "Ciencias": 394.5, "Historia": 462.5, "Lenguaje": 559.9, "M1": 559.3, "M2": 383.8, "Obligatoria": 559.6 }, "geometry": { "type": "Point", "coordinates": [ -73.169907, -40.55851 ] } },
{ "type": "Feature", "properties": { "rbd": "22445", "NOM_RBD": "CENTRO DE EDUC. DE ADULTOS ELIER", "exrbd": "22445-363", "Ciencias": 418.0, "Historia": 0.0, "Lenguaje": 388.0, "M1": 465.0, "M2": 0.0, "Obligatoria": 426.5 }, "geometry": { "type": "Point", "coordinates": [ -73.13982, -40.30125 ] } },
{ "type": "Feature", "properties": { "rbd": "22446", "NOM_RBD": "CENT.EDUC.INTEG.ADULTOS PROFASOC", "exrbd": "22446-363", "Ciencias": 0.0, "Historia": 470.0, "Lenguaje": 492.0, "M1": 437.5, "M2": 0.0, "Obligatoria": 464.8 }, "geometry": { "type": "Point", "coordinates": [ -72.95494, -40.331173 ] } },
{ "type": "Feature", "properties": { "rbd": "22459", "NOM_RBD": "COLEGIO LAICO VALDIVIA", "exrbd": "22459-310", "Ciencias": 431.4, "Historia": 549.1, "Lenguaje": 638.4, "M1": 635.9, "M2": 409.5, "Obligatoria": 637.1 }, "geometry": { "type": "Point", "coordinates": [ -73.239349, -39.82761 ] } },
{ "type": "Feature", "properties": { "rbd": "22461", "NOM_RBD": "COLEGIO NUEVO HORIZONTE", "exrbd": "22461-310", "Ciencias": 453.9, "Historia": 477.1, "Lenguaje": 604.2, "M1": 598.4, "M2": 411.0, "Obligatoria": 601.5 }, "geometry": { "type": "Point", "coordinates": [ -72.927872, -41.47121 ] } },
{ "type": "Feature", "properties": { "rbd": "22462", "NOM_RBD": "COLEGIO BERNARDO FELMER NIKLITSCHEK", "exrbd": "22462-310", "Ciencias": 441.6, "Historia": 454.6, "Lenguaje": 582.4, "M1": 600.5, "M2": 431.8, "Obligatoria": 595.7 }, "geometry": { "type": "Point", "coordinates": [ -72.76358, -39.451241 ] } },
{ "type": "Feature", "properties": { "rbd": "22462", "NOM_RBD": "COLEGIO BERNARDO FELMER NIKLITSCHEK", "exrbd": "22462-610", "Ciencias": 390.0, "Historia": 414.9, "Lenguaje": 492.0, "M1": 507.3, "M2": 386.0, "Obligatoria": 501.3 }, "geometry": { "type": "Point", "coordinates": [ -72.76358, -39.451241 ] } },
{ "type": "Feature", "properties": { "rbd": "22462", "NOM_RBD": "COLEGIO BERNARDO FELMER NIKLITSCHEK", "exrbd": "22462-710", "Ciencias": 377.4, "Historia": 401.7, "Lenguaje": 467.3, "M1": 497.8, "M2": 389.8, "Obligatoria": 488.4 }, "geometry": { "type": "Point", "coordinates": [ -72.76358, -39.451241 ] } },
{ "type": "Feature", "properties": { "rbd": "22464", "NOM_RBD": "LICEO BICENTENARIO DE EXCELENCIA DE DALCAHUE", "exrbd": "22464-310", "Ciencias": 475.0, "Historia": 447.9, "Lenguaje": 572.9, "M1": 607.8, "M2": 413.0, "Obligatoria": 592.5 }, "geometry": { "type": "Point", "coordinates": [ -73.653458, -42.373409 ] } },
{ "type": "Feature", "properties": { "rbd": "22464", "NOM_RBD": "LICEO BICENTENARIO DE EXCELENCIA DE DALCAHUE", "exrbd": "22464-363", "Ciencias": 434.5, "Historia": 387.8, "Lenguaje": 471.5, "M1": 493.0, "M2": 328.0, "Obligatoria": 488.5 }, "geometry": { "type": "Point", "coordinates": [ -73.653458, -42.373409 ] } },
{ "type": "Feature", "properties": { "rbd": "22464", "NOM_RBD": "LICEO BICENTENARIO DE EXCELENCIA DE DALCAHUE", "exrbd": "22464-410", "Ciencias": 425.7, "Historia": 497.7, "Lenguaje": 574.7, "M1": 562.5, "M2": 357.8, "Obligatoria": 568.6 }, "geometry": { "type": "Point", "coordinates": [ -73.653458, -42.373409 ] } },
{ "type": "Feature", "properties": { "rbd": "22464", "NOM_RBD": "LICEO BICENTENARIO DE EXCELENCIA DE DALCAHUE", "exrbd": "22464-510", "Ciencias": 394.0, "Historia": 426.4, "Lenguaje": 619.4, "M1": 595.2, "M2": 428.3, "Obligatoria": 607.3 }, "geometry": { "type": "Point", "coordinates": [ -73.653458, -42.373409 ] } },
{ "type": "Feature", "properties": { "rbd": "22466", "NOM_RBD": "LICEO DE ADMINISTRACION Y COMERCIO SAN SEBASTIAN", "exrbd": "22466-363", "Ciencias": 364.3, "Historia": 388.3, "Lenguaje": 517.5, "M1": 447.2, "M2": 0.0, "Obligatoria": 479.0 }, "geometry": { "type": "Point", "coordinates": [ -73.13899618, -40.57153083 ] } },
{ "type": "Feature", "properties": { "rbd": "22467", "NOM_RBD": "COLEGIO LAFQUEN MONTESSORI PUERTO MONTT", "exrbd": "22467-310", "Ciencias": 464.9, "Historia": 558.4, "Lenguaje": 671.9, "M1": 673.3, "M2": 453.0, "Obligatoria": 672.6 }, "geometry": { "type": "Point", "coordinates": [ -72.92817129, -41.4713665 ] } },
{ "type": "Feature", "properties": { "rbd": "22473", "NOM_RBD": "INSTITUTO APRENDER", "exrbd": "22473-363", "Ciencias": 390.7, "Historia": 539.3, "Lenguaje": 536.5, "M1": 508.3, "M2": 365.5, "Obligatoria": 522.4 }, "geometry": { "type": "Point", "coordinates": [ -72.9644459, -41.475513 ] } },
{ "type": "Feature", "properties": { "rbd": "22475", "NOM_RBD": "INSTITUTO APRENDER", "exrbd": "22475-363", "Ciencias": 371.0, "Historia": 418.0, "Lenguaje": 500.0, "M1": 502.0, "M2": 0.0, "Obligatoria": 501.0 }, "geometry": { "type": "Point", "coordinates": [ -73.417206, -41.15319 ] } },
{ "type": "Feature", "properties": { "rbd": "22476", "NOM_RBD": "COLEGIO SAN JOSE", "exrbd": "22476-363", "Ciencias": 591.5, "Historia": 593.0, "Lenguaje": 789.5, "M1": 690.5, "M2": 366.0, "Obligatoria": 740.0 }, "geometry": { "type": "Point", "coordinates": [ -72.951019, -39.536572 ] } },
{ "type": "Feature", "properties": { "rbd": "22478", "NOM_RBD": "COLEGIO VENCEDOR", "exrbd": "22478-610", "Ciencias": 406.4, "Historia": 441.7, "Lenguaje": 564.5, "M1": 565.7, "M2": 404.1, "Obligatoria": 568.4 }, "geometry": { "type": "Point", "coordinates": [ -72.69339, -41.316269 ] } },
{ "type": "Feature", "properties": { "rbd": "22482", "NOM_RBD": "CENTRO EDUCACIONAL AMANCAY", "exrbd": "22482-363", "Ciencias": 454.0, "Historia": 457.3, "Lenguaje": 569.0, "M1": 532.5, "M2": 408.3, "Obligatoria": 539.9 }, "geometry": { "type": "Point", "coordinates": [ -72.92685, -41.46865 ] } },
{ "type": "Feature", "properties": { "rbd": "22483", "NOM_RBD": "LICEO BICENTENARIO DE EXCELENCIA ALTAMIRA", "exrbd": "22483-310", "Ciencias": 466.7, "Historia": 513.8, "Lenguaje": 619.5, "M1": 644.2, "M2": 398.3, "Obligatoria": 632.6 }, "geometry": { "type": "Point", "coordinates": [ -72.343857, -39.635559 ] } },
{ "type": "Feature", "properties": { "rbd": "22485", "NOM_RBD": "COLEGIO DE ADULTOS PUDETO", "exrbd": "22485-363", "Ciencias": 595.0, "Historia": 0.0, "Lenguaje": 715.0, "M1": 767.0, "M2": 0.0, "Obligatoria": 741.0 }, "geometry": { "type": "Point", "coordinates": [ -73.82203, -41.86451 ] } },
{ "type": "Feature", "properties": { "rbd": "22494", "NOM_RBD": "LICEO TECNICO PROFESIONAL AGRICOLA MARITIMO BOSQUE NATIVO", "exrbd": "22494-410", "Ciencias": 417.9, "Historia": 459.4, "Lenguaje": 589.8, "M1": 590.3, "M2": 391.3, "Obligatoria": 589.9 }, "geometry": { "type": "Point", "coordinates": [ -72.98497, -41.462372 ] } },
{ "type": "Feature", "properties": { "rbd": "22494", "NOM_RBD": "LICEO TECNICO PROFESIONAL AGRICOLA MARITIMO BOSQUE NATIVO", "exrbd": "22494-610", "Ciencias": 405.9, "Historia": 425.1, "Lenguaje": 554.3, "M1": 544.1, "M2": 349.0, "Obligatoria": 550.0 }, "geometry": { "type": "Point", "coordinates": [ -72.98497, -41.462372 ] } },
{ "type": "Feature", "properties": { "rbd": "22494", "NOM_RBD": "LICEO TECNICO PROFESIONAL AGRICOLA MARITIMO BOSQUE NATIVO", "exrbd": "22494-710", "Ciencias": 365.7, "Historia": 450.0, "Lenguaje": 567.0, "M1": 523.3, "M2": 349.0, "Obligatoria": 545.2 }, "geometry": { "type": "Point", "coordinates": [ -72.98497, -41.462372 ] } },
{ "type": "Feature", "properties": { "rbd": "22494", "NOM_RBD": "LICEO TECNICO PROFESIONAL AGRICOLA MARITIMO BOSQUE NATIVO", "exrbd": "22494-810", "Ciencias": 408.6, "Historia": 415.3, "Lenguaje": 515.6, "M1": 545.7, "M2": 0.0, "Obligatoria": 526.7 }, "geometry": { "type": "Point", "coordinates": [ -72.98497, -41.462372 ] } },
{ "type": "Feature", "properties": { "rbd": "22495", "NOM_RBD": "COLEGIO PARTICULAR CARDENAL RAUL SILVA HENRIQ", "exrbd": "22495-310", "Ciencias": 436.9, "Historia": 441.5, "Lenguaje": 542.5, "M1": 547.0, "M2": 354.3, "Obligatoria": 546.8 }, "geometry": { "type": "Point", "coordinates": [ -72.949303, -40.33329 ] } },
{ "type": "Feature", "properties": { "rbd": "22496", "NOM_RBD": "CENTRO EDUCACIONAL SAN NICOLAS", "exrbd": "22496-310", "Ciencias": 400.9, "Historia": 463.0, "Lenguaje": 568.4, "M1": 593.7, "M2": 453.0, "Obligatoria": 581.0 }, "geometry": { "type": "Point", "coordinates": [ -73.229172, -39.855919 ] } },
{ "type": "Feature", "properties": { "rbd": "22496", "NOM_RBD": "CENTRO EDUCACIONAL SAN NICOLAS", "exrbd": "22496-363", "Ciencias": 330.0, "Historia": 0.0, "Lenguaje": 438.5, "M1": 453.5, "M2": 382.0, "Obligatoria": 446.0 }, "geometry": { "type": "Point", "coordinates": [ -73.229172, -39.855919 ] } },
{ "type": "Feature", "properties": { "rbd": "22499", "NOM_RBD": "INSTITUTO INGLES ANTUQUENU", "exrbd": "22499-310", "Ciencias": 464.7, "Historia": 508.9, "Lenguaje": 619.2, "M1": 624.2, "M2": 408.0, "Obligatoria": 624.2 }, "geometry": { "type": "Point", "coordinates": [ -72.905678, -41.40593 ] } },
{ "type": "Feature", "properties": { "rbd": "22499", "NOM_RBD": "INSTITUTO INGLES ANTUQUENU", "exrbd": "22499-363", "Ciencias": 415.5, "Historia": 0.0, "Lenguaje": 536.5, "M1": 612.5, "M2": 0.0, "Obligatoria": 574.5 }, "geometry": { "type": "Point", "coordinates": [ -72.905678, -41.40593 ] } },
{ "type": "Feature", "properties": { "rbd": "22499", "NOM_RBD": "INSTITUTO INGLES ANTUQUENU", "exrbd": "22499-510", "Ciencias": 454.3, "Historia": 522.1, "Lenguaje": 590.1, "M1": 623.3, "M2": 431.8, "Obligatoria": 610.9 }, "geometry": { "type": "Point", "coordinates": [ -72.905678, -41.40593 ] } },
{ "type": "Feature", "properties": { "rbd": "22499", "NOM_RBD": "INSTITUTO INGLES ANTUQUENU", "exrbd": "22499-610", "Ciencias": 398.8, "Historia": 482.3, "Lenguaje": 555.1, "M1": 562.1, "M2": 367.7, "Obligatoria": 560.4 }, "geometry": { "type": "Point", "coordinates": [ -72.905678, -41.40593 ] } },
{ "type": "Feature", "properties": { "rbd": "22503", "NOM_RBD": "COLEGIO AGUILAS DEL SUR", "exrbd": "22503-363", "Ciencias": 373.0, "Historia": 418.0, "Lenguaje": 443.5, "M1": 420.0, "M2": 409.0, "Obligatoria": 431.8 }, "geometry": { "type": "Point", "coordinates": [ -73.07504, -40.299484 ] } },
{ "type": "Feature", "properties": { "rbd": "22504", "NOM_RBD": "LICEO FRANCISCO COLOANE", "exrbd": "22504-310", "Ciencias": 376.2, "Historia": 426.6, "Lenguaje": 509.4, "M1": 520.8, "M2": 392.8, "Obligatoria": 515.2 }, "geometry": { "type": "Point", "coordinates": [ -73.784348, -42.465179 ] } },
{ "type": "Feature", "properties": { "rbd": "22505", "NOM_RBD": "COLEGIO CHARLES DARWIN DE ANCUD", "exrbd": "22505-310", "Ciencias": 423.6, "Historia": 495.0, "Lenguaje": 589.5, "M1": 608.1, "M2": 423.0, "Obligatoria": 598.8 }, "geometry": { "type": "Point", "coordinates": [ -73.823769, -41.862129 ] } },
{ "type": "Feature", "properties": { "rbd": "22506", "NOM_RBD": "COLEGIO PUMAHUE", "exrbd": "22506-310", "Ciencias": 593.0, "Historia": 679.4, "Lenguaje": 731.4, "M1": 782.9, "M2": 496.2, "Obligatoria": 757.2 }, "geometry": { "type": "Point", "coordinates": [ -72.92188, -41.450375 ] } },
{ "type": "Feature", "properties": { "rbd": "22514", "NOM_RBD": "CENTRO INTEGRAL DE ADULTOS TREUCANCHE", "exrbd": "22514-363", "Ciencias": 0.0, "Historia": 0.0, "Lenguaje": 477.0, "M1": 579.0, "M2": 0.0, "Obligatoria": 528.0 }, "geometry": { "type": "Point", "coordinates": [ -72.02036, -39.566563 ] } },
{ "type": "Feature", "properties": { "rbd": "22516", "NOM_RBD": "INSTITUTO CRISTIANO GRACIA Y PAZ", "exrbd": "22516-310", "Ciencias": 437.6, "Historia": 497.6, "Lenguaje": 599.3, "M1": 585.0, "M2": 402.7, "Obligatoria": 592.2 }, "geometry": { "type": "Point", "coordinates": [ -73.248459, -39.82019 ] } },
{ "type": "Feature", "properties": { "rbd": "22535", "NOM_RBD": "LICEO BILINGUE TERESA DE LOS ANDES", "exrbd": "22535-310", "Ciencias": 371.8, "Historia": 441.1, "Lenguaje": 555.7, "M1": 492.7, "M2": 379.0, "Obligatoria": 524.2 }, "geometry": { "type": "Point", "coordinates": [ -73.782471, -42.481781 ] } },
{ "type": "Feature", "properties": { "rbd": "22536", "NOM_RBD": "CENTRO EDUCACIONAL SAN SEBASTIAN DE ANCUD", "exrbd": "22536-310", "Ciencias": 563.6, "Historia": 529.8, "Lenguaje": 696.4, "M1": 773.1, "M2": 473.6, "Obligatoria": 733.5 }, "geometry": { "type": "Point", "coordinates": [ -73.829788, -41.880562 ] } },
{ "type": "Feature", "properties": { "rbd": "22540", "NOM_RBD": "INSTITUTO ITALIA DE VALDIVIA", "exrbd": "22540-310", "Ciencias": 423.6, "Historia": 492.4, "Lenguaje": 603.8, "M1": 593.5, "M2": 399.5, "Obligatoria": 603.0 }, "geometry": { "type": "Point", "coordinates": [ -73.231033, -39.838341 ] } },
{ "type": "Feature", "properties": { "rbd": "22542", "NOM_RBD": "COLEGIO SAN ALBERTO HURTADO", "exrbd": "22542-310", "Ciencias": 451.4, "Historia": 536.3, "Lenguaje": 595.5, "M1": 589.6, "M2": 438.5, "Obligatoria": 592.5 }, "geometry": { "type": "Point", "coordinates": [ -73.131264, -40.576229 ] } },
{ "type": "Feature", "properties": { "rbd": "22543", "NOM_RBD": "LICEO COMERCIAL MIRAMAR", "exrbd": "22543-363", "Ciencias": 0.0, "Historia": 493.0, "Lenguaje": 576.0, "M1": 502.0, "M2": 0.0, "Obligatoria": 539.0 }, "geometry": { "type": "Point", "coordinates": [ -72.923286, -41.472858 ] } },
{ "type": "Feature", "properties": { "rbd": "22543", "NOM_RBD": "LICEO COMERCIAL MIRAMAR", "exrbd": "22543-410", "Ciencias": 377.4, "Historia": 504.3, "Lenguaje": 593.5, "M1": 586.3, "M2": 398.5, "Obligatoria": 595.4 }, "geometry": { "type": "Point", "coordinates": [ -72.923286, -41.472858 ] } },
{ "type": "Feature", "properties": { "rbd": "22543", "NOM_RBD": "LICEO COMERCIAL MIRAMAR", "exrbd": "22543-610", "Ciencias": 408.3, "Historia": 426.1, "Lenguaje": 524.3, "M1": 534.5, "M2": 388.1, "Obligatoria": 529.5 }, "geometry": { "type": "Point", "coordinates": [ -72.923286, -41.472858 ] } },
{ "type": "Feature", "properties": { "rbd": "22543", "NOM_RBD": "LICEO COMERCIAL MIRAMAR", "exrbd": "22543-810", "Ciencias": 407.7, "Historia": 430.2, "Lenguaje": 571.0, "M1": 650.3, "M2": 414.6, "Obligatoria": 621.8 }, "geometry": { "type": "Point", "coordinates": [ -72.923286, -41.472858 ] } },
{ "type": "Feature", "properties": { "rbd": "22544", "NOM_RBD": "LICEO POLIVALENTE BENJAMIN VICUÑA MACKENNA", "exrbd": "22544-310", "Ciencias": 399.1, "Historia": 454.1, "Lenguaje": 521.5, "M1": 527.9, "M2": 383.7, "Obligatoria": 525.0 }, "geometry": { "type": "Point", "coordinates": [ -72.9823, -41.473301 ] } },
{ "type": "Feature", "properties": { "rbd": "22544", "NOM_RBD": "LICEO POLIVALENTE BENJAMIN VICUÑA MACKENNA", "exrbd": "22544-363", "Ciencias": 446.0, "Historia": 517.0, "Lenguaje": 542.7, "M1": 537.7, "M2": 0.0, "Obligatoria": 540.2 }, "geometry": { "type": "Point", "coordinates": [ -72.9823, -41.473301 ] } },
{ "type": "Feature", "properties": { "rbd": "22544", "NOM_RBD": "LICEO POLIVALENTE BENJAMIN VICUÑA MACKENNA", "exrbd": "22544-510", "Ciencias": 405.8, "Historia": 411.5, "Lenguaje": 554.0, "M1": 586.5, "M2": 402.6, "Obligatoria": 574.5 }, "geometry": { "type": "Point", "coordinates": [ -72.9823, -41.473301 ] } },
{ "type": "Feature", "properties": { "rbd": "22545", "NOM_RBD": "INSTITUTO CECAL SUR", "exrbd": "22545-363", "Ciencias": 400.7, "Historia": 425.0, "Lenguaje": 503.0, "M1": 493.3, "M2": 366.0, "Obligatoria": 511.7 }, "geometry": { "type": "Point", "coordinates": [ -73.77825, -42.471973 ] } },
{ "type": "Feature", "properties": { "rbd": "22549", "NOM_RBD": "CENTRO DE EDUCACIÓN INTEGRAL DE ADULTOS NUEVO HORIZONTE", "exrbd": "22549-363", "Ciencias": 420.0, "Historia": 387.0, "Lenguaje": 590.0, "M1": 538.5, "M2": 366.0, "Obligatoria": 610.5 }, "geometry": { "type": "Point", "coordinates": [ -72.34271, -39.644615 ] } },
{ "type": "Feature", "properties": { "rbd": "22551", "NOM_RBD": "LICEO TECNICO PROFESIONAL GABRIELA MISTRAL", "exrbd": "22551-363", "Ciencias": 369.8, "Historia": 461.5, "Lenguaje": 536.3, "M1": 540.2, "M2": 385.0, "Obligatoria": 538.3 }, "geometry": { "type": "Point", "coordinates": [ -73.769485, -42.475456 ] } },
{ "type": "Feature", "properties": { "rbd": "22553", "NOM_RBD": "INSTITUTO TÉCNICO FORJADORES DE ALERCE", "exrbd": "22553-510", "Ciencias": 354.3, "Historia": 404.8, "Lenguaje": 561.4, "M1": 577.8, "M2": 404.7, "Obligatoria": 569.6 }, "geometry": { "type": "Point", "coordinates": [ -72.906349, -41.389759 ] } },
{ "type": "Feature", "properties": { "rbd": "22553", "NOM_RBD": "INSTITUTO TÉCNICO FORJADORES DE ALERCE", "exrbd": "22553-610", "Ciencias": 375.7, "Historia": 448.0, "Lenguaje": 514.4, "M1": 508.3, "M2": 423.5, "Obligatoria": 511.3 }, "geometry": { "type": "Point", "coordinates": [ -72.906349, -41.389759 ] } },
{ "type": "Feature", "properties": { "rbd": "22560", "NOM_RBD": "COLEGIO COLONOS DE ALERCE", "exrbd": "22560-310", "Ciencias": 461.8, "Historia": 505.3, "Lenguaje": 608.3, "M1": 661.2, "M2": 440.1, "Obligatoria": 634.8 }, "geometry": { "type": "Point", "coordinates": [ -72.901741, -41.394829 ] } },
{ "type": "Feature", "properties": { "rbd": "22564", "NOM_RBD": "LICEO BICENTENARIO ADOLFO MATTHEI", "exrbd": "22564-710", "Ciencias": 421.8, "Historia": 485.7, "Lenguaje": 568.5, "M1": 583.3, "M2": 396.2, "Obligatoria": 577.0 }, "geometry": { "type": "Point", "coordinates": [ -73.110153, -40.589081 ] } },
{ "type": "Feature", "properties": { "rbd": "22597", "NOM_RBD": "LICEO TECNICO PROFESIONAL SAN JOSE", "exrbd": "22597-410", "Ciencias": 394.3, "Historia": 435.4, "Lenguaje": 572.6, "M1": 580.4, "M2": 364.2, "Obligatoria": 576.5 }, "geometry": { "type": "Point", "coordinates": [ -73.649399, -43.124729 ] } },
{ "type": "Feature", "properties": { "rbd": "22597", "NOM_RBD": "LICEO TECNICO PROFESIONAL SAN JOSE", "exrbd": "22597-610", "Ciencias": 387.7, "Historia": 419.1, "Lenguaje": 528.8, "M1": 540.5, "M2": 368.3, "Obligatoria": 534.7 }, "geometry": { "type": "Point", "coordinates": [ -73.649399, -43.124729 ] } },
{ "type": "Feature", "properties": { "rbd": "22602", "NOM_RBD": "SAINT PAUL COLLEGE", "exrbd": "22602-310", "Ciencias": 455.9, "Historia": 474.1, "Lenguaje": 619.1, "M1": 611.3, "M2": 450.7, "Obligatoria": 615.2 }, "geometry": { "type": "Point", "coordinates": [ -73.004997, -41.253281 ] } },
{ "type": "Feature", "properties": { "rbd": "22604", "NOM_RBD": "INSTITUTO APRENDER", "exrbd": "22604-363", "Ciencias": 0.0, "Historia": 0.0, "Lenguaje": 707.0, "M1": 585.0, "M2": 393.0, "Obligatoria": 646.0 }, "geometry": { "type": "Point", "coordinates": [ -72.46924, -41.967567 ] } },
{ "type": "Feature", "properties": { "rbd": "22609", "NOM_RBD": "COLEGIO CHILENO NORTEAMERICANO", "exrbd": "22609-310", "Ciencias": 463.4, "Historia": 511.8, "Lenguaje": 624.5, "M1": 625.3, "M2": 399.8, "Obligatoria": 626.2 }, "geometry": { "type": "Point", "coordinates": [ -72.911453, -41.454231 ] } },
{ "type": "Feature", "properties": { "rbd": "22624", "NOM_RBD": "COLEGIO DE ADULTOS BONILLA", "exrbd": "22624-363", "Ciencias": 0.0, "Historia": 385.0, "Lenguaje": 486.0, "M1": 496.0, "M2": 289.0, "Obligatoria": 491.0 }, "geometry": { "type": "Point", "coordinates": [ -73.81933775, -41.86162526 ] } },
{ "type": "Feature", "properties": { "rbd": "22626", "NOM_RBD": "INSTITUTO BICENTENARIO DE EXCELENCIA POLITECNICO", "exrbd": "22626-310", "Ciencias": 409.3, "Historia": 547.3, "Lenguaje": 589.0, "M1": 550.3, "M2": 399.3, "Obligatoria": 569.7 }, "geometry": { "type": "Point", "coordinates": [ -73.120857, -40.570202 ] } },
{ "type": "Feature", "properties": { "rbd": "22626", "NOM_RBD": "INSTITUTO BICENTENARIO DE EXCELENCIA POLITECNICO", "exrbd": "22626-510", "Ciencias": 408.6, "Historia": 438.8, "Lenguaje": 539.7, "M1": 526.7, "M2": 456.0, "Obligatoria": 538.8 }, "geometry": { "type": "Point", "coordinates": [ -73.120857, -40.570202 ] } },
{ "type": "Feature", "properties": { "rbd": "22627", "NOM_RBD": "HAMPTON COLLEGE", "exrbd": "22627-310", "Ciencias": 465.8, "Historia": 540.5, "Lenguaje": 635.8, "M1": 657.3, "M2": 435.3, "Obligatoria": 646.5 }, "geometry": { "type": "Point", "coordinates": [ -73.21424, -39.799702 ] } },
{ "type": "Feature", "properties": { "rbd": "22629", "NOM_RBD": "COLEGIO LOS CONQUISTADORES", "exrbd": "22629-310", "Ciencias": 495.1, "Historia": 516.6, "Lenguaje": 632.5, "M1": 652.8, "M2": 410.1, "Obligatoria": 642.6 }, "geometry": { "type": "Point", "coordinates": [ -73.256767, -39.853222 ] } },
{ "type": "Feature", "properties": { "rbd": "22633", "NOM_RBD": "LICEO TEC. PROF. DE ADULTOS CORESOL DE VALDIV", "exrbd": "22633-363", "Ciencias": 359.9, "Historia": 426.2, "Lenguaje": 425.2, "M1": 443.7, "M2": 0.0, "Obligatoria": 434.5 }, "geometry": { "type": "Point", "coordinates": [ -73.19952, -39.846615 ] } },
{ "type": "Feature", "properties": { "rbd": "22633", "NOM_RBD": "LICEO TEC. PROF. DE ADULTOS CORESOL DE VALDIV", "exrbd": "22633-563", "Ciencias": 387.3, "Historia": 503.5, "Lenguaje": 520.0, "M1": 472.0, "M2": 0.0, "Obligatoria": 496.0 }, "geometry": { "type": "Point", "coordinates": [ -73.19952, -39.846615 ] } },
{ "type": "Feature", "properties": { "rbd": "22634", "NOM_RBD": "INSTITUTO PRINCIPE DE ASTURIAS", "exrbd": "22634-310", "Ciencias": 448.1, "Historia": 501.5, "Lenguaje": 614.7, "M1": 610.6, "M2": 425.4, "Obligatoria": 612.7 }, "geometry": { "type": "Point", "coordinates": [ -73.243629, -39.829071 ] } },
{ "type": "Feature", "properties": { "rbd": "22637", "NOM_RBD": "C.E.I.A. ARTURO PRAT", "exrbd": "22637-363", "Ciencias": 349.7, "Historia": 431.7, "Lenguaje": 431.0, "M1": 437.7, "M2": 0.0, "Obligatoria": 434.3 }, "geometry": { "type": "Point", "coordinates": [ -73.16385651, -40.91487502 ] } },
{ "type": "Feature", "properties": { "rbd": "22638", "NOM_RBD": "LICEO TECNICO PROFESIONAL DE ADULTOS CORESOL DE PUERTO MONTT", "exrbd": "22638-363", "Ciencias": 370.5, "Historia": 419.7, "Lenguaje": 434.1, "M1": 441.1, "M2": 0.0, "Obligatoria": 442.6 }, "geometry": { "type": "Point", "coordinates": [ -73.00909, -41.481625 ] } },
{ "type": "Feature", "properties": { "rbd": "22638", "NOM_RBD": "LICEO TECNICO PROFESIONAL DE ADULTOS CORESOL DE PUERTO MONTT", "exrbd": "22638-563", "Ciencias": 403.0, "Historia": 409.0, "Lenguaje": 403.0, "M1": 450.2, "M2": 0.0, "Obligatoria": 426.6 }, "geometry": { "type": "Point", "coordinates": [ -73.00909, -41.481625 ] } },
{ "type": "Feature", "properties": { "rbd": "22641", "NOM_RBD": "COLEGIO SAGRADA FAMILIA", "exrbd": "22641-310", "Ciencias": 416.7, "Historia": 488.9, "Lenguaje": 598.7, "M1": 610.9, "M2": 404.0, "Obligatoria": 604.8 }, "geometry": { "type": "Point", "coordinates": [ -72.470238, -41.963879 ] } },
{ "type": "Feature", "properties": { "rbd": "22655", "NOM_RBD": "LICEO CARELMAPU", "exrbd": "22655-310", "Ciencias": 403.0, "Historia": 420.2, "Lenguaje": 520.3, "M1": 534.6, "M2": 382.1, "Obligatoria": 528.7 }, "geometry": { "type": "Point", "coordinates": [ -73.691582, -41.733429 ] } },
{ "type": "Feature", "properties": { "rbd": "22664", "NOM_RBD": "LICEO POLITECNICO MIRASOL", "exrbd": "22664-610", "Ciencias": 399.2, "Historia": 434.1, "Lenguaje": 531.0, "M1": 536.5, "M2": 388.3, "Obligatoria": 534.7 }, "geometry": { "type": "Point", "coordinates": [ -72.984016, -41.4781 ] } },
{ "type": "Feature", "properties": { "rbd": "22672", "NOM_RBD": "COLEGIO ALTAS CUMBRES", "exrbd": "22672-310", "Ciencias": 396.6, "Historia": 466.4, "Lenguaje": 579.4, "M1": 581.4, "M2": 396.8, "Obligatoria": 580.4 }, "geometry": { "type": "Point", "coordinates": [ -72.947357, -41.343979 ] } },
{ "type": "Feature", "properties": { "rbd": "22674", "NOM_RBD": "LICEO BICENTENARIO POLIVALENTE DE QUEILEN", "exrbd": "22674-310", "Ciencias": 428.9, "Historia": 484.6, "Lenguaje": 581.7, "M1": 600.5, "M2": 408.2, "Obligatoria": 594.5 }, "geometry": { "type": "Point", "coordinates": [ -73.471367, -42.883862 ] } },
{ "type": "Feature", "properties": { "rbd": "22674", "NOM_RBD": "LICEO BICENTENARIO POLIVALENTE DE QUEILEN", "exrbd": "22674-610", "Ciencias": 379.5, "Historia": 416.6, "Lenguaje": 537.8, "M1": 534.8, "M2": 379.3, "Obligatoria": 536.3 }, "geometry": { "type": "Point", "coordinates": [ -73.471367, -42.883862 ] } },
{ "type": "Feature", "properties": { "rbd": "22691", "NOM_RBD": "LICEO FRANCISCO HERNANDEZ ORTIZ-PIZARRO", "exrbd": "22691-310", "Ciencias": 412.7, "Historia": 430.3, "Lenguaje": 541.5, "M1": 570.6, "M2": 389.7, "Obligatoria": 556.7 }, "geometry": { "type": "Point", "coordinates": [ -73.156273, -41.76181 ] } },
{ "type": "Feature", "properties": { "rbd": "22692", "NOM_RBD": "PATAGONIA COLLEGE", "exrbd": "22692-310", "Ciencias": 558.2, "Historia": 589.4, "Lenguaje": 678.1, "M1": 732.2, "M2": 458.1, "Obligatoria": 705.2 }, "geometry": { "type": "Point", "coordinates": [ -72.900177, -41.455219 ] } },
{ "type": "Feature", "properties": { "rbd": "22702", "NOM_RBD": "COLEGIO PATAGONIA ALERCE CORDILLERA", "exrbd": "22702-310", "Ciencias": 452.3, "Historia": 493.2, "Lenguaje": 598.8, "M1": 610.4, "M2": 423.8, "Obligatoria": 604.6 }, "geometry": { "type": "Point", "coordinates": [ -72.907707, -41.413399 ] } },
{ "type": "Feature", "properties": { "rbd": "22707", "NOM_RBD": "COLEGIO GILGAL", "exrbd": "22707-363", "Ciencias": 0.0, "Historia": 0.0, "Lenguaje": 455.0, "M1": 486.0, "M2": 0.0, "Obligatoria": 470.5 }, "geometry": { "type": "Point", "coordinates": [ -73.142174, -40.588112 ] } },
{ "type": "Feature", "properties": { "rbd": "22743", "NOM_RBD": "GARDEN COLLEGE", "exrbd": "22743-310", "Ciencias": 382.0, "Historia": 465.8, "Lenguaje": 516.8, "M1": 504.5, "M2": 310.0, "Obligatoria": 510.6 }, "geometry": { "type": "Point", "coordinates": [ -73.075226, -40.299522 ] } },
{ "type": "Feature", "properties": { "rbd": "22752", "NOM_RBD": "LICEO BICENTENARIO DE EXCELENCIA AGRICOLA TECNOLOGICO WERNER GROB STOLZENBACH", "exrbd": "22752-610", "Ciencias": 404.3, "Historia": 429.9, "Lenguaje": 545.0, "M1": 570.8, "M2": 364.8, "Obligatoria": 563.3 }, "geometry": { "type": "Point", "coordinates": [ -73.002357, -40.310539 ] } },
{ "type": "Feature", "properties": { "rbd": "22752", "NOM_RBD": "LICEO BICENTENARIO DE EXCELENCIA AGRICOLA TECNOLOGICO WERNER GROB STOLZENBACH", "exrbd": "22752-710", "Ciencias": 390.6, "Historia": 414.9, "Lenguaje": 515.1, "M1": 535.5, "M2": 377.3, "Obligatoria": 525.7 }, "geometry": { "type": "Point", "coordinates": [ -73.002357, -40.310539 ] } },
{ "type": "Feature", "properties": { "rbd": "22755", "NOM_RBD": "LICEO TECNICO PROFESIONAL DE RIO BUENO", "exrbd": "22755-410", "Ciencias": 384.9, "Historia": 434.3, "Lenguaje": 511.5, "M1": 499.0, "M2": 392.3, "Obligatoria": 506.1 }, "geometry": { "type": "Point", "coordinates": [ -72.94368, -40.341469 ] } },
{ "type": "Feature", "properties": { "rbd": "22755", "NOM_RBD": "LICEO TECNICO PROFESIONAL DE RIO BUENO", "exrbd": "22755-510", "Ciencias": 394.3, "Historia": 394.4, "Lenguaje": 482.6, "M1": 517.6, "M2": 378.3, "Obligatoria": 495.6 }, "geometry": { "type": "Point", "coordinates": [ -72.94368, -40.341469 ] } },
{ "type": "Feature", "properties": { "rbd": "22755", "NOM_RBD": "LICEO TECNICO PROFESIONAL DE RIO BUENO", "exrbd": "22755-610", "Ciencias": 387.4, "Historia": 447.5, "Lenguaje": 460.3, "M1": 467.0, "M2": 372.3, "Obligatoria": 463.7 }, "geometry": { "type": "Point", "coordinates": [ -72.94368, -40.341469 ] } },
{ "type": "Feature", "properties": { "rbd": "22755", "NOM_RBD": "LICEO TECNICO PROFESIONAL DE RIO BUENO", "exrbd": "22755-710", "Ciencias": 376.0, "Historia": 500.0, "Lenguaje": 492.3, "M1": 486.7, "M2": 379.5, "Obligatoria": 489.5 }, "geometry": { "type": "Point", "coordinates": [ -72.94368, -40.341469 ] } },
{ "type": "Feature", "properties": { "rbd": "22758", "NOM_RBD": "LICEO BICENTENARIO COMPLEJO EDUCACIONAL IGNAO", "exrbd": "22758-710", "Ciencias": 372.5, "Historia": 411.8, "Lenguaje": 483.7, "M1": 499.5, "M2": 366.6, "Obligatoria": 491.6 }, "geometry": { "type": "Point", "coordinates": [ -72.556557, -40.334129 ] } },
{ "type": "Feature", "properties": { "rbd": "22759", "NOM_RBD": "MASTER COLLEGE", "exrbd": "22759-310", "Ciencias": 488.1, "Historia": 487.6, "Lenguaje": 599.9, "M1": 634.5, "M2": 403.4, "Obligatoria": 620.3 }, "geometry": { "type": "Point", "coordinates": [ -73.218689, -39.803841 ] } },
{ "type": "Feature", "properties": { "rbd": "31002", "NOM_RBD": "LICEO MATER POPULI DEI", "exrbd": "31002-310", "Ciencias": 428.0, "Historia": 460.5, "Lenguaje": 534.2, "M1": 580.0, "M2": 430.4, "Obligatoria": 551.7 }, "geometry": { "type": "Point", "coordinates": [ -72.961647, -39.53669 ] } },
{ "type": "Feature", "properties": { "rbd": "31005", "NOM_RBD": "COL. EDUC VICTOR MANUEL GIOVANETTI ASTUDILLO", "exrbd": "31005-310", "Ciencias": 415.3, "Historia": 429.2, "Lenguaje": 504.9, "M1": 549.4, "M2": 366.0, "Obligatoria": 527.1 }, "geometry": { "type": "Point", "coordinates": [ -73.08606, -40.295139 ] } },
{ "type": "Feature", "properties": { "rbd": "31010", "NOM_RBD": "LICEO BICENTENARIO CIUDAD DE LOS RIOS VALDIVI", "exrbd": "31010-310", "Ciencias": 452.6, "Historia": 496.0, "Lenguaje": 626.1, "M1": 623.7, "M2": 435.3, "Obligatoria": 624.9 }, "geometry": { "type": "Point", "coordinates": [ -73.234879, -39.830929 ] } },
{ "type": "Feature", "properties": { "rbd": "31012", "NOM_RBD": "INSTITUTO BICENTENARIO DE EXCELENCIA CHILE ASIA PACIFICO", "exrbd": "31012-310", "Ciencias": 412.0, "Historia": 458.2, "Lenguaje": 546.9, "M1": 547.8, "M2": 349.7, "Obligatoria": 547.3 }, "geometry": { "type": "Point", "coordinates": [ -73.212273, -39.852329 ] } },
{ "type": "Feature", "properties": { "rbd": "40102", "NOM_RBD": "LICEO TECNOLOGICO COÑARIPE", "exrbd": "40102-510", "Ciencias": 410.0, "Historia": 402.0, "Lenguaje": 457.0, "M1": 571.5, "M2": 396.0, "Obligatoria": 511.7 }, "geometry": { "type": "Point", "coordinates": [ -71.990387, -39.54985 ] } },
{ "type": "Feature", "properties": { "rbd": "40102", "NOM_RBD": "LICEO TECNOLOGICO COÑARIPE", "exrbd": "40102-610", "Ciencias": 456.5, "Historia": 429.4, "Lenguaje": 480.9, "M1": 523.3, "M2": 445.5, "Obligatoria": 512.1 }, "geometry": { "type": "Point", "coordinates": [ -71.990387, -39.54985 ] } },
{ "type": "Feature", "properties": { "rbd": "40256", "NOM_RBD": "COLEGIO TECNICO NACIONES UNIDAS", "exrbd": "40256-310", "Ciencias": 461.0, "Historia": 506.6, "Lenguaje": 633.4, "M1": 607.3, "M2": 396.2, "Obligatoria": 620.4 }, "geometry": { "type": "Point", "coordinates": [ -72.923332, -41.4622 ] } },
{ "type": "Feature", "properties": { "rbd": "40256", "NOM_RBD": "COLEGIO TECNICO NACIONES UNIDAS", "exrbd": "40256-610", "Ciencias": 430.0, "Historia": 387.0, "Lenguaje": 534.8, "M1": 553.8, "M2": 414.3, "Obligatoria": 548.5 }, "geometry": { "type": "Point", "coordinates": [ -72.923332, -41.4622 ] } },
{ "type": "Feature", "properties": { "rbd": "40256", "NOM_RBD": "COLEGIO TECNICO NACIONES UNIDAS", "exrbd": "40256-810", "Ciencias": 399.8, "Historia": 400.4, "Lenguaje": 542.0, "M1": 520.2, "M2": 402.4, "Obligatoria": 531.5 }, "geometry": { "type": "Point", "coordinates": [ -72.923332, -41.4622 ] } },
{ "type": "Feature", "properties": { "rbd": "40284", "NOM_RBD": "COLEGIO ANDALUE", "exrbd": "40284-310", "Ciencias": 470.5, "Historia": 486.1, "Lenguaje": 610.1, "M1": 620.3, "M2": 405.1, "Obligatoria": 615.2 }, "geometry": { "type": "Point", "coordinates": [ -73.091087, -40.583839 ] } },
{ "type": "Feature", "properties": { "rbd": "40285", "NOM_RBD": "COLEGIO PARTICULAR DA VINCI SCHOOL", "exrbd": "40285-310", "Ciencias": 519.4, "Historia": 525.8, "Lenguaje": 641.5, "M1": 656.2, "M2": 452.0, "Obligatoria": 648.9 }, "geometry": { "type": "Point", "coordinates": [ -72.914581, -41.446548 ] } },
{ "type": "Feature", "properties": { "rbd": "40288", "NOM_RBD": "COLEGIO SAN FRANCISCO DE ASIS DE OSORNO", "exrbd": "40288-363", "Ciencias": 416.0, "Historia": 0.0, "Lenguaje": 489.5, "M1": 577.0, "M2": 330.0, "Obligatoria": 533.3 }, "geometry": { "type": "Point", "coordinates": [ -73.172783, -40.560291 ] } },
{ "type": "Feature", "properties": { "rbd": "40301", "NOM_RBD": "LICEO POLITECNICO DE QUELLON", "exrbd": "40301-410", "Ciencias": 392.3, "Historia": 451.1, "Lenguaje": 538.9, "M1": 570.8, "M2": 373.8, "Obligatoria": 554.9 }, "geometry": { "type": "Point", "coordinates": [ -73.607002, -43.114399 ] } },
{ "type": "Feature", "properties": { "rbd": "40301", "NOM_RBD": "LICEO POLITECNICO DE QUELLON", "exrbd": "40301-510", "Ciencias": 358.0, "Historia": 406.0, "Lenguaje": 438.5, "M1": 455.5, "M2": 0.0, "Obligatoria": 447.0 }, "geometry": { "type": "Point", "coordinates": [ -73.607002, -43.114399 ] } },
{ "type": "Feature", "properties": { "rbd": "40301", "NOM_RBD": "LICEO POLITECNICO DE QUELLON", "exrbd": "40301-610", "Ciencias": 410.1, "Historia": 406.9, "Lenguaje": 558.4, "M1": 548.9, "M2": 386.6, "Obligatoria": 553.7 }, "geometry": { "type": "Point", "coordinates": [ -73.607002, -43.114399 ] } },
{ "type": "Feature", "properties": { "rbd": "40308", "NOM_RBD": "COMUNIDAD DE ACCION EDUCATIVA VINCULOS", "exrbd": "40308-363", "Ciencias": 374.8, "Historia": 478.0, "Lenguaje": 499.0, "M1": 401.5, "M2": 417.5, "Obligatoria": 430.1 }, "geometry": { "type": "Point", "coordinates": [ -72.9488, -41.4572 ] } },
{ "type": "Feature", "properties": { "rbd": "40316", "NOM_RBD": "COLEGIO PULMAHUE", "exrbd": "40316-310", "Ciencias": 426.4, "Historia": 460.2, "Lenguaje": 557.2, "M1": 576.4, "M2": 413.1, "Obligatoria": 566.8 }, "geometry": { "type": "Point", "coordinates": [ -72.902512, -41.449429 ] } },
{ "type": "Feature", "properties": { "rbd": "40343", "NOM_RBD": "COLEGIO CREACION LA ARAUCANA PUERTO MONTT", "exrbd": "40343-310", "Ciencias": 457.1, "Historia": 503.2, "Lenguaje": 616.2, "M1": 646.6, "M2": 470.0, "Obligatoria": 631.5 }, "geometry": { "type": "Point", "coordinates": [ -72.994057, -41.460129 ] } },
{ "type": "Feature", "properties": { "rbd": "40351", "NOM_RBD": "COLEGIO BOSQUEMAR", "exrbd": "40351-310", "Ciencias": 461.3, "Historia": 502.7, "Lenguaje": 613.2, "M1": 611.7, "M2": 415.4, "Obligatoria": 612.4 }, "geometry": { "type": "Point", "coordinates": [ -73.00029, -41.486 ] } },
{ "type": "Feature", "properties": { "rbd": "40390", "NOM_RBD": "ESCUELA HOSPITALARIA ALIANZA", "exrbd": "40390-310", "Ciencias": 402.0, "Historia": 463.0, "Lenguaje": 569.3, "M1": 579.3, "M2": 0.0, "Obligatoria": 574.3 }, "geometry": { "type": "Point", "coordinates": [ -73.126425, -40.588424 ] } },
{ "type": "Feature", "properties": { "rbd": "40406", "NOM_RBD": "COLEGIO MADRE ISABEL LARRAÑAGA", "exrbd": "40406-363", "Ciencias": 392.7, "Historia": 494.2, "Lenguaje": 538.9, "M1": 539.8, "M2": 385.3, "Obligatoria": 542.1 }, "geometry": { "type": "Point", "coordinates": [ -72.94141, -41.46985 ] } },
{ "type": "Feature", "properties": { "rbd": "40447", "NOM_RBD": "CENTRO DE EDUCACION INTEGRADA DE ADULTOS AEK", "exrbd": "40447-363", "Ciencias": 363.0, "Historia": 270.0, "Lenguaje": 440.0, "M1": 508.0, "M2": 0.0, "Obligatoria": 474.0 }, "geometry": { "type": "Point", "coordinates": [ -73.13183, -41.76973 ] } },
{ "type": "Feature", "properties": { "rbd": "40457", "NOM_RBD": "LICEO TECNICO PROFESIONAL PABLO NERUDA", "exrbd": "40457-510", "Ciencias": 404.0, "Historia": 476.0, "Lenguaje": 561.0, "M1": 652.5, "M2": 366.0, "Obligatoria": 606.8 }, "geometry": { "type": "Point", "coordinates": [ -73.773521, -42.4828 ] } },
{ "type": "Feature", "properties": { "rbd": "40457", "NOM_RBD": "LICEO TECNICO PROFESIONAL PABLO NERUDA", "exrbd": "40457-610", "Ciencias": 402.5, "Historia": 404.3, "Lenguaje": 443.0, "M1": 493.3, "M2": 311.3, "Obligatoria": 468.1 }, "geometry": { "type": "Point", "coordinates": [ -73.773521, -42.4828 ] } },
{ "type": "Feature", "properties": { "rbd": "41439", "NOM_RBD": "COLEGIO PATAGONIA PUERTO VARAS", "exrbd": "41439-310", "Ciencias": 540.5, "Historia": 529.4, "Lenguaje": 654.9, "M1": 707.9, "M2": 459.6, "Obligatoria": 681.4 }, "geometry": { "type": "Point", "coordinates": [ -72.992808, -41.305518 ] } },
{ "type": "Feature", "properties": { "rbd": "41533", "NOM_RBD": "CENTRO EDUCACIONAL INTEGRADO DE ADULTOS LATINOAMERICANO", "exrbd": "41533-363", "Ciencias": 0.0, "Historia": 348.0, "Lenguaje": 500.0, "M1": 474.0, "M2": 0.0, "Obligatoria": 487.0 }, "geometry": { "type": "Point", "coordinates": [ -72.22519, -40.3298 ] } },
{ "type": "Feature", "properties": { "rbd": "41712", "NOM_RBD": "COLEGIO COMUNITARIO ENLACE", "exrbd": "41712-363", "Ciencias": 0.0, "Historia": 406.0, "Lenguaje": 373.0, "M1": 462.0, "M2": 0.0, "Obligatoria": 417.5 }, "geometry": { "type": "Point", "coordinates": [ -72.7235, -38.7908 ] } },
{ "type": "Feature", "properties": { "rbd": "41872", "NOM_RBD": "COLEGIO SAN FRANCISCO DE ASIS DE SAN PABLO", "exrbd": "41872-363", "Ciencias": 426.0, "Historia": 397.5, "Lenguaje": 515.0, "M1": 501.3, "M2": 0.0, "Obligatoria": 508.1 }, "geometry": { "type": "Point", "coordinates": [ -73.012321, -40.41544 ] } },
{ "type": "Feature", "properties": { "rbd": "41888", "NOM_RBD": "ESCUELA HOSPITALARIA CHILOE", "exrbd": "41888-310", "Ciencias": 504.0, "Historia": 0.0, "Lenguaje": 699.0, "M1": 793.0, "M2": 0.0, "Obligatoria": 746.0 }, "geometry": { "type": "Point", "coordinates": [ -73.76900624, -42.47706958 ] } },
{ "type": "Feature", "properties": { "rbd": "42158", "NOM_RBD": "INSTITUTO APRENDER ALERCE", "exrbd": "42158-363", "Ciencias": 352.0, "Historia": 406.0, "Lenguaje": 484.2, "M1": 513.8, "M2": 409.0, "Obligatoria": 504.8 }, "geometry": { "type": "Point", "coordinates": [ -72.92716, -41.393548 ] } },
{ "type": "Feature", "properties": { "rbd": "42339", "NOM_RBD": "CEIA INAPEWMA PUERTO MONTT", "exrbd": "42339-363", "Ciencias": 0.0, "Historia": 607.0, "Lenguaje": 699.0, "M1": 609.0, "M2": 438.0, "Obligatoria": 654.0 }, "geometry": { "type": "Point", "coordinates": [ -73.004313, -41.480461 ] } },
{ "type": "Feature", "properties": { "rbd": "6751", "NOM_RBD": "INSTITUTO COMERCIAL DE VALDIVIA", "exrbd": "6751-410", "Ciencias": 405.2, "Historia": 466.8, "Lenguaje": 557.5, "M1": 573.5, "M2": 393.6, "Obligatoria": 566.6 }, "geometry": { "type": "Point", "coordinates": [ -73.246964, -39.817619 ] } },
{ "type": "Feature", "properties": { "rbd": "6751", "NOM_RBD": "INSTITUTO COMERCIAL DE VALDIVIA", "exrbd": "6751-463", "Ciencias": 452.0, "Historia": 484.0, "Lenguaje": 498.0, "M1": 491.5, "M2": 378.0, "Obligatoria": 494.8 }, "geometry": { "type": "Point", "coordinates": [ -73.246964, -39.817619 ] } },
{ "type": "Feature", "properties": { "rbd": "6751", "NOM_RBD": "INSTITUTO COMERCIAL DE VALDIVIA", "exrbd": "6751-510", "Ciencias": 413.9, "Historia": 459.4, "Lenguaje": 581.2, "M1": 606.2, "M2": 413.6, "Obligatoria": 592.7 }, "geometry": { "type": "Point", "coordinates": [ -73.246964, -39.817619 ] } },
{ "type": "Feature", "properties": { "rbd": "6752", "NOM_RBD": "LICEO TECNICO VALDIVIA", "exrbd": "6752-610", "Ciencias": 403.4, "Historia": 419.3, "Lenguaje": 524.3, "M1": 518.1, "M2": 389.7, "Obligatoria": 522.8 }, "geometry": { "type": "Point", "coordinates": [ -73.221237, -39.82925 ] } },
{ "type": "Feature", "properties": { "rbd": "6753", "NOM_RBD": "LICEO SANTA MARIA LA BLANCA", "exrbd": "6753-310", "Ciencias": 431.5, "Historia": 463.7, "Lenguaje": 582.9, "M1": 588.3, "M2": 396.8, "Obligatoria": 587.3 }, "geometry": { "type": "Point", "coordinates": [ -73.240768, -39.81601 ] } },
{ "type": "Feature", "properties": { "rbd": "6754", "NOM_RBD": "LICEO ARMANDO ROBLES RIVERA", "exrbd": "6754-310", "Ciencias": 440.3, "Historia": 499.5, "Lenguaje": 589.0, "M1": 590.9, "M2": 416.0, "Obligatoria": 591.7 }, "geometry": { "type": "Point", "coordinates": [ -73.242622, -39.81567 ] } },
{ "type": "Feature", "properties": { "rbd": "6755", "NOM_RBD": "LICEO INDUSTRIAL VALDIVIA", "exrbd": "6755-510", "Ciencias": 385.0, "Historia": 428.0, "Lenguaje": 512.1, "M1": 580.2, "M2": 389.0, "Obligatoria": 548.3 }, "geometry": { "type": "Point", "coordinates": [ -73.220757, -39.831871 ] } },
{ "type": "Feature", "properties": { "rbd": "6757", "NOM_RBD": "INSTITUTO DE RECURSOS RENOVABLES Y TECNOLOGÍA LOS RÍOS", "exrbd": "6757-510", "Ciencias": 385.0, "Historia": 482.5, "Lenguaje": 594.0, "M1": 591.5, "M2": 409.0, "Obligatoria": 592.8 }, "geometry": { "type": "Point", "coordinates": [ -73.206703, -39.826889 ] } },
{ "type": "Feature", "properties": { "rbd": "6757", "NOM_RBD": "INSTITUTO DE RECURSOS RENOVABLES Y TECNOLOGÍA LOS RÍOS", "exrbd": "6757-710", "Ciencias": 394.0, "Historia": 387.0, "Lenguaje": 497.5, "M1": 523.5, "M2": 366.0, "Obligatoria": 510.5 }, "geometry": { "type": "Point", "coordinates": [ -73.206703, -39.826889 ] } },
{ "type": "Feature", "properties": { "rbd": "6757", "NOM_RBD": "INSTITUTO DE RECURSOS RENOVABLES Y TECNOLOGÍA LOS RÍOS", "exrbd": "6757-763", "Ciencias": 0.0, "Historia": 0.0, "Lenguaje": 378.0, "M1": 436.0, "M2": 290.0, "Obligatoria": 407.0 }, "geometry": { "type": "Point", "coordinates": [ -73.206703, -39.826889 ] } },
{ "type": "Feature", "properties": { "rbd": "6766", "NOM_RBD": "COLEGIO TENIENTE HERNAN MERINO CORREA", "exrbd": "6766-310", "Ciencias": 405.1, "Historia": 463.4, "Lenguaje": 561.6, "M1": 550.1, "M2": 372.1, "Obligatoria": 555.8 }, "geometry": { "type": "Point", "coordinates": [ -73.215477, -39.83773 ] } },
{ "type": "Feature", "properties": { "rbd": "6770", "NOM_RBD": "COLEGIO BICENTENARIO DE MUSICA JUAN SEBASTIAN BACH", "exrbd": "6770-310", "Ciencias": 482.4, "Historia": 528.2, "Lenguaje": 662.6, "M1": 668.3, "M2": 443.4, "Obligatoria": 666.7 }, "geometry": { "type": "Point", "coordinates": [ -73.22172546, -39.83084488 ] } },
{ "type": "Feature", "properties": { "rbd": "6772", "NOM_RBD": "C.E.I.A. NARCISO GARCIA BARRIA", "exrbd": "6772-363", "Ciencias": 372.6, "Historia": 412.4, "Lenguaje": 463.6, "M1": 508.3, "M2": 402.5, "Obligatoria": 486.0 }, "geometry": { "type": "Point", "coordinates": [ -72.93325043, -41.46338272 ] } },
{ "type": "Feature", "properties": { "rbd": "6787", "NOM_RBD": "CENTRO EDUC.ADULTOS LUIS MOLL BRIONES", "exrbd": "6787-363", "Ciencias": 382.2, "Historia": 416.6, "Lenguaje": 502.6, "M1": 521.4, "M2": 487.5, "Obligatoria": 512.0 }, "geometry": { "type": "Point", "coordinates": [ -73.22041321, -39.83191299 ] } },
{ "type": "Feature", "properties": { "rbd": "6791", "NOM_RBD": "ESCUELA DE NIEBLA JUAN BOSCH", "exrbd": "6791-363", "Ciencias": 409.0, "Historia": 0.0, "Lenguaje": 455.0, "M1": 609.0, "M2": 382.0, "Obligatoria": 532.0 }, "geometry": { "type": "Point", "coordinates": [ -73.398987, -39.873058 ] } },
{ "type": "Feature", "properties": { "rbd": "6826", "NOM_RBD": "COLEGIO SANTA MARTA DE VALDIVIA", "exrbd": "6826-310", "Ciencias": 449.8, "Historia": 516.2, "Lenguaje": 614.9, "M1": 616.1, "M2": 415.3, "Obligatoria": 617.2 }, "geometry": { "type": "Point", "coordinates": [ -73.210098, -39.828289 ] } },
{ "type": "Feature", "properties": { "rbd": "6828", "NOM_RBD": "COLEGIO AUSTRAL", "exrbd": "6828-310", "Ciencias": 464.2, "Historia": 544.1, "Lenguaje": 626.6, "M1": 645.6, "M2": 374.2, "Obligatoria": 636.1 }, "geometry": { "type": "Point", "coordinates": [ -73.241203, -39.82061 ] } },
{ "type": "Feature", "properties": { "rbd": "6829", "NOM_RBD": "INSTITUTO SALESIANO", "exrbd": "6829-310", "Ciencias": 511.6, "Historia": 558.2, "Lenguaje": 649.3, "M1": 717.5, "M2": 451.7, "Obligatoria": 683.4 }, "geometry": { "type": "Point", "coordinates": [ -73.237907, -39.814991 ] } },
{ "type": "Feature", "properties": { "rbd": "6830", "NOM_RBD": "COLEGIO NUESTRA SENORA DEL CARMEN", "exrbd": "6830-310", "Ciencias": 446.5, "Historia": 505.4, "Lenguaje": 611.0, "M1": 580.5, "M2": 415.3, "Obligatoria": 596.8 }, "geometry": { "type": "Point", "coordinates": [ -73.230186, -39.82616 ] } },
{ "type": "Feature", "properties": { "rbd": "6832", "NOM_RBD": "COLEGIO MARIA AUXILIADORA", "exrbd": "6832-310", "Ciencias": 491.0, "Historia": 543.7, "Lenguaje": 652.9, "M1": 647.3, "M2": 396.2, "Obligatoria": 650.1 }, "geometry": { "type": "Point", "coordinates": [ -73.233849, -39.817131 ] } },
{ "type": "Feature", "properties": { "rbd": "6834", "NOM_RBD": "COLEGIO METODISTA LA TRINIDAD", "exrbd": "6834-310", "Ciencias": 458.3, "Historia": 695.0, "Lenguaje": 594.8, "M1": 579.4, "M2": 366.0, "Obligatoria": 587.1 }, "geometry": { "type": "Point", "coordinates": [ -73.205551, -39.828259 ] } },
{ "type": "Feature", "properties": { "rbd": "6835", "NOM_RBD": "COLEGIO ADVENTISTA DE VALDIVIA", "exrbd": "6835-310", "Ciencias": 483.4, "Historia": 482.9, "Lenguaje": 603.4, "M1": 619.9, "M2": 411.6, "Obligatoria": 613.7 }, "geometry": { "type": "Point", "coordinates": [ -73.221642, -39.830872 ] } },
{ "type": "Feature", "properties": { "rbd": "6836", "NOM_RBD": "COLEGIO ALONSO DE ERCILLA", "exrbd": "6836-310", "Ciencias": 486.5, "Historia": 538.8, "Lenguaje": 627.0, "M1": 652.9, "M2": 460.4, "Obligatoria": 642.0 }, "geometry": { "type": "Point", "coordinates": [ -73.248978, -39.819752 ] } },
{ "type": "Feature", "properties": { "rbd": "6843", "NOM_RBD": "COLEGIO WINDSOR SCHOOL", "exrbd": "6843-310", "Ciencias": 639.7, "Historia": 610.7, "Lenguaje": 729.9, "M1": 805.3, "M2": 584.4, "Obligatoria": 767.6 }, "geometry": { "type": "Point", "coordinates": [ -73.24143, -39.833375 ] } },
{ "type": "Feature", "properties": { "rbd": "6844", "NOM_RBD": "INSTITUTO ALEMAN CARLOS ANWANDTER", "exrbd": "6844-310", "Ciencias": 612.2, "Historia": 578.4, "Lenguaje": 724.7, "M1": 816.5, "M2": 513.4, "Obligatoria": 770.2 }, "geometry": { "type": "Point", "coordinates": [ -73.25277, -39.811772 ] } },
{ "type": "Feature", "properties": { "rbd": "6846", "NOM_RBD": "LICEO SAN LUIS DE ALBA", "exrbd": "6846-310", "Ciencias": 427.1, "Historia": 452.7, "Lenguaje": 603.8, "M1": 568.9, "M2": 359.0, "Obligatoria": 586.4 }, "geometry": { "type": "Point", "coordinates": [ -72.958687, -39.537159 ] } },
{ "type": "Feature", "properties": { "rbd": "6846", "NOM_RBD": "LICEO SAN LUIS DE ALBA", "exrbd": "6846-510", "Ciencias": 378.9, "Historia": 408.7, "Lenguaje": 466.8, "M1": 479.3, "M2": 350.0, "Obligatoria": 473.8 }, "geometry": { "type": "Point", "coordinates": [ -72.958687, -39.537159 ] } },
{ "type": "Feature", "properties": { "rbd": "6846", "NOM_RBD": "LICEO SAN LUIS DE ALBA", "exrbd": "6846-610", "Ciencias": 0.0, "Historia": 360.0, "Lenguaje": 452.5, "M1": 486.3, "M2": 366.0, "Obligatoria": 483.3 }, "geometry": { "type": "Point", "coordinates": [ -72.958687, -39.537159 ] } },
{ "type": "Feature", "properties": { "rbd": "6846", "NOM_RBD": "LICEO SAN LUIS DE ALBA", "exrbd": "6846-710", "Ciencias": 402.0, "Historia": 0.0, "Lenguaje": 650.0, "M1": 595.0, "M2": 423.0, "Obligatoria": 622.5 }, "geometry": { "type": "Point", "coordinates": [ -72.958687, -39.537159 ] } },
{ "type": "Feature", "properties": { "rbd": "6853", "NOM_RBD": "LICEO POLITECNICO PESQUERO", "exrbd": "6853-610", "Ciencias": 360.5, "Historia": 476.0, "Lenguaje": 421.0, "M1": 513.5, "M2": 349.0, "Obligatoria": 467.3 }, "geometry": { "type": "Point", "coordinates": [ -73.211281, -39.435989 ] } },
{ "type": "Feature", "properties": { "rbd": "6853", "NOM_RBD": "LICEO POLITECNICO PESQUERO", "exrbd": "6853-810", "Ciencias": 430.2, "Historia": 558.0, "Lenguaje": 570.7, "M1": 585.6, "M2": 433.5, "Obligatoria": 578.1 }, "geometry": { "type": "Point", "coordinates": [ -73.211281, -39.435989 ] } },
{ "type": "Feature", "properties": { "rbd": "6895", "NOM_RBD": "LICEO BICENTENARIO SANTA CRUZ", "exrbd": "6895-310", "Ciencias": 416.9, "Historia": 482.3, "Lenguaje": 565.9, "M1": 558.9, "M2": 395.8, "Obligatoria": 563.0 }, "geometry": { "type": "Point", "coordinates": [ -72.961937, -39.53957 ] } },
{ "type": "Feature", "properties": { "rbd": "6896", "NOM_RBD": "SEMINARIO SAN FIDEL", "exrbd": "6896-310", "Ciencias": 465.5, "Historia": 542.5, "Lenguaje": 626.8, "M1": 639.6, "M2": 444.3, "Obligatoria": 633.5 }, "geometry": { "type": "Point", "coordinates": [ -72.96991, -39.541981 ] } },
{ "type": "Feature", "properties": { "rbd": "6897", "NOM_RBD": "LICEO BICENTENERIO DE EXCELENCIA CAMILO HENRIQUEZ GONZALEZ DE LANCO.", "exrbd": "6897-310", "Ciencias": 426.2, "Historia": 460.5, "Lenguaje": 574.1, "M1": 593.3, "M2": 392.2, "Obligatoria": 587.4 }, "geometry": { "type": "Point", "coordinates": [ -72.771851, -39.45113 ] } },
{ "type": "Feature", "properties": { "rbd": "6897", "NOM_RBD": "LICEO BICENTENERIO DE EXCELENCIA CAMILO HENRIQUEZ GONZALEZ DE LANCO.", "exrbd": "6897-410", "Ciencias": 388.8, "Historia": 449.3, "Lenguaje": 517.7, "M1": 554.0, "M2": 374.0, "Obligatoria": 537.9 }, "geometry": { "type": "Point", "coordinates": [ -72.771851, -39.45113 ] } },
{ "type": "Feature", "properties": { "rbd": "6897", "NOM_RBD": "LICEO BICENTENERIO DE EXCELENCIA CAMILO HENRIQUEZ GONZALEZ DE LANCO.", "exrbd": "6897-510", "Ciencias": 377.6, "Historia": 390.6, "Lenguaje": 500.1, "M1": 547.6, "M2": 390.0, "Obligatoria": 532.5 }, "geometry": { "type": "Point", "coordinates": [ -72.771851, -39.45113 ] } },
{ "type": "Feature", "properties": { "rbd": "6897", "NOM_RBD": "LICEO BICENTENERIO DE EXCELENCIA CAMILO HENRIQUEZ GONZALEZ DE LANCO.", "exrbd": "6897-610", "Ciencias": 383.2, "Historia": 427.0, "Lenguaje": 489.4, "M1": 475.1, "M2": 413.7, "Obligatoria": 482.3 }, "geometry": { "type": "Point", "coordinates": [ -72.771851, -39.45113 ] } },
{ "type": "Feature", "properties": { "rbd": "6899", "NOM_RBD": "LICEO REPUBLICA DEL BRASIL", "exrbd": "6899-510", "Ciencias": 406.3, "Historia": 497.2, "Lenguaje": 552.7, "M1": 583.9, "M2": 386.6, "Obligatoria": 568.3 }, "geometry": { "type": "Point", "coordinates": [ -72.508507, -39.539982 ] } },
{ "type": "Feature", "properties": { "rbd": "6916", "NOM_RBD": "ESCUELA ALBERTO CORDOVA LATORRE", "exrbd": "6916-363", "Ciencias": 0.0, "Historia": 0.0, "Lenguaje": 471.0, "M1": 362.0, "M2": 0.0, "Obligatoria": 416.5 }, "geometry": { "type": "Point", "coordinates": [ -72.772774, -39.45153 ] } },
{ "type": "Feature", "properties": { "rbd": "6922", "NOM_RBD": "LICEO PADRE ALCUINO", "exrbd": "6922-410", "Ciencias": 419.4, "Historia": 439.1, "Lenguaje": 515.5, "M1": 552.9, "M2": 384.9, "Obligatoria": 534.2 }, "geometry": { "type": "Point", "coordinates": [ -72.508324, -39.538731 ] } },
{ "type": "Feature", "properties": { "rbd": "6922", "NOM_RBD": "LICEO PADRE ALCUINO", "exrbd": "6922-610", "Ciencias": 398.5, "Historia": 415.7, "Lenguaje": 569.0, "M1": 571.7, "M2": 393.5, "Obligatoria": 570.3 }, "geometry": { "type": "Point", "coordinates": [ -72.508324, -39.538731 ] } },
{ "type": "Feature", "properties": { "rbd": "6925", "NOM_RBD": "COLEGIO MARIA REINA", "exrbd": "6925-610", "Ciencias": 394.0, "Historia": 377.0, "Lenguaje": 453.8, "M1": 462.0, "M2": 349.0, "Obligatoria": 457.9 }, "geometry": { "type": "Point", "coordinates": [ -72.694054, -39.480652 ] } },
{ "type": "Feature", "properties": { "rbd": "6929", "NOM_RBD": "LICEO BICENTENARIO ALBERTO BLEST GANA", "exrbd": "6929-310", "Ciencias": 418.6, "Historia": 458.6, "Lenguaje": 559.0, "M1": 554.6, "M2": 399.8, "Obligatoria": 558.1 }, "geometry": { "type": "Point", "coordinates": [ -72.80262, -39.864521 ] } },
{ "type": "Feature", "properties": { "rbd": "6929", "NOM_RBD": "LICEO BICENTENARIO ALBERTO BLEST GANA", "exrbd": "6929-410", "Ciencias": 369.5, "Historia": 468.4, "Lenguaje": 506.8, "M1": 573.1, "M2": 374.1, "Obligatoria": 545.4 }, "geometry": { "type": "Point", "coordinates": [ -72.80262, -39.864521 ] } },
{ "type": "Feature", "properties": { "rbd": "6983", "NOM_RBD": "COLEGIO JOSE MANUEL BALMACEDA FÉRNANDEZ", "exrbd": "6983-310", "Ciencias": 408.5, "Historia": 480.0, "Lenguaje": 569.6, "M1": 566.0, "M2": 418.8, "Obligatoria": 566.5 }, "geometry": { "type": "Point", "coordinates": [ -72.38678, -40.13195 ] } },
{ "type": "Feature", "properties": { "rbd": "7004", "NOM_RBD": "COLEGIO MARIA DEOGRACIA", "exrbd": "7004-310", "Ciencias": 409.4, "Historia": 484.9, "Lenguaje": 564.7, "M1": 559.8, "M2": 391.7, "Obligatoria": 562.2 }, "geometry": { "type": "Point", "coordinates": [ -72.388977, -40.131531 ] } },
{ "type": "Feature", "properties": { "rbd": "7006", "NOM_RBD": "LICEO SAN CONRADO DE FUTRONO", "exrbd": "7006-310", "Ciencias": 426.7, "Historia": 488.2, "Lenguaje": 586.6, "M1": 584.2, "M2": 410.9, "Obligatoria": 587.3 }, "geometry": { "type": "Point", "coordinates": [ -72.387619, -40.128239 ] } },
{ "type": "Feature", "properties": { "rbd": "7006", "NOM_RBD": "LICEO SAN CONRADO DE FUTRONO", "exrbd": "7006-610", "Ciencias": 374.4, "Historia": 414.9, "Lenguaje": 525.3, "M1": 548.2, "M2": 390.3, "Obligatoria": 539.4 }, "geometry": { "type": "Point", "coordinates": [ -72.387619, -40.128239 ] } },
{ "type": "Feature", "properties": { "rbd": "7006", "NOM_RBD": "LICEO SAN CONRADO DE FUTRONO", "exrbd": "7006-710", "Ciencias": 369.8, "Historia": 458.5, "Lenguaje": 478.6, "M1": 526.8, "M2": 357.5, "Obligatoria": 515.3 }, "geometry": { "type": "Point", "coordinates": [ -72.387619, -40.128239 ] } },
{ "type": "Feature", "properties": { "rbd": "7015", "NOM_RBD": "LICEO BICENTENARIO DE EXCELENCIA CARLOS HAVERBECK RICHTER", "exrbd": "7015-310", "Ciencias": 431.1, "Historia": 430.1, "Lenguaje": 548.5, "M1": 583.1, "M2": 402.0, "Obligatoria": 564.4 }, "geometry": { "type": "Point", "coordinates": [ -73.432877, -39.889389 ] } },
{ "type": "Feature", "properties": { "rbd": "7015", "NOM_RBD": "LICEO BICENTENARIO DE EXCELENCIA CARLOS HAVERBECK RICHTER", "exrbd": "7015-610", "Ciencias": 395.4, "Historia": 389.0, "Lenguaje": 484.8, "M1": 518.9, "M2": 372.6, "Obligatoria": 501.9 }, "geometry": { "type": "Point", "coordinates": [ -73.432877, -39.889389 ] } },
{ "type": "Feature", "properties": { "rbd": "7031", "NOM_RBD": "LICEO BICENTENARIO GABRIELA MISTRAL", "exrbd": "7031-310", "Ciencias": 454.6, "Historia": 505.5, "Lenguaje": 554.5, "M1": 577.1, "M2": 384.6, "Obligatoria": 565.8 }, "geometry": { "type": "Point", "coordinates": [ -72.954781, -39.6665 ] } },
{ "type": "Feature", "properties": { "rbd": "7031", "NOM_RBD": "LICEO BICENTENARIO GABRIELA MISTRAL", "exrbd": "7031-363", "Ciencias": 426.0, "Historia": 331.0, "Lenguaje": 583.0, "M1": 502.0, "M2": 0.0, "Obligatoria": 542.5 }, "geometry": { "type": "Point", "coordinates": [ -72.954781, -39.6665 ] } },
{ "type": "Feature", "properties": { "rbd": "7031", "NOM_RBD": "LICEO BICENTENARIO GABRIELA MISTRAL", "exrbd": "7031-510", "Ciencias": 374.4, "Historia": 394.2, "Lenguaje": 488.5, "M1": 528.8, "M2": 374.7, "Obligatoria": 508.7 }, "geometry": { "type": "Point", "coordinates": [ -72.954781, -39.6665 ] } },
{ "type": "Feature", "properties": { "rbd": "7031", "NOM_RBD": "LICEO BICENTENARIO GABRIELA MISTRAL", "exrbd": "7031-610", "Ciencias": 344.5, "Historia": 381.2, "Lenguaje": 499.2, "M1": 492.3, "M2": 376.8, "Obligatoria": 495.8 }, "geometry": { "type": "Point", "coordinates": [ -72.954781, -39.6665 ] } },
{ "type": "Feature", "properties": { "rbd": "7044", "NOM_RBD": "LICEO SANTO CURA DE ARS", "exrbd": "7044-310", "Ciencias": 432.2, "Historia": 465.9, "Lenguaje": 588.1, "M1": 597.5, "M2": 370.3, "Obligatoria": 592.8 }, "geometry": { "type": "Point", "coordinates": [ -72.953056, -39.66526 ] } },
{ "type": "Feature", "properties": { "rbd": "7044", "NOM_RBD": "LICEO SANTO CURA DE ARS", "exrbd": "7044-410", "Ciencias": 393.8, "Historia": 423.0, "Lenguaje": 569.5, "M1": 540.1, "M2": 409.5, "Obligatoria": 554.8 }, "geometry": { "type": "Point", "coordinates": [ -72.953056, -39.66526 ] } },
{ "type": "Feature", "properties": { "rbd": "7044", "NOM_RBD": "LICEO SANTO CURA DE ARS", "exrbd": "7044-610", "Ciencias": 398.1, "Historia": 397.0, "Lenguaje": 527.2, "M1": 508.4, "M2": 384.3, "Obligatoria": 517.4 }, "geometry": { "type": "Point", "coordinates": [ -72.953056, -39.66526 ] } },
{ "type": "Feature", "properties": { "rbd": "7049", "NOM_RBD": "CENTRO EDUCATIVO FERNANDO SANTIVAN", "exrbd": "7049-310", "Ciencias": 404.3, "Historia": 447.2, "Lenguaje": 550.8, "M1": 519.6, "M2": 388.7, "Obligatoria": 535.2 }, "geometry": { "type": "Point", "coordinates": [ -72.327049, -39.639389 ] } },
{ "type": "Feature", "properties": { "rbd": "7049", "NOM_RBD": "CENTRO EDUCATIVO FERNANDO SANTIVAN", "exrbd": "7049-510", "Ciencias": 387.0, "Historia": 360.0, "Lenguaje": 451.6, "M1": 466.8, "M2": 300.7, "Obligatoria": 465.4 }, "geometry": { "type": "Point", "coordinates": [ -72.327049, -39.639389 ] } },
{ "type": "Feature", "properties": { "rbd": "7049", "NOM_RBD": "CENTRO EDUCATIVO FERNANDO SANTIVAN", "exrbd": "7049-610", "Ciencias": 363.2, "Historia": 392.3, "Lenguaje": 506.8, "M1": 462.5, "M2": 395.5, "Obligatoria": 484.7 }, "geometry": { "type": "Point", "coordinates": [ -72.327049, -39.639389 ] } },
{ "type": "Feature", "properties": { "rbd": "7085", "NOM_RBD": "COMPLEJO EDUCACIONAL TIERRA DE ESPERANZA", "exrbd": "7085-310", "Ciencias": 362.8, "Historia": 407.0, "Lenguaje": 544.0, "M1": 530.9, "M2": 369.3, "Obligatoria": 537.4 }, "geometry": { "type": "Point", "coordinates": [ -71.945099, -39.84993 ] } },
{ "type": "Feature", "properties": { "rbd": "7102", "NOM_RBD": "LICEO PADRE SIGISFREDO", "exrbd": "7102-410", "Ciencias": 394.8, "Historia": 444.2, "Lenguaje": 547.7, "M1": 532.2, "M2": 381.8, "Obligatoria": 539.9 }, "geometry": { "type": "Point", "coordinates": [ -72.333076, -39.641479 ] } },
{ "type": "Feature", "properties": { "rbd": "7102", "NOM_RBD": "LICEO PADRE SIGISFREDO", "exrbd": "7102-610", "Ciencias": 380.0, "Historia": 426.7, "Lenguaje": 528.0, "M1": 495.2, "M2": 370.6, "Obligatoria": 511.6 }, "geometry": { "type": "Point", "coordinates": [ -72.333076, -39.641479 ] } },
{ "type": "Feature", "properties": { "rbd": "7128", "NOM_RBD": "COLEGIO DE CULTURA Y DIFUSION ARTISTICA", "exrbd": "7128-310", "Ciencias": 422.9, "Historia": 482.5, "Lenguaje": 546.3, "M1": 550.7, "M2": 381.0, "Obligatoria": 549.3 }, "geometry": { "type": "Point", "coordinates": [ -73.07873535, -40.29660034 ] } },
{ "type": "Feature", "properties": { "rbd": "7129", "NOM_RBD": "LICEO BICENTENARIO RECTOR ABDON ANDRADE COLOMA", "exrbd": "7129-310", "Ciencias": 456.9, "Historia": 489.3, "Lenguaje": 621.0, "M1": 647.8, "M2": 420.0, "Obligatoria": 634.9 }, "geometry": { "type": "Point", "coordinates": [ -73.083611, -40.29813 ] } },
{ "type": "Feature", "properties": { "rbd": "7129", "NOM_RBD": "LICEO BICENTENARIO RECTOR ABDON ANDRADE COLOMA", "exrbd": "7129-410", "Ciencias": 400.0, "Historia": 440.7, "Lenguaje": 575.4, "M1": 587.2, "M2": 383.5, "Obligatoria": 583.5 }, "geometry": { "type": "Point", "coordinates": [ -73.083611, -40.29813 ] } },
{ "type": "Feature", "properties": { "rbd": "7129", "NOM_RBD": "LICEO BICENTENARIO RECTOR ABDON ANDRADE COLOMA", "exrbd": "7129-510", "Ciencias": 443.3, "Historia": 399.0, "Lenguaje": 521.4, "M1": 609.6, "M2": 370.9, "Obligatoria": 564.7 }, "geometry": { "type": "Point", "coordinates": [ -73.083611, -40.29813 ] } },
{ "type": "Feature", "properties": { "rbd": "7135", "NOM_RBD": "COLEGIO TECNICO PROFESIONAL N°1 HONORIO OJEDA VALDERAS", "exrbd": "7135-510", "Ciencias": 378.7, "Historia": 348.0, "Lenguaje": 514.7, "M1": 660.3, "M2": 347.0, "Obligatoria": 587.5 }, "geometry": { "type": "Point", "coordinates": [ -73.079422, -40.292339 ] } },
{ "type": "Feature", "properties": { "rbd": "7135", "NOM_RBD": "COLEGIO TECNICO PROFESIONAL N°1 HONORIO OJEDA VALDERAS", "exrbd": "7135-610", "Ciencias": 377.4, "Historia": 405.0, "Lenguaje": 515.6, "M1": 505.6, "M2": 360.0, "Obligatoria": 514.4 }, "geometry": { "type": "Point", "coordinates": [ -73.079422, -40.292339 ] } },
{ "type": "Feature", "properties": { "rbd": "7180", "NOM_RBD": "COLEGIO ALEMAN R.A. PHILIPPI", "exrbd": "7180-310", "Ciencias": 583.3, "Historia": 654.3, "Lenguaje": 720.8, "M1": 769.2, "M2": 471.3, "Obligatoria": 745.0 }, "geometry": { "type": "Point", "coordinates": [ -73.08438, -40.294868 ] } },
{ "type": "Feature", "properties": { "rbd": "7181", "NOM_RBD": "COLEGIO SANTA MARTA", "exrbd": "7181-310", "Ciencias": 454.0, "Historia": 531.9, "Lenguaje": 638.1, "M1": 637.9, "M2": 418.8, "Obligatoria": 638.0 }, "geometry": { "type": "Point", "coordinates": [ -73.083801, -40.297359 ] } },
{ "type": "Feature", "properties": { "rbd": "7183", "NOM_RBD": "COLEGIO PADRE DAMIAN", "exrbd": "7183-510", "Ciencias": 434.6, "Historia": 511.3, "Lenguaje": 577.0, "M1": 586.5, "M2": 383.8, "Obligatoria": 581.8 }, "geometry": { "type": "Point", "coordinates": [ -73.0737, -40.299389 ] } },
{ "type": "Feature", "properties": { "rbd": "7200", "NOM_RBD": "LICEO RODULFO AMANDO PHILIPPI", "exrbd": "7200-310", "Ciencias": 425.3, "Historia": 470.8, "Lenguaje": 575.4, "M1": 577.6, "M2": 388.6, "Obligatoria": 577.8 }, "geometry": { "type": "Point", "coordinates": [ -72.866417, -40.069962 ] } },
{ "type": "Feature", "properties": { "rbd": "7200", "NOM_RBD": "LICEO RODULFO AMANDO PHILIPPI", "exrbd": "7200-363", "Ciencias": 344.0, "Historia": 459.0, "Lenguaje": 478.7, "M1": 421.7, "M2": 369.5, "Obligatoria": 450.2 }, "geometry": { "type": "Point", "coordinates": [ -72.866417, -40.069962 ] } },
{ "type": "Feature", "properties": { "rbd": "7200", "NOM_RBD": "LICEO RODULFO AMANDO PHILIPPI", "exrbd": "7200-410", "Ciencias": 471.0, "Historia": 457.8, "Lenguaje": 555.8, "M1": 562.8, "M2": 352.3, "Obligatoria": 559.3 }, "geometry": { "type": "Point", "coordinates": [ -72.866417, -40.069962 ] } },
{ "type": "Feature", "properties": { "rbd": "7200", "NOM_RBD": "LICEO RODULFO AMANDO PHILIPPI", "exrbd": "7200-510", "Ciencias": 383.6, "Historia": 391.8, "Lenguaje": 480.0, "M1": 526.8, "M2": 396.2, "Obligatoria": 506.7 }, "geometry": { "type": "Point", "coordinates": [ -72.866417, -40.069962 ] } },
{ "type": "Feature", "properties": { "rbd": "7200", "NOM_RBD": "LICEO RODULFO AMANDO PHILIPPI", "exrbd": "7200-610", "Ciencias": 372.3, "Historia": 516.0, "Lenguaje": 540.5, "M1": 518.2, "M2": 342.7, "Obligatoria": 529.3 }, "geometry": { "type": "Point", "coordinates": [ -72.866417, -40.069962 ] } },
{ "type": "Feature", "properties": { "rbd": "7202", "NOM_RBD": "COLEGIO PROYECTO DE FUTURO", "exrbd": "7202-310", "Ciencias": 455.7, "Historia": 458.6, "Lenguaje": 573.8, "M1": 578.3, "M2": 389.3, "Obligatoria": 576.1 }, "geometry": { "type": "Point", "coordinates": [ -72.869247, -40.072399 ] } },
{ "type": "Feature", "properties": { "rbd": "7231", "NOM_RBD": "ESCUELA PARTICULAR ALEMANA", "exrbd": "7231-310", "Ciencias": 417.8, "Historia": 497.6, "Lenguaje": 553.3, "M1": 576.9, "M2": 440.5, "Obligatoria": 565.1 }, "geometry": { "type": "Point", "coordinates": [ -72.875511, -40.073292 ] } },
{ "type": "Feature", "properties": { "rbd": "7236", "NOM_RBD": "LICEO BICENTENARIO VICENTE PÉREZ ROSALES", "exrbd": "7236-310", "Ciencias": 430.3, "Historia": 482.3, "Lenguaje": 591.1, "M1": 575.6, "M2": 377.5, "Obligatoria": 583.3 }, "geometry": { "type": "Point", "coordinates": [ -72.94957, -40.336208 ] } },
{ "type": "Feature", "properties": { "rbd": "7236", "NOM_RBD": "LICEO BICENTENARIO VICENTE PÉREZ ROSALES", "exrbd": "7236-363", "Ciencias": 556.0, "Historia": 396.0, "Lenguaje": 483.5, "M1": 499.5, "M2": 0.0, "Obligatoria": 491.5 }, "geometry": { "type": "Point", "coordinates": [ -72.94957, -40.336208 ] } },
{ "type": "Feature", "properties": { "rbd": "7240", "NOM_RBD": "COLEGIO BICENTENARIO CRUCERO OSCAR DANIEL", "exrbd": "7240-310", "Ciencias": 402.8, "Historia": 465.3, "Lenguaje": 510.0, "M1": 490.7, "M2": 360.6, "Obligatoria": 502.0 }, "geometry": { "type": "Point", "coordinates": [ -72.805367, -40.41819 ] } },
{ "type": "Feature", "properties": { "rbd": "7276", "NOM_RBD": "COLEGIO SANTA CRUZ", "exrbd": "7276-310", "Ciencias": 443.1, "Historia": 472.0, "Lenguaje": 613.5, "M1": 619.5, "M2": 423.1, "Obligatoria": 616.5 }, "geometry": { "type": "Point", "coordinates": [ -72.956741, -40.334301 ] } },
{ "type": "Feature", "properties": { "rbd": "7299", "NOM_RBD": "LICEO ANTONIO VARAS", "exrbd": "7299-310", "Ciencias": 420.4, "Historia": 505.1, "Lenguaje": 603.7, "M1": 614.6, "M2": 401.5, "Obligatoria": 609.1 }, "geometry": { "type": "Point", "coordinates": [ -72.47612, -40.32111 ] } },
{ "type": "Feature", "properties": { "rbd": "7323", "NOM_RBD": "COLEGIO INTI SUYAY", "exrbd": "7323-363", "Ciencias": 389.6, "Historia": 433.1, "Lenguaje": 453.1, "M1": 479.4, "M2": 362.0, "Obligatoria": 466.2 }, "geometry": { "type": "Point", "coordinates": [ -73.12755585, -40.57859039 ] } },
{ "type": "Feature", "properties": { "rbd": "7325", "NOM_RBD": "LICEO CARMELA CARVAJAL DE PRAT", "exrbd": "7325-310", "Ciencias": 436.8, "Historia": 476.3, "Lenguaje": 582.9, "M1": 594.8, "M2": 386.3, "Obligatoria": 588.8 }, "geometry": { "type": "Point", "coordinates": [ -73.127029, -40.575989 ] } },
{ "type": "Feature", "properties": { "rbd": "7326", "NOM_RBD": "LICEO INDUSTRIAL OSORNO", "exrbd": "7326-510", "Ciencias": 404.0, "Historia": 484.7, "Lenguaje": 540.5, "M1": 574.5, "M2": 393.1, "Obligatoria": 557.5 }, "geometry": { "type": "Point", "coordinates": [ -73.101669, -40.580109 ] } },
{ "type": "Feature", "properties": { "rbd": "7328", "NOM_RBD": "LICEO RAHUE", "exrbd": "7328-310", "Ciencias": 419.5, "Historia": 514.1, "Lenguaje": 554.4, "M1": 549.0, "M2": 384.2, "Obligatoria": 551.7 }, "geometry": { "type": "Point", "coordinates": [ -73.163918, -40.577839 ] } },
{ "type": "Feature", "properties": { "rbd": "7328", "NOM_RBD": "LICEO RAHUE", "exrbd": "7328-410", "Ciencias": 351.9, "Historia": 418.3, "Lenguaje": 500.8, "M1": 496.1, "M2": 365.8, "Obligatoria": 498.5 }, "geometry": { "type": "Point", "coordinates": [ -73.163918, -40.577839 ] } },
{ "type": "Feature", "properties": { "rbd": "7328", "NOM_RBD": "LICEO RAHUE", "exrbd": "7328-610", "Ciencias": 370.9, "Historia": 396.2, "Lenguaje": 499.6, "M1": 512.7, "M2": 378.2, "Obligatoria": 505.8 }, "geometry": { "type": "Point", "coordinates": [ -73.163918, -40.577839 ] } },
{ "type": "Feature", "properties": { "rbd": "7329", "NOM_RBD": "LICEO BICENTENARIO DE EXCELENCIA ELEUTERIO RAMIREZ", "exrbd": "7329-310", "Ciencias": 432.0, "Historia": 492.8, "Lenguaje": 586.2, "M1": 596.1, "M2": 401.6, "Obligatoria": 591.4 }, "geometry": { "type": "Point", "coordinates": [ -73.131081, -40.575588 ] } },
{ "type": "Feature", "properties": { "rbd": "7331", "NOM_RBD": "LICEO BICENTENARIO DE EXCELENCIA INSTITUTO COMERCIAL DE OSORNO", "exrbd": "7331-410", "Ciencias": 408.7, "Historia": 481.6, "Lenguaje": 591.6, "M1": 587.0, "M2": 389.5, "Obligatoria": 588.9 }, "geometry": { "type": "Point", "coordinates": [ -73.138161, -40.571758 ] } },
{ "type": "Feature", "properties": { "rbd": "7331", "NOM_RBD": "LICEO BICENTENARIO DE EXCELENCIA INSTITUTO COMERCIAL DE OSORNO", "exrbd": "7331-510", "Ciencias": 419.8, "Historia": 464.2, "Lenguaje": 566.9, "M1": 599.2, "M2": 410.5, "Obligatoria": 583.1 }, "geometry": { "type": "Point", "coordinates": [ -73.138161, -40.571758 ] } },
{ "type": "Feature", "properties": { "rbd": "7331", "NOM_RBD": "LICEO BICENTENARIO DE EXCELENCIA INSTITUTO COMERCIAL DE OSORNO", "exrbd": "7331-610", "Ciencias": 399.6, "Historia": 407.9, "Lenguaje": 515.0, "M1": 506.9, "M2": 438.0, "Obligatoria": 511.2 }, "geometry": { "type": "Point", "coordinates": [ -73.138161, -40.571758 ] } },
{ "type": "Feature", "properties": { "rbd": "7388", "NOM_RBD": "COLEGIO SAN JOSE", "exrbd": "7388-310", "Ciencias": 474.3, "Historia": 488.2, "Lenguaje": 639.6, "M1": 682.6, "M2": 467.1, "Obligatoria": 660.9 }, "geometry": { "type": "Point", "coordinates": [ -73.1567, -40.573738 ] } },
{ "type": "Feature", "properties": { "rbd": "7401", "NOM_RBD": "COLEGIO SANTA MARTA", "exrbd": "7401-310", "Ciencias": 440.7, "Historia": 504.1, "Lenguaje": 624.6, "M1": 607.6, "M2": 435.8, "Obligatoria": 616.1 }, "geometry": { "type": "Point", "coordinates": [ -73.134666, -40.579399 ] } },
{ "type": "Feature", "properties": { "rbd": "7404", "NOM_RBD": "COLEGIO RENE SORIANO BORQUEZ", "exrbd": "7404-363", "Ciencias": 376.0, "Historia": 393.0, "Lenguaje": 449.0, "M1": 489.0, "M2": 379.0, "Obligatoria": 469.0 }, "geometry": { "type": "Point", "coordinates": [ -73.154091, -40.580471 ] } },
{ "type": "Feature", "properties": { "rbd": "7406", "NOM_RBD": "COLEGIO SAN MATEO", "exrbd": "7406-310", "Ciencias": 597.4, "Historia": 582.3, "Lenguaje": 695.7, "M1": 757.6, "M2": 528.6, "Obligatoria": 726.7 }, "geometry": { "type": "Point", "coordinates": [ -73.12753, -40.581272 ] } },
{ "type": "Feature", "properties": { "rbd": "7414", "NOM_RBD": "LICEO ALIANZA FRANCESA CLAUDE GAY", "exrbd": "7414-310", "Ciencias": 692.8, "Historia": 714.0, "Lenguaje": 761.2, "M1": 852.2, "M2": 542.9, "Obligatoria": 806.7 }, "geometry": { "type": "Point", "coordinates": [ -73.13638, -40.571492 ] } },
{ "type": "Feature", "properties": { "rbd": "7415", "NOM_RBD": "INSTITUTO ALEMAN DE OSORNO", "exrbd": "7415-310", "Ciencias": 687.8, "Historia": 627.6, "Lenguaje": 742.0, "M1": 842.3, "M2": 598.0, "Obligatoria": 792.2 }, "geometry": { "type": "Point", "coordinates": [ -73.13641, -40.571653 ] } },
{ "type": "Feature", "properties": { "rbd": "7416", "NOM_RBD": "LICEO OSORNO COLLEGE", "exrbd": "7416-310", "Ciencias": 612.7, "Historia": 666.6, "Lenguaje": 709.9, "M1": 793.8, "M2": 517.8, "Obligatoria": 751.9 }, "geometry": { "type": "Point", "coordinates": [ -73.1154, -40.591269 ] } },
{ "type": "Feature", "properties": { "rbd": "7435", "NOM_RBD": "COLEGIO ALEMAN", "exrbd": "7435-310", "Ciencias": 620.2, "Historia": 589.0, "Lenguaje": 715.1, "M1": 825.1, "M2": 517.3, "Obligatoria": 770.1 }, "geometry": { "type": "Point", "coordinates": [ -72.9486, -41.3214 ] } },
{ "type": "Feature", "properties": { "rbd": "7441", "NOM_RBD": "COLEGIO BICENTENARIO DE EXCELENCIA QUILACAHUIN", "exrbd": "7441-710", "Ciencias": 384.2, "Historia": 425.3, "Lenguaje": 500.7, "M1": 517.8, "M2": 443.3, "Obligatoria": 509.3 }, "geometry": { "type": "Point", "coordinates": [ -73.264591592530493, -40.374961353792202 ] } },
{ "type": "Feature", "properties": { "rbd": "7459", "NOM_RBD": "ESCUELA RURAL ESTACION NUEVO PORVENIR", "exrbd": "7459-363", "Ciencias": 0.0, "Historia": 557.0, "Lenguaje": 569.0, "M1": 476.0, "M2": 0.0, "Obligatoria": 522.5 }, "geometry": { "type": "Point", "coordinates": [ -72.606903, -40.693829 ] } },
{ "type": "Feature", "properties": { "rbd": "7470", "NOM_RBD": "LICEO BICENTENARIO PEOPLE HELP PEOPLE DE PILMAIQUEN", "exrbd": "7470-610", "Ciencias": 410.6, "Historia": 497.0, "Lenguaje": 553.2, "M1": 570.3, "M2": 384.8, "Obligatoria": 564.7 }, "geometry": { "type": "Point", "coordinates": [ -72.657227, -40.642399 ] } },
{ "type": "Feature", "properties": { "rbd": "7470", "NOM_RBD": "LICEO BICENTENARIO PEOPLE HELP PEOPLE DE PILMAIQUEN", "exrbd": "7470-710", "Ciencias": 403.0, "Historia": 456.8, "Lenguaje": 561.6, "M1": 563.6, "M2": 390.0, "Obligatoria": 568.1 }, "geometry": { "type": "Point", "coordinates": [ -72.657227, -40.642399 ] } },
{ "type": "Feature", "properties": { "rbd": "7505", "NOM_RBD": "LICEO BICENTENARIO TOMAS BURGOS", "exrbd": "7505-310", "Ciencias": 417.5, "Historia": 489.7, "Lenguaje": 591.0, "M1": 587.0, "M2": 416.3, "Obligatoria": 589.0 }, "geometry": { "type": "Point", "coordinates": [ -73.156914, -40.918579 ] } },
{ "type": "Feature", "properties": { "rbd": "7505", "NOM_RBD": "LICEO BICENTENARIO TOMAS BURGOS", "exrbd": "7505-410", "Ciencias": 403.3, "Historia": 476.6, "Lenguaje": 569.4, "M1": 561.4, "M2": 374.0, "Obligatoria": 565.4 }, "geometry": { "type": "Point", "coordinates": [ -73.156914, -40.918579 ] } },
{ "type": "Feature", "properties": { "rbd": "7505", "NOM_RBD": "LICEO BICENTENARIO TOMAS BURGOS", "exrbd": "7505-510", "Ciencias": 384.0, "Historia": 348.0, "Lenguaje": 458.0, "M1": 479.0, "M2": 409.0, "Obligatoria": 468.5 }, "geometry": { "type": "Point", "coordinates": [ -73.156914, -40.918579 ] } },
{ "type": "Feature", "properties": { "rbd": "7505", "NOM_RBD": "LICEO BICENTENARIO TOMAS BURGOS", "exrbd": "7505-610", "Ciencias": 396.0, "Historia": 462.0, "Lenguaje": 556.4, "M1": 532.2, "M2": 389.0, "Obligatoria": 544.3 }, "geometry": { "type": "Point", "coordinates": [ -73.156914, -40.918579 ] } },
{ "type": "Feature", "properties": { "rbd": "7509", "NOM_RBD": "CENTRO EDUCACION INTEGRAL DE ADULTOS", "exrbd": "7509-363", "Ciencias": 495.0, "Historia": 476.3, "Lenguaje": 510.0, "M1": 476.7, "M2": 0.0, "Obligatoria": 493.3 }, "geometry": { "type": "Point", "coordinates": [ -73.16080475, -40.91317749 ] } },
{ "type": "Feature", "properties": { "rbd": "7536", "NOM_RBD": "COLEGIO PRECIOSA SANGRE", "exrbd": "7536-310", "Ciencias": 451.7, "Historia": 495.0, "Lenguaje": 607.3, "M1": 618.6, "M2": 399.2, "Obligatoria": 613.0 }, "geometry": { "type": "Point", "coordinates": [ -73.15712, -40.913288 ] } },
{ "type": "Feature", "properties": { "rbd": "7542", "NOM_RBD": "LICEO JOSE TORIBIO MEDINA", "exrbd": "7542-310", "Ciencias": 452.9, "Historia": 508.5, "Lenguaje": 581.3, "M1": 603.7, "M2": 406.9, "Obligatoria": 592.5 }, "geometry": { "type": "Point", "coordinates": [ -73.213387, -40.790031 ] } },
{ "type": "Feature", "properties": { "rbd": "7542", "NOM_RBD": "LICEO JOSE TORIBIO MEDINA", "exrbd": "7542-363", "Ciencias": 0.0, "Historia": 524.8, "Lenguaje": 562.3, "M1": 499.0, "M2": 0.0, "Obligatoria": 530.6 }, "geometry": { "type": "Point", "coordinates": [ -73.213387, -40.790031 ] } },
{ "type": "Feature", "properties": { "rbd": "7542", "NOM_RBD": "LICEO JOSE TORIBIO MEDINA", "exrbd": "7542-510", "Ciencias": 381.0, "Historia": 370.5, "Lenguaje": 457.2, "M1": 487.2, "M2": 365.5, "Obligatoria": 472.2 }, "geometry": { "type": "Point", "coordinates": [ -73.213387, -40.790031 ] } },
{ "type": "Feature", "properties": { "rbd": "7544", "NOM_RBD": "COLEGIO RIACHUELO", "exrbd": "7544-310", "Ciencias": 425.6, "Historia": 413.8, "Lenguaje": 485.2, "M1": 537.9, "M2": 413.3, "Obligatoria": 512.9 }, "geometry": { "type": "Point", "coordinates": [ -73.336052, -40.822811 ] } },
{ "type": "Feature", "properties": { "rbd": "7544", "NOM_RBD": "COLEGIO RIACHUELO", "exrbd": "7544-410", "Ciencias": 396.5, "Historia": 432.3, "Lenguaje": 493.8, "M1": 527.3, "M2": 364.7, "Obligatoria": 510.5 }, "geometry": { "type": "Point", "coordinates": [ -73.336052, -40.822811 ] } },
{ "type": "Feature", "properties": { "rbd": "7572", "NOM_RBD": "COLEGIO SAGRADA FAMILIA", "exrbd": "7572-310", "Ciencias": 415.8, "Historia": 468.4, "Lenguaje": 592.2, "M1": 595.4, "M2": 384.8, "Obligatoria": 592.4 }, "geometry": { "type": "Point", "coordinates": [ -73.216331, -40.803711 ] } },
{ "type": "Feature", "properties": { "rbd": "7578", "NOM_RBD": "LICEO BICENTENARIO AGRICOLA `VISTA HERMOSA`", "exrbd": "7578-710", "Ciencias": 409.7, "Historia": 457.2, "Lenguaje": 553.5, "M1": 611.9, "M2": 434.5, "Obligatoria": 583.8 }, "geometry": { "type": "Point", "coordinates": [ -73.215919, -40.784882 ] } },
{ "type": "Feature", "properties": { "rbd": "7614", "NOM_RBD": "COLEGIO BICENTENARIO DE EXCELENCIA MISION SAN JUAN DE LA COSTA", "exrbd": "7614-610", "Ciencias": 383.6, "Historia": 426.5, "Lenguaje": 558.0, "M1": 533.5, "M2": 0.0, "Obligatoria": 545.7 }, "geometry": { "type": "Point", "coordinates": [ -73.405212, -40.490292 ] } },
{ "type": "Feature", "properties": { "rbd": "7624", "NOM_RBD": "ESCUELA DE ADULTOS RELONCAVI", "exrbd": "7624-363", "Ciencias": 417.7, "Historia": 484.0, "Lenguaje": 541.7, "M1": 513.0, "M2": 383.5, "Obligatoria": 527.3 }, "geometry": { "type": "Point", "coordinates": [ -72.897395, -41.3874151 ] } },
{ "type": "Feature", "properties": { "rbd": "7625", "NOM_RBD": "LICEO INDUSTRIAL PUERTO MONTT", "exrbd": "7625-510", "Ciencias": 383.0, "Historia": 424.7, "Lenguaje": 545.1, "M1": 560.8, "M2": 395.6, "Obligatoria": 549.6 }, "geometry": { "type": "Point", "coordinates": [ -72.928703, -41.471519 ] } },
{ "type": "Feature", "properties": { "rbd": "7625", "NOM_RBD": "LICEO INDUSTRIAL PUERTO MONTT", "exrbd": "7625-810", "Ciencias": 372.7, "Historia": 403.6, "Lenguaje": 488.3, "M1": 548.3, "M2": 366.0, "Obligatoria": 518.3 }, "geometry": { "type": "Point", "coordinates": [ -72.928703, -41.471519 ] } },
{ "type": "Feature", "properties": { "rbd": "7626", "NOM_RBD": "INSTITUTO COMERCIAL DE PUERTO MONTT", "exrbd": "7626-410", "Ciencias": 408.3, "Historia": 444.0, "Lenguaje": 544.8, "M1": 551.6, "M2": 399.1, "Obligatoria": 548.1 }, "geometry": { "type": "Point", "coordinates": [ -72.930542, -41.46777 ] } },
{ "type": "Feature", "properties": { "rbd": "7627", "NOM_RBD": "LICEO DE HOMBRES MANUEL MONTT", "exrbd": "7627-310", "Ciencias": 460.7, "Historia": 526.2, "Lenguaje": 613.7, "M1": 628.4, "M2": 408.0, "Obligatoria": 621.8 }, "geometry": { "type": "Point", "coordinates": [ -72.942574, -41.46949 ] } },
{ "type": "Feature", "properties": { "rbd": "7628", "NOM_RBD": "LICEO ISIDORA ZEGERS DE HUNEEUS", "exrbd": "7628-310", "Ciencias": 408.3, "Historia": 482.1, "Lenguaje": 560.4, "M1": 562.6, "M2": 390.9, "Obligatoria": 561.1 }, "geometry": { "type": "Point", "coordinates": [ -72.933151, -41.472012 ] } },
{ "type": "Feature", "properties": { "rbd": "7629", "NOM_RBD": "LICEO ANDRES BELLO", "exrbd": "7629-310", "Ciencias": 395.0, "Historia": 455.6, "Lenguaje": 527.8, "M1": 561.5, "M2": 397.0, "Obligatoria": 540.0 }, "geometry": { "type": "Point", "coordinates": [ -72.951591, -41.45974 ] } },
{ "type": "Feature", "properties": { "rbd": "7629", "NOM_RBD": "LICEO ANDRES BELLO", "exrbd": "7629-410", "Ciencias": 383.7, "Historia": 449.1, "Lenguaje": 565.2, "M1": 572.3, "M2": 365.2, "Obligatoria": 572.7 }, "geometry": { "type": "Point", "coordinates": [ -72.951591, -41.45974 ] } },
{ "type": "Feature", "properties": { "rbd": "7629", "NOM_RBD": "LICEO ANDRES BELLO", "exrbd": "7629-510", "Ciencias": 392.5, "Historia": 449.0, "Lenguaje": 564.9, "M1": 576.2, "M2": 387.0, "Obligatoria": 574.6 }, "geometry": { "type": "Point", "coordinates": [ -72.951591, -41.45974 ] } },
{ "type": "Feature", "properties": { "rbd": "7629", "NOM_RBD": "LICEO ANDRES BELLO", "exrbd": "7629-610", "Ciencias": 370.7, "Historia": 383.3, "Lenguaje": 501.3, "M1": 482.5, "M2": 400.3, "Obligatoria": 492.6 }, "geometry": { "type": "Point", "coordinates": [ -72.951591, -41.45974 ] } },
{ "type": "Feature", "properties": { "rbd": "7639", "NOM_RBD": "COLEGIO DARIO SALAS", "exrbd": "7639-310", "Ciencias": 441.5, "Historia": 482.3, "Lenguaje": 604.4, "M1": 600.4, "M2": 406.1, "Obligatoria": 602.9 }, "geometry": { "type": "Point", "coordinates": [ -72.931519, -41.464031 ] } },
{ "type": "Feature", "properties": { "rbd": "7650", "NOM_RBD": "ESCUELA DE CULTURA Y DIFUSION ARTISTICA", "exrbd": "7650-310", "Ciencias": 432.6, "Historia": 455.7, "Lenguaje": 566.7, "M1": 571.9, "M2": 406.8, "Obligatoria": 569.3 }, "geometry": { "type": "Point", "coordinates": [ -72.95062256, -41.47690582 ] } },
{ "type": "Feature", "properties": { "rbd": "7651", "NOM_RBD": "COLEGIO TECNICO PROFESIONAL PIEDRA AZUL", "exrbd": "7651-810", "Ciencias": 405.7, "Historia": 348.0, "Lenguaje": 492.4, "M1": 464.8, "M2": 292.0, "Obligatoria": 485.1 }, "geometry": { "type": "Point", "coordinates": [ -72.788307, -41.50882 ] } },
{ "type": "Feature", "properties": { "rbd": "7667", "NOM_RBD": "CENTRO DE EDUCACION DE ADULTOS JOSE BERNARDO SUAREZ", "exrbd": "7667-363", "Ciencias": 410.0, "Historia": 561.0, "Lenguaje": 499.3, "M1": 471.0, "M2": 0.0, "Obligatoria": 485.1 }, "geometry": { "type": "Point", "coordinates": [ -72.94135284, -41.46850586 ] } },
{ "type": "Feature", "properties": { "rbd": "7699", "NOM_RBD": "COLEGIO SALESIANO PADRE JOSE FERNANDEZ PEREZ", "exrbd": "7699-310", "Ciencias": 515.7, "Historia": 564.0, "Lenguaje": 668.9, "M1": 704.3, "M2": 516.7, "Obligatoria": 686.6 }, "geometry": { "type": "Point", "coordinates": [ -72.962486, -41.463249 ] } },
{ "type": "Feature", "properties": { "rbd": "7699", "NOM_RBD": "COLEGIO SALESIANO PADRE JOSE FERNANDEZ PEREZ", "exrbd": "7699-410", "Ciencias": 416.5, "Historia": 467.5, "Lenguaje": 579.1, "M1": 612.0, "M2": 404.4, "Obligatoria": 595.5 }, "geometry": { "type": "Point", "coordinates": [ -72.962486, -41.463249 ] } },
{ "type": "Feature", "properties": { "rbd": "7699", "NOM_RBD": "COLEGIO SALESIANO PADRE JOSE FERNANDEZ PEREZ", "exrbd": "7699-510", "Ciencias": 423.2, "Historia": 476.9, "Lenguaje": 560.6, "M1": 599.9, "M2": 392.4, "Obligatoria": 580.7 }, "geometry": { "type": "Point", "coordinates": [ -72.962486, -41.463249 ] } },
{ "type": "Feature", "properties": { "rbd": "7700", "NOM_RBD": "COLEGIO SAN FRANCISCO JAVIER", "exrbd": "7700-310", "Ciencias": 612.5, "Historia": 644.0, "Lenguaje": 735.6, "M1": 818.5, "M2": 525.5, "Obligatoria": 777.1 }, "geometry": { "type": "Point", "coordinates": [ -72.94311, -41.470714 ] } },
{ "type": "Feature", "properties": { "rbd": "7701", "NOM_RBD": "COLEGIO ARRIARAN BARROS", "exrbd": "7701-310", "Ciencias": 491.5, "Historia": 491.0, "Lenguaje": 641.6, "M1": 646.9, "M2": 402.9, "Obligatoria": 644.1 }, "geometry": { "type": "Point", "coordinates": [ -72.938072, -41.46933 ] } },
{ "type": "Feature", "properties": { "rbd": "7705", "NOM_RBD": "INSTITUTO POLITECNICO MARIA AUXILIADORA", "exrbd": "7705-410", "Ciencias": 375.9, "Historia": 482.2, "Lenguaje": 562.0, "M1": 563.3, "M2": 392.1, "Obligatoria": 562.6 }, "geometry": { "type": "Point", "coordinates": [ -72.9508565, -41.4746356 ] } },
{ "type": "Feature", "properties": { "rbd": "7705", "NOM_RBD": "INSTITUTO POLITECNICO MARIA AUXILIADORA", "exrbd": "7705-510", "Ciencias": 390.6, "Historia": 477.0, "Lenguaje": 560.2, "M1": 551.2, "M2": 380.7, "Obligatoria": 555.7 }, "geometry": { "type": "Point", "coordinates": [ -72.9508565, -41.4746356 ] } },
{ "type": "Feature", "properties": { "rbd": "7705", "NOM_RBD": "INSTITUTO POLITECNICO MARIA AUXILIADORA", "exrbd": "7705-610", "Ciencias": 381.8, "Historia": 434.5, "Lenguaje": 505.5, "M1": 517.6, "M2": 380.8, "Obligatoria": 513.4 }, "geometry": { "type": "Point", "coordinates": [ -72.9508565, -41.4746356 ] } },
{ "type": "Feature", "properties": { "rbd": "7706", "NOM_RBD": "COLEGIO SAN MAXIMILIANO KOLBE DE PUERTO MONTT", "exrbd": "7706-310", "Ciencias": 504.3, "Historia": 564.7, "Lenguaje": 671.1, "M1": 690.2, "M2": 465.2, "Obligatoria": 681.0 }, "geometry": { "type": "Point", "coordinates": [ -72.935928, -41.452572 ] } },
{ "type": "Feature", "properties": { "rbd": "7707", "NOM_RBD": "COLEGIO INMACULADA CONCEPCION", "exrbd": "7707-310", "Ciencias": 506.5, "Historia": 534.7, "Lenguaje": 644.2, "M1": 653.1, "M2": 442.1, "Obligatoria": 648.3 }, "geometry": { "type": "Point", "coordinates": [ -72.939423, -41.466991 ] } },
{ "type": "Feature", "properties": { "rbd": "7709", "NOM_RBD": "COLEGIO SAN JOSE PUERTO MONTT", "exrbd": "7709-310", "Ciencias": 428.3, "Historia": 527.1, "Lenguaje": 616.3, "M1": 624.1, "M2": 410.9, "Obligatoria": 623.7 }, "geometry": { "type": "Point", "coordinates": [ -72.932152, -41.46627 ] } },
{ "type": "Feature", "properties": { "rbd": "7717", "NOM_RBD": "INSTITUTO ALEMAN DE PUERTO MONTT", "exrbd": "7717-310", "Ciencias": 689.2, "Historia": 718.6, "Lenguaje": 765.6, "M1": 836.1, "M2": 523.6, "Obligatoria": 800.9 }, "geometry": { "type": "Point", "coordinates": [ -72.93321, -41.469784 ] } },
{ "type": "Feature", "properties": { "rbd": "7718", "NOM_RBD": "THE AMERICAN SCHOOL", "exrbd": "7718-310", "Ciencias": 607.3, "Historia": 721.9, "Lenguaje": 704.1, "M1": 799.5, "M2": 532.3, "Obligatoria": 751.8 }, "geometry": { "type": "Point", "coordinates": [ -72.91312, -41.456517 ] } },
{ "type": "Feature", "properties": { "rbd": "7720", "NOM_RBD": "LICEO PEDRO AGUIRRE CERDA", "exrbd": "7720-310", "Ciencias": 422.1, "Historia": 474.0, "Lenguaje": 569.9, "M1": 589.7, "M2": 388.4, "Obligatoria": 581.2 }, "geometry": { "type": "Point", "coordinates": [ -72.980972, -41.320721 ] } },
{ "type": "Feature", "properties": { "rbd": "7720", "NOM_RBD": "LICEO PEDRO AGUIRRE CERDA", "exrbd": "7720-363", "Ciencias": 384.0, "Historia": 458.0, "Lenguaje": 515.0, "M1": 507.2, "M2": 416.5, "Obligatoria": 511.1 }, "geometry": { "type": "Point", "coordinates": [ -72.980972, -41.320721 ] } },
{ "type": "Feature", "properties": { "rbd": "7720", "NOM_RBD": "LICEO PEDRO AGUIRRE CERDA", "exrbd": "7720-410", "Ciencias": 408.8, "Historia": 433.8, "Lenguaje": 564.8, "M1": 587.9, "M2": 375.3, "Obligatoria": 576.4 }, "geometry": { "type": "Point", "coordinates": [ -72.980972, -41.320721 ] } },
{ "type": "Feature", "properties": { "rbd": "7720", "NOM_RBD": "LICEO PEDRO AGUIRRE CERDA", "exrbd": "7720-610", "Ciencias": 383.0, "Historia": 416.9, "Lenguaje": 484.8, "M1": 450.3, "M2": 341.5, "Obligatoria": 467.5 }, "geometry": { "type": "Point", "coordinates": [ -72.980972, -41.320721 ] } },
{ "type": "Feature", "properties": { "rbd": "7722", "NOM_RBD": "COLEGIO ROSITA NOVARO DE NOVARO PUERTO VARAS", "exrbd": "7722-310", "Ciencias": 422.8, "Historia": 458.0, "Lenguaje": 548.1, "M1": 594.4, "M2": 403.2, "Obligatoria": 571.3 }, "geometry": { "type": "Point", "coordinates": [ -72.974327, -41.32592 ] } },
{ "type": "Feature", "properties": { "rbd": "7722", "NOM_RBD": "COLEGIO ROSITA NOVARO DE NOVARO PUERTO VARAS", "exrbd": "7722-410", "Ciencias": 384.4, "Historia": 454.5, "Lenguaje": 501.1, "M1": 522.4, "M2": 366.0, "Obligatoria": 511.8 }, "geometry": { "type": "Point", "coordinates": [ -72.974327, -41.32592 ] } },
{ "type": "Feature", "properties": { "rbd": "7724", "NOM_RBD": "CNB ARTISTICO", "exrbd": "7724-310", "Ciencias": 410.3, "Historia": 431.4, "Lenguaje": 520.2, "M1": 545.3, "M2": 384.2, "Obligatoria": 532.8 }, "geometry": { "type": "Point", "coordinates": [ -73.080032, -41.325279 ] } },
{ "type": "Feature", "properties": { "rbd": "7742", "NOM_RBD": "COLEGIO GERMANIA DEL VERBO DIVINO", "exrbd": "7742-310", "Ciencias": 566.9, "Historia": 612.1, "Lenguaje": 705.3, "M1": 782.0, "M2": 504.2, "Obligatoria": 743.7 }, "geometry": { "type": "Point", "coordinates": [ -72.98888, -41.32076 ] } },
{ "type": "Feature", "properties": { "rbd": "7743", "NOM_RBD": "COLEGIO  BICENTENARIO FELMER NIKLITSCHEK", "exrbd": "7743-310", "Ciencias": 487.9, "Historia": 578.0, "Lenguaje": 672.6, "M1": 702.6, "M2": 463.0, "Obligatoria": 687.6 }, "geometry": { "type": "Point", "coordinates": [ -72.966766, -41.329842 ] } },
{ "type": "Feature", "properties": { "rbd": "7743", "NOM_RBD": "COLEGIO  BICENTENARIO FELMER NIKLITSCHEK", "exrbd": "7743-410", "Ciencias": 404.6, "Historia": 459.8, "Lenguaje": 562.2, "M1": 600.2, "M2": 377.4, "Obligatoria": 585.2 }, "geometry": { "type": "Point", "coordinates": [ -72.966766, -41.329842 ] } },
{ "type": "Feature", "properties": { "rbd": "7744", "NOM_RBD": "COLEGIO INMACULADA CONCEPCION PUERTO VARAS", "exrbd": "7744-310", "Ciencias": 502.1, "Historia": 611.4, "Lenguaje": 678.3, "M1": 703.3, "M2": 464.7, "Obligatoria": 694.7 }, "geometry": { "type": "Point", "coordinates": [ -72.988159, -41.319118 ] } },
{ "type": "Feature", "properties": { "rbd": "7753", "NOM_RBD": "ESCUELA BASICA FRONTERIZA JUAN SOLER MANFREDINI", "exrbd": "7753-310", "Ciencias": 402.0, "Historia": 520.0, "Lenguaje": 561.7, "M1": 538.0, "M2": 396.0, "Obligatoria": 549.8 }, "geometry": { "type": "Point", "coordinates": [ -72.307114, -41.493 ] } },
{ "type": "Feature", "properties": { "rbd": "7753", "NOM_RBD": "ESCUELA BASICA FRONTERIZA JUAN SOLER MANFREDINI", "exrbd": "7753-810", "Ciencias": 375.0, "Historia": 356.0, "Lenguaje": 475.5, "M1": 470.5, "M2": 312.0, "Obligatoria": 473.0 }, "geometry": { "type": "Point", "coordinates": [ -72.307114, -41.493 ] } },
{ "type": "Feature", "properties": { "rbd": "7760", "NOM_RBD": "ESCUELA RURAL RIO PUELO", "exrbd": "7760-310", "Ciencias": 435.7, "Historia": 465.0, "Lenguaje": 552.3, "M1": 595.9, "M2": 382.6, "Obligatoria": 574.1 }, "geometry": { "type": "Point", "coordinates": [ -72.295311, -41.662731 ] } },
{ "type": "Feature", "properties": { "rbd": "7772", "NOM_RBD": "LICEO POLITECNICO CALBUCO", "exrbd": "7772-310", "Ciencias": 419.8, "Historia": 442.7, "Lenguaje": 575.4, "M1": 575.4, "M2": 389.5, "Obligatoria": 576.4 }, "geometry": { "type": "Point", "coordinates": [ -73.126694, -41.772789 ] } },
{ "type": "Feature", "properties": { "rbd": "7772", "NOM_RBD": "LICEO POLITECNICO CALBUCO", "exrbd": "7772-363", "Ciencias": 373.5, "Historia": 413.5, "Lenguaje": 537.3, "M1": 438.0, "M2": 396.0, "Obligatoria": 487.6 }, "geometry": { "type": "Point", "coordinates": [ -73.126694, -41.772789 ] } },
{ "type": "Feature", "properties": { "rbd": "7772", "NOM_RBD": "LICEO POLITECNICO CALBUCO", "exrbd": "7772-510", "Ciencias": 372.8, "Historia": 429.7, "Lenguaje": 503.2, "M1": 545.2, "M2": 410.5, "Obligatoria": 525.2 }, "geometry": { "type": "Point", "coordinates": [ -73.126694, -41.772789 ] } },
{ "type": "Feature", "properties": { "rbd": "7772", "NOM_RBD": "LICEO POLITECNICO CALBUCO", "exrbd": "7772-610", "Ciencias": 393.6, "Historia": 530.0, "Lenguaje": 556.6, "M1": 512.5, "M2": 423.0, "Obligatoria": 534.6 }, "geometry": { "type": "Point", "coordinates": [ -73.126694, -41.772789 ] } },
{ "type": "Feature", "properties": { "rbd": "7772", "NOM_RBD": "LICEO POLITECNICO CALBUCO", "exrbd": "7772-810", "Ciencias": 374.6, "Historia": 409.6, "Lenguaje": 521.0, "M1": 541.6, "M2": 394.1, "Obligatoria": 522.8 }, "geometry": { "type": "Point", "coordinates": [ -73.126694, -41.772789 ] } },
{ "type": "Feature", "properties": { "rbd": "7773", "NOM_RBD": "COLEGIO EULOGIO GOYCOLEA GARAY", "exrbd": "7773-310", "Ciencias": 447.8, "Historia": 445.6, "Lenguaje": 578.3, "M1": 591.6, "M2": 428.6, "Obligatoria": 585.0 }, "geometry": { "type": "Point", "coordinates": [ -73.128563, -41.773529 ] } },
{ "type": "Feature", "properties": { "rbd": "7775", "NOM_RBD": "ESCUELA RURAL PARGUA", "exrbd": "7775-310", "Ciencias": 415.5, "Historia": 474.2, "Lenguaje": 542.4, "M1": 518.8, "M2": 379.7, "Obligatoria": 530.6 }, "geometry": { "type": "Point", "coordinates": [ -73.457474, -41.78989 ] } },
{ "type": "Feature", "properties": { "rbd": "7776", "NOM_RBD": "ESCUELA RURAL EL SEMBRADOR", "exrbd": "7776-310", "Ciencias": 367.8, "Historia": 377.3, "Lenguaje": 481.8, "M1": 471.8, "M2": 410.0, "Obligatoria": 476.8 }, "geometry": { "type": "Point", "coordinates": [ -73.074692, -41.819 ] } },
{ "type": "Feature", "properties": { "rbd": "7826", "NOM_RBD": "COLEGIO SAN MIGUEL", "exrbd": "7826-310", "Ciencias": 466.9, "Historia": 464.4, "Lenguaje": 591.9, "M1": 625.5, "M2": 408.4, "Obligatoria": 608.7 }, "geometry": { "type": "Point", "coordinates": [ -73.128517, -41.771839 ] } },
{ "type": "Feature", "properties": { "rbd": "7830", "NOM_RBD": "LICEO CAPITAN DE FRAGATA FRANCISCO VIDAL GORMAZ", "exrbd": "7830-310", "Ciencias": 465.3, "Historia": 379.8, "Lenguaje": 535.2, "M1": 560.1, "M2": 438.0, "Obligatoria": 547.6 }, "geometry": { "type": "Point", "coordinates": [ -73.600861, -41.615688 ] } },
{ "type": "Feature", "properties": { "rbd": "7830", "NOM_RBD": "LICEO CAPITAN DE FRAGATA FRANCISCO VIDAL GORMAZ", "exrbd": "7830-810", "Ciencias": 365.8, "Historia": 429.3, "Lenguaje": 435.7, "M1": 534.8, "M2": 0.0, "Obligatoria": 496.7 }, "geometry": { "type": "Point", "coordinates": [ -73.600861, -41.615688 ] } },
{ "type": "Feature", "properties": { "rbd": "7872", "NOM_RBD": "COLEGIO BICENTENARIO DE DIFUSION ARTISTICA LOS ULMOS", "exrbd": "7872-310", "Ciencias": 380.6, "Historia": 429.9, "Lenguaje": 538.0, "M1": 547.6, "M2": 426.8, "Obligatoria": 542.8 }, "geometry": { "type": "Point", "coordinates": [ -73.457581, -41.391781 ] } },
{ "type": "Feature", "properties": { "rbd": "7907", "NOM_RBD": "COLEGIO RAMON ANGEL JARA", "exrbd": "7907-310", "Ciencias": 443.1, "Historia": 503.0, "Lenguaje": 596.8, "M1": 610.6, "M2": 416.9, "Obligatoria": 604.6 }, "geometry": { "type": "Point", "coordinates": [ -73.46624, -41.393391 ] } },
{ "type": "Feature", "properties": { "rbd": "7941", "NOM_RBD": "LICEO CARLOS IBAÑEZ DEL CAMPO", "exrbd": "7941-310", "Ciencias": 436.8, "Historia": 440.7, "Lenguaje": 578.4, "M1": 607.9, "M2": 416.0, "Obligatoria": 593.1 }, "geometry": { "type": "Point", "coordinates": [ -73.416786, -41.153351 ] } },
{ "type": "Feature", "properties": { "rbd": "7941", "NOM_RBD": "LICEO CARLOS IBAÑEZ DEL CAMPO", "exrbd": "7941-410", "Ciencias": 393.9, "Historia": 427.5, "Lenguaje": 516.1, "M1": 519.6, "M2": 388.9, "Obligatoria": 519.8 }, "geometry": { "type": "Point", "coordinates": [ -73.416786, -41.153351 ] } },
{ "type": "Feature", "properties": { "rbd": "7941", "NOM_RBD": "LICEO CARLOS IBAÑEZ DEL CAMPO", "exrbd": "7941-610", "Ciencias": 351.0, "Historia": 386.8, "Lenguaje": 481.4, "M1": 469.4, "M2": 0.0, "Obligatoria": 475.4 }, "geometry": { "type": "Point", "coordinates": [ -73.416786, -41.153351 ] } },
{ "type": "Feature", "properties": { "rbd": "7941", "NOM_RBD": "LICEO CARLOS IBAÑEZ DEL CAMPO", "exrbd": "7941-710", "Ciencias": 404.8, "Historia": 394.5, "Lenguaje": 498.3, "M1": 509.8, "M2": 0.0, "Obligatoria": 499.5 }, "geometry": { "type": "Point", "coordinates": [ -73.416786, -41.153351 ] } },
{ "type": "Feature", "properties": { "rbd": "7942", "NOM_RBD": "COLEGIO PURISIMO CORAZON DE MARIA", "exrbd": "7942-310", "Ciencias": 464.6, "Historia": 449.1, "Lenguaje": 580.3, "M1": 603.5, "M2": 425.3, "Obligatoria": 593.9 }, "geometry": { "type": "Point", "coordinates": [ -73.423401, -41.154072 ] } },
{ "type": "Feature", "properties": { "rbd": "7956", "NOM_RBD": "LICEO BICENTENARIO POLITECNICO HOLANDA", "exrbd": "7956-310", "Ciencias": 414.0, "Historia": 570.2, "Lenguaje": 625.6, "M1": 598.1, "M2": 475.7, "Obligatoria": 615.2 }, "geometry": { "type": "Point", "coordinates": [ -72.997993, -41.2691 ] } },
{ "type": "Feature", "properties": { "rbd": "7956", "NOM_RBD": "LICEO BICENTENARIO POLITECNICO HOLANDA", "exrbd": "7956-410", "Ciencias": 396.6, "Historia": 389.0, "Lenguaje": 498.2, "M1": 523.5, "M2": 390.9, "Obligatoria": 510.9 }, "geometry": { "type": "Point", "coordinates": [ -72.997993, -41.2691 ] } },
{ "type": "Feature", "properties": { "rbd": "7956", "NOM_RBD": "LICEO BICENTENARIO POLITECNICO HOLANDA", "exrbd": "7956-610", "Ciencias": 371.7, "Historia": 423.8, "Lenguaje": 504.3, "M1": 528.6, "M2": 385.2, "Obligatoria": 517.9 }, "geometry": { "type": "Point", "coordinates": [ -72.997993, -41.2691 ] } },
{ "type": "Feature", "properties": { "rbd": "7970", "NOM_RBD": "ESCUELA PARTICULAR N.239 LOS VOLCANES", "exrbd": "7970-363", "Ciencias": 335.0, "Historia": 0.0, "Lenguaje": 537.0, "M1": 566.0, "M2": 431.0, "Obligatoria": 551.5 }, "geometry": { "type": "Point", "coordinates": [ -72.995537, -41.271839 ] } },
{ "type": "Feature", "properties": { "rbd": "7973", "NOM_RBD": "LICEO INDUSTRIAL CHILENO-ALEMAN", "exrbd": "7973-510", "Ciencias": 386.8, "Historia": 415.9, "Lenguaje": 522.2, "M1": 554.3, "M2": 391.3, "Obligatoria": 540.2 }, "geometry": { "type": "Point", "coordinates": [ -73.03257, -41.13213 ] } },
{ "type": "Feature", "properties": { "rbd": "7989", "NOM_RBD": "COLEGIO PARTICULAR N. 244 `MADRE DE DIOS`", "exrbd": "7989-310", "Ciencias": 406.2, "Historia": 499.3, "Lenguaje": 590.6, "M1": 573.3, "M2": 401.1, "Obligatoria": 581.9 }, "geometry": { "type": "Point", "coordinates": [ -73.057404, -41.127102 ] } },
{ "type": "Feature", "properties": { "rbd": "8000", "NOM_RBD": "INSTITUTO ALEMAN DE FRUTILLAR", "exrbd": "8000-310", "Ciencias": 541.0, "Historia": 667.7, "Lenguaje": 681.2, "M1": 815.3, "M2": 495.0, "Obligatoria": 748.2 }, "geometry": { "type": "Point", "coordinates": [ -73.0279844, -41.1299148 ] } },
{ "type": "Feature", "properties": { "rbd": "8001", "NOM_RBD": "LICEO POLITECNICO DE CASTRO", "exrbd": "8001-410", "Ciencias": 406.9, "Historia": 447.8, "Lenguaje": 567.1, "M1": 589.9, "M2": 383.3, "Obligatoria": 576.9 }, "geometry": { "type": "Point", "coordinates": [ -73.768593, -42.480202 ] } },
{ "type": "Feature", "properties": { "rbd": "8001", "NOM_RBD": "LICEO POLITECNICO DE CASTRO", "exrbd": "8001-510", "Ciencias": 412.0, "Historia": 455.3, "Lenguaje": 561.1, "M1": 586.9, "M2": 391.5, "Obligatoria": 574.0 }, "geometry": { "type": "Point", "coordinates": [ -73.768593, -42.480202 ] } },
{ "type": "Feature", "properties": { "rbd": "8001", "NOM_RBD": "LICEO POLITECNICO DE CASTRO", "exrbd": "8001-610", "Ciencias": 413.3, "Historia": 431.7, "Lenguaje": 569.6, "M1": 565.2, "M2": 392.5, "Obligatoria": 567.2 }, "geometry": { "type": "Point", "coordinates": [ -73.768593, -42.480202 ] } },
{ "type": "Feature", "properties": { "rbd": "8002", "NOM_RBD": "LICEO GALVARINO RIVEROS CARDENAS", "exrbd": "8002-310", "Ciencias": 469.5, "Historia": 519.2, "Lenguaje": 637.9, "M1": 659.5, "M2": 458.3, "Obligatoria": 650.9 }, "geometry": { "type": "Point", "coordinates": [ -73.763977, -42.48428 ] } },
{ "type": "Feature", "properties": { "rbd": "8005", "NOM_RBD": "LICEO AYTUE", "exrbd": "8005-310", "Ciencias": 428.1, "Historia": 486.0, "Lenguaje": 570.0, "M1": 582.5, "M2": 382.0, "Obligatoria": 588.5 }, "geometry": { "type": "Point", "coordinates": [ -73.775909, -42.471729 ] } },
{ "type": "Feature", "properties": { "rbd": "8005", "NOM_RBD": "LICEO AYTUE", "exrbd": "8005-363", "Ciencias": 0.0, "Historia": 460.0, "Lenguaje": 471.5, "M1": 456.8, "M2": 0.0, "Obligatoria": 464.1 }, "geometry": { "type": "Point", "coordinates": [ -73.775909, -42.471729 ] } },
{ "type": "Feature", "properties": { "rbd": "8005", "NOM_RBD": "LICEO AYTUE", "exrbd": "8005-510", "Ciencias": 385.2, "Historia": 429.3, "Lenguaje": 519.2, "M1": 546.2, "M2": 383.0, "Obligatoria": 537.2 }, "geometry": { "type": "Point", "coordinates": [ -73.775909, -42.471729 ] } },
{ "type": "Feature", "properties": { "rbd": "8023", "NOM_RBD": "ESCUELA DE ADULTOS DE CASTRO", "exrbd": "8023-363", "Ciencias": 410.0, "Historia": 527.8, "Lenguaje": 526.6, "M1": 517.4, "M2": 424.3, "Obligatoria": 522.0 }, "geometry": { "type": "Point", "coordinates": [ -73.76198578, -42.47688675 ] } },
{ "type": "Feature", "properties": { "rbd": "8044", "NOM_RBD": "LICEO POLIVALENTE DE ANCUD", "exrbd": "8044-310", "Ciencias": 358.3, "Historia": 463.8, "Lenguaje": 503.3, "M1": 546.4, "M2": 430.5, "Obligatoria": 524.8 }, "geometry": { "type": "Point", "coordinates": [ -73.817543, -41.866901 ] } },
{ "type": "Feature", "properties": { "rbd": "8044", "NOM_RBD": "LICEO POLIVALENTE DE ANCUD", "exrbd": "8044-510", "Ciencias": 363.3, "Historia": 360.0, "Lenguaje": 460.1, "M1": 508.4, "M2": 347.0, "Obligatoria": 488.9 }, "geometry": { "type": "Point", "coordinates": [ -73.817543, -41.866901 ] } },
{ "type": "Feature", "properties": { "rbd": "8044", "NOM_RBD": "LICEO POLIVALENTE DE ANCUD", "exrbd": "8044-610", "Ciencias": 393.0, "Historia": 421.0, "Lenguaje": 499.9, "M1": 491.3, "M2": 0.0, "Obligatoria": 495.6 }, "geometry": { "type": "Point", "coordinates": [ -73.817543, -41.866901 ] } },
{ "type": "Feature", "properties": { "rbd": "8044", "NOM_RBD": "LICEO POLIVALENTE DE ANCUD", "exrbd": "8044-710", "Ciencias": 383.0, "Historia": 426.5, "Lenguaje": 493.1, "M1": 494.0, "M2": 312.0, "Obligatoria": 499.4 }, "geometry": { "type": "Point", "coordinates": [ -73.817543, -41.866901 ] } },
{ "type": "Feature", "properties": { "rbd": "8105", "NOM_RBD": "LICEO BICENTENARIO DE ANCUD", "exrbd": "8105-310", "Ciencias": 447.1, "Historia": 478.5, "Lenguaje": 598.6, "M1": 602.8, "M2": 393.2, "Obligatoria": 601.8 }, "geometry": { "type": "Point", "coordinates": [ -73.828552, -41.86285 ] } },
{ "type": "Feature", "properties": { "rbd": "8108", "NOM_RBD": "SEMINARIO CONCILIAR DE ANCUD", "exrbd": "8108-310", "Ciencias": 451.5, "Historia": 533.3, "Lenguaje": 608.8, "M1": 628.5, "M2": 411.7, "Obligatoria": 616.3 }, "geometry": { "type": "Point", "coordinates": [ -73.821953, -41.871189 ] } },
{ "type": "Feature", "properties": { "rbd": "8108", "NOM_RBD": "SEMINARIO CONCILIAR DE ANCUD", "exrbd": "8108-510", "Ciencias": 389.3, "Historia": 443.0, "Lenguaje": 561.2, "M1": 596.5, "M2": 397.2, "Obligatoria": 578.8 }, "geometry": { "type": "Point", "coordinates": [ -73.821953, -41.871189 ] } },
{ "type": "Feature", "properties": { "rbd": "8108", "NOM_RBD": "SEMINARIO CONCILIAR DE ANCUD", "exrbd": "8108-610", "Ciencias": 389.1, "Historia": 442.1, "Lenguaje": 549.9, "M1": 528.6, "M2": 360.5, "Obligatoria": 542.0 }, "geometry": { "type": "Point", "coordinates": [ -73.821953, -41.871189 ] } },
{ "type": "Feature", "properties": { "rbd": "8108", "NOM_RBD": "SEMINARIO CONCILIAR DE ANCUD", "exrbd": "8108-810", "Ciencias": 432.4, "Historia": 471.4, "Lenguaje": 568.8, "M1": 602.9, "M2": 402.8, "Obligatoria": 585.9 }, "geometry": { "type": "Point", "coordinates": [ -73.821953, -41.871189 ] } },
{ "type": "Feature", "properties": { "rbd": "8109", "NOM_RBD": "LICEO COMERCIAL EL PILAR", "exrbd": "8109-310", "Ciencias": 432.9, "Historia": 502.9, "Lenguaje": 607.4, "M1": 625.9, "M2": 404.3, "Obligatoria": 617.2 }, "geometry": { "type": "Point", "coordinates": [ -73.821068, -41.869228 ] } },
{ "type": "Feature", "properties": { "rbd": "8109", "NOM_RBD": "LICEO COMERCIAL EL PILAR", "exrbd": "8109-410", "Ciencias": 408.8, "Historia": 448.6, "Lenguaje": 599.1, "M1": 582.3, "M2": 370.0, "Obligatoria": 590.7 }, "geometry": { "type": "Point", "coordinates": [ -73.821068, -41.869228 ] } },
{ "type": "Feature", "properties": { "rbd": "8109", "NOM_RBD": "LICEO COMERCIAL EL PILAR", "exrbd": "8109-510", "Ciencias": 411.0, "Historia": 449.4, "Lenguaje": 572.1, "M1": 599.6, "M2": 367.3, "Obligatoria": 585.8 }, "geometry": { "type": "Point", "coordinates": [ -73.821068, -41.869228 ] } },
{ "type": "Feature", "properties": { "rbd": "8109", "NOM_RBD": "LICEO COMERCIAL EL PILAR", "exrbd": "8109-610", "Ciencias": 371.4, "Historia": 430.2, "Lenguaje": 543.3, "M1": 551.3, "M2": 423.0, "Obligatoria": 550.3 }, "geometry": { "type": "Point", "coordinates": [ -73.821068, -41.869228 ] } },
{ "type": "Feature", "properties": { "rbd": "8111", "NOM_RBD": "LICEO BICENTENARIO QUEMCHI", "exrbd": "8111-310", "Ciencias": 438.7, "Historia": 496.9, "Lenguaje": 598.0, "M1": 620.6, "M2": 374.3, "Obligatoria": 609.3 }, "geometry": { "type": "Point", "coordinates": [ -73.477173, -42.14151 ] } },
{ "type": "Feature", "properties": { "rbd": "8111", "NOM_RBD": "LICEO BICENTENARIO QUEMCHI", "exrbd": "8111-610", "Ciencias": 389.7, "Historia": 459.0, "Lenguaje": 544.9, "M1": 509.0, "M2": 414.0, "Obligatoria": 526.9 }, "geometry": { "type": "Point", "coordinates": [ -73.477173, -42.14151 ] } },
{ "type": "Feature", "properties": { "rbd": "8162", "NOM_RBD": "LICEO ALFREDO DEL CARMEN BARRIA OYARZUN", "exrbd": "8162-310", "Ciencias": 392.3, "Historia": 424.4, "Lenguaje": 554.6, "M1": 549.9, "M2": 392.4, "Obligatoria": 554.0 }, "geometry": { "type": "Point", "coordinates": [ -73.600677, -42.435261 ] } },
{ "type": "Feature", "properties": { "rbd": "8162", "NOM_RBD": "LICEO ALFREDO DEL CARMEN BARRIA OYARZUN", "exrbd": "8162-610", "Ciencias": 380.9, "Historia": 421.2, "Lenguaje": 542.2, "M1": 514.2, "M2": 349.2, "Obligatoria": 528.2 }, "geometry": { "type": "Point", "coordinates": [ -73.600677, -42.435261 ] } },
{ "type": "Feature", "properties": { "rbd": "8174", "NOM_RBD": "LICEO BICENTENARIO INSULAR", "exrbd": "8174-310", "Ciencias": 461.0, "Historia": 478.3, "Lenguaje": 607.8, "M1": 642.0, "M2": 400.9, "Obligatoria": 624.9 }, "geometry": { "type": "Point", "coordinates": [ -73.495483, -42.47028 ] } },
{ "type": "Feature", "properties": { "rbd": "8174", "NOM_RBD": "LICEO BICENTENARIO INSULAR", "exrbd": "8174-610", "Ciencias": 391.4, "Historia": 415.8, "Lenguaje": 526.4, "M1": 509.3, "M2": 0.0, "Obligatoria": 520.1 }, "geometry": { "type": "Point", "coordinates": [ -73.495483, -42.47028 ] } },
{ "type": "Feature", "properties": { "rbd": "8174", "NOM_RBD": "LICEO BICENTENARIO INSULAR", "exrbd": "8174-710", "Ciencias": 365.7, "Historia": 441.0, "Lenguaje": 492.6, "M1": 524.6, "M2": 417.5, "Obligatoria": 512.4 }, "geometry": { "type": "Point", "coordinates": [ -73.495483, -42.47028 ] } },
{ "type": "Feature", "properties": { "rbd": "8174", "NOM_RBD": "LICEO BICENTENARIO INSULAR", "exrbd": "8174-810", "Ciencias": 378.5, "Historia": 401.5, "Lenguaje": 472.0, "M1": 531.3, "M2": 0.0, "Obligatoria": 506.2 }, "geometry": { "type": "Point", "coordinates": [ -73.495483, -42.47028 ] } },
{ "type": "Feature", "properties": { "rbd": "8194", "NOM_RBD": "LICEO PARTICULAR RAMON FREIRE", "exrbd": "8194-310", "Ciencias": 422.1, "Historia": 457.5, "Lenguaje": 565.5, "M1": 603.4, "M2": 396.2, "Obligatoria": 586.0 }, "geometry": { "type": "Point", "coordinates": [ -73.489243, -42.471409 ] } },
{ "type": "Feature", "properties": { "rbd": "8195", "NOM_RBD": "ESCUELA PUQUELDON", "exrbd": "8195-363", "Ciencias": 477.0, "Historia": 473.0, "Lenguaje": 631.0, "M1": 476.0, "M2": 0.0, "Obligatoria": 553.5 }, "geometry": { "type": "Point", "coordinates": [ -73.671967, -42.602039 ] } },
{ "type": "Feature", "properties": { "rbd": "8206", "NOM_RBD": "LICEO BICENTENARIO MANUEL JESUS ANDRADE BORQUEZ", "exrbd": "8206-310", "Ciencias": 424.6, "Historia": 466.4, "Lenguaje": 606.4, "M1": 673.0, "M2": 395.8, "Obligatoria": 643.5 }, "geometry": { "type": "Point", "coordinates": [ -73.778099, -42.622471 ] } },
{ "type": "Feature", "properties": { "rbd": "8206", "NOM_RBD": "LICEO BICENTENARIO MANUEL JESUS ANDRADE BORQUEZ", "exrbd": "8206-363", "Ciencias": 0.0, "Historia": 530.0, "Lenguaje": 576.0, "M1": 502.0, "M2": 0.0, "Obligatoria": 539.0 }, "geometry": { "type": "Point", "coordinates": [ -73.778099, -42.622471 ] } },
{ "type": "Feature", "properties": { "rbd": "8206", "NOM_RBD": "LICEO BICENTENARIO MANUEL JESUS ANDRADE BORQUEZ", "exrbd": "8206-410", "Ciencias": 391.3, "Historia": 420.8, "Lenguaje": 576.4, "M1": 571.1, "M2": 379.2, "Obligatoria": 573.8 }, "geometry": { "type": "Point", "coordinates": [ -73.778099, -42.622471 ] } },
{ "type": "Feature", "properties": { "rbd": "8206", "NOM_RBD": "LICEO BICENTENARIO MANUEL JESUS ANDRADE BORQUEZ", "exrbd": "8206-510", "Ciencias": 400.5, "Historia": 440.0, "Lenguaje": 474.4, "M1": 488.0, "M2": 370.3, "Obligatoria": 484.2 }, "geometry": { "type": "Point", "coordinates": [ -73.778099, -42.622471 ] } },
{ "type": "Feature", "properties": { "rbd": "8255", "NOM_RBD": "LICEO RAYEN MAPU", "exrbd": "8255-310", "Ciencias": 427.1, "Historia": 489.0, "Lenguaje": 586.2, "M1": 577.1, "M2": 425.5, "Obligatoria": 581.7 }, "geometry": { "type": "Point", "coordinates": [ -73.623772, -43.11462 ] } },
{ "type": "Feature", "properties": { "rbd": "8255", "NOM_RBD": "LICEO RAYEN MAPU", "exrbd": "8255-510", "Ciencias": 392.4, "Historia": 458.2, "Lenguaje": 559.4, "M1": 557.9, "M2": 381.5, "Obligatoria": 558.7 }, "geometry": { "type": "Point", "coordinates": [ -73.623772, -43.11462 ] } },
{ "type": "Feature", "properties": { "rbd": "8255", "NOM_RBD": "LICEO RAYEN MAPU", "exrbd": "8255-610", "Ciencias": 452.3, "Historia": 480.8, "Lenguaje": 567.1, "M1": 559.0, "M2": 376.5, "Obligatoria": 570.0 }, "geometry": { "type": "Point", "coordinates": [ -73.623772, -43.11462 ] } },
{ "type": "Feature", "properties": { "rbd": "8309", "NOM_RBD": "LICEO PENINSULAR AYACARA", "exrbd": "8309-310", "Ciencias": 436.4, "Historia": 552.8, "Lenguaje": 594.4, "M1": 599.4, "M2": 435.3, "Obligatoria": 596.9 }, "geometry": { "type": "Point", "coordinates": [ -72.786972, -42.308399 ] } },
{ "type": "Feature", "properties": { "rbd": "8310", "NOM_RBD": "COLEGIO MAURICIO HITCHCOCK", "exrbd": "8310-310", "Ciencias": 429.3, "Historia": 463.4, "Lenguaje": 586.2, "M1": 563.1, "M2": 366.3, "Obligatoria": 574.6 }, "geometry": { "type": "Point", "coordinates": [ -72.715927, -41.800591 ] } },
{ "type": "Feature", "properties": { "rbd": "8331", "NOM_RBD": "LICEO BICENTENARIO FUTALEUFU", "exrbd": "8331-310", "Ciencias": 407.1, "Historia": 457.7, "Lenguaje": 544.0, "M1": 592.4, "M2": 385.4, "Obligatoria": 572.1 }, "geometry": { "type": "Point", "coordinates": [ -71.870277, -43.184151 ] } },
{ "type": "Feature", "properties": { "rbd": "8339", "NOM_RBD": "COLEGIO ROBERTO WHITE GESELL", "exrbd": "8339-310", "Ciencias": 412.7, "Historia": 443.4, "Lenguaje": 544.4, "M1": 579.6, "M2": 438.0, "Obligatoria": 564.1 }, "geometry": { "type": "Point", "coordinates": [ -71.806374, -43.617519 ] } }
]
}
