{
"type": "FeatureCollection",
"crs": { "type": "name", "properties": { "name": "urn:ogc:def:crs:OGC:1.3:CRS84" } },
"features": [
{ "type": "Feature", "properties": { "anio": 2024, "establecimiento": "Escuela Particular El Prado\nRama", "rbd": 22158, "prueba": "Lenguaje", "promedio": 473.0, "LATITUD": -40.255901, "LONGITUD": -72.948174 }, "geometry": { "type": "Point", "coordinates": [ -72.948174, -40.255901 ] } },
{ "type": "Feature", "properties": { "anio": 2024, "establecimiento": "Escuela Particular El Prado\nRama", "rbd": 22158, "prueba": "M1", "promedio": 392.0, "LATITUD": -40.255901, "LONGITUD": -72.948174 }, "geometry": { "type": "Point", "coordinates": [ -72.948174, -40.255901 ] } },
{ "type": "Feature", "properties": { "anio": 2024, "establecimiento": "Escuela Particular El Prado\nRama", "rbd": 22158, "prueba": "M2", "promedio": 348.0, "LATITUD": -40.255901, "LONGITUD": -72.948174 }, "geometry": { "type": "Point", "coordinates": [ -72.948174, -40.255901 ] } },
{ "type": "Feature", "properties": { "anio": 2024, "establecimiento": "Escuela Particular El Prado\nRama", "rbd": 22158, "prueba": "Historia", "promedio": 0.0, "LATITUD": -40.255901, "LONGITUD": -72.948174 }, "geometry": { "type": "Point", "coordinates": [ -72.948174, -40.255901 ] } },
{ "type": "Feature", "properties": { "anio": 2024, "establecimiento": "Escuela Particular El Prado\nRama", "rbd": 22158, "prueba": "Ciencias", "promedio": 425.0, "LATITUD": -40.255901, "LONGITUD": -72.948174 }, "geometry": { "type": "Point", "coordinates": [ -72.948174, -40.255901 ] } },
{ "type": "Feature", "properties": { "anio": 2024, "establecimiento": "Escuela Particular El Prado\nRama", "rbd": 22158, "prueba": "Obligatoria", "promedio": 432.5, "LATITUD": -40.255901, "LONGITUD": -72.948174 }, "geometry": { "type": "Point", "coordinates": [ -72.948174, -40.255901 ] } },
{ "type": "Feature", "properties": { "anio": 2024, "establecimiento": "Colegio San Antonio\nRama", "rbd": 22317, "prueba": "Lenguaje", "promedio": 409.0, "LATITUD": -40.063461, "LONGITUD": -72.759003 }, "geometry": { "type": "Point", "coordinates": [ -72.759003, -40.063461 ] } },
{ "type": "Feature", "properties": { "anio": 2024, "establecimiento": "Colegio San Antonio\nRama", "rbd": 22317, "prueba": "M1", "promedio": 424.0, "LATITUD": -40.063461, "LONGITUD": -72.759003 }, "geometry": { "type": "Point", "coordinates": [ -72.759003, -40.063461 ] } },
{ "type": "Feature", "properties": { "anio": 2024, "establecimiento": "Colegio San Antonio\nRama", "rbd": 22317, "prueba": "M2", "promedio": 0.0, "LATITUD": -40.063461, "LONGITUD": -72.759003 }, "geometry": { "type": "Point", "coordinates": [ -72.759003, -40.063461 ] } },
{ "type": "Feature", "properties": { "anio": 2024, "establecimiento": "Colegio San Antonio\nRama", "rbd": 22317, "prueba": "Historia", "promedio": 0.0, "LATITUD": -40.063461, "LONGITUD": -72.759003 }, "geometry": { "type": "Point", "coordinates": [ -72.759003, -40.063461 ] } },
{ "type": "Feature", "properties": { "anio": 2024, "establecimiento": "Colegio San Antonio\nRama", "rbd": 22317, "prueba": "Ciencias", "promedio": 0.0, "LATITUD": -40.063461, "LONGITUD": -72.759003 }, "geometry": { "type": "Point", "coordinates": [ -72.759003, -40.063461 ] } },
{ "type": "Feature", "properties": { "anio": 2024, "establecimiento": "Colegio San Antonio\nRama", "rbd": 22317, "prueba": "Obligatoria", "promedio": 416.5, "LATITUD": -40.063461, "LONGITUD": -72.759003 }, "geometry": { "type": "Point", "coordinates": [ -72.759003, -40.063461 ] } },
{ "type": "Feature", "properties": { "anio": 2024, "establecimiento": "Escuela El Maiten\nRama", "rbd": 22354, "prueba": "Lenguaje", "promedio": 439.3, "LATITUD": -40.306862, "LONGITUD": -73.086807 }, "geometry": { "type": "Point", "coordinates": [ -73.086807, -40.306862 ] } },
{ "type": "Feature", "properties": { "anio": 2024, "establecimiento": "Escuela El Maiten\nRama", "rbd": 22354, "prueba": "M1", "promedio": 403.8, "LATITUD": -40.306862, "LONGITUD": -73.086807 }, "geometry": { "type": "Point", "coordinates": [ -73.086807, -40.306862 ] } },
{ "type": "Feature", "properties": { "anio": 2024, "establecimiento": "Escuela El Maiten\nRama", "rbd": 22354, "prueba": "M2", "promedio": 0.0, "LATITUD": -40.306862, "LONGITUD": -73.086807 }, "geometry": { "type": "Point", "coordinates": [ -73.086807, -40.306862 ] } },
{ "type": "Feature", "properties": { "anio": 2024, "establecimiento": "Escuela El Maiten\nRama", "rbd": 22354, "prueba": "Historia", "promedio": 398.0, "LATITUD": -40.306862, "LONGITUD": -73.086807 }, "geometry": { "type": "Point", "coordinates": [ -73.086807, -40.306862 ] } },
{ "type": "Feature", "properties": { "anio": 2024, "establecimiento": "Escuela El Maiten\nRama", "rbd": 22354, "prueba": "Ciencias", "promedio": 359.0, "LATITUD": -40.306862, "LONGITUD": -73.086807 }, "geometry": { "type": "Point", "coordinates": [ -73.086807, -40.306862 ] } },
{ "type": "Feature", "properties": { "anio": 2024, "establecimiento": "Escuela El Maiten\nRama", "rbd": 22354, "prueba": "Obligatoria", "promedio": 421.5, "LATITUD": -40.306862, "LONGITUD": -73.086807 }, "geometry": { "type": "Point", "coordinates": [ -73.086807, -40.306862 ] } },
{ "type": "Feature", "properties": { "anio": 2024, "establecimiento": "Centro De Educ", "rbd": 22445, "prueba": "Lenguaje", "promedio": 388.0, "LATITUD": -40.30125, "LONGITUD": -73.13982 }, "geometry": { "type": "Point", "coordinates": [ -73.13982, -40.30125 ] } },
{ "type": "Feature", "properties": { "anio": 2024, "establecimiento": "Centro De Educ", "rbd": 22445, "prueba": "M1", "promedio": 465.0, "LATITUD": -40.30125, "LONGITUD": -73.13982 }, "geometry": { "type": "Point", "coordinates": [ -73.13982, -40.30125 ] } },
{ "type": "Feature", "properties": { "anio": 2024, "establecimiento": "Centro De Educ", "rbd": 22445, "prueba": "M2", "promedio": 0.0, "LATITUD": -40.30125, "LONGITUD": -73.13982 }, "geometry": { "type": "Point", "coordinates": [ -73.13982, -40.30125 ] } },
{ "type": "Feature", "properties": { "anio": 2024, "establecimiento": "Centro De Educ", "rbd": 22445, "prueba": "Historia", "promedio": 0.0, "LATITUD": -40.30125, "LONGITUD": -73.13982 }, "geometry": { "type": "Point", "coordinates": [ -73.13982, -40.30125 ] } },
{ "type": "Feature", "properties": { "anio": 2024, "establecimiento": "Centro De Educ", "rbd": 22445, "prueba": "Ciencias", "promedio": 418.0, "LATITUD": -40.30125, "LONGITUD": -73.13982 }, "geometry": { "type": "Point", "coordinates": [ -73.13982, -40.30125 ] } },
{ "type": "Feature", "properties": { "anio": 2024, "establecimiento": "Centro De Educ", "rbd": 22445, "prueba": "Obligatoria", "promedio": 426.5, "LATITUD": -40.30125, "LONGITUD": -73.13982 }, "geometry": { "type": "Point", "coordinates": [ -73.13982, -40.30125 ] } },
{ "type": "Feature", "properties": { "anio": 2024, "establecimiento": "Liceo Politecnico Benjamin Vicuna Mackenna\nRama", "rbd": 6757, "prueba": "Lenguaje", "promedio": 378.0, "LATITUD": -39.826889, "LONGITUD": -73.206703 }, "geometry": { "type": "Point", "coordinates": [ -73.206703, -39.826889 ] } },
{ "type": "Feature", "properties": { "anio": 2024, "establecimiento": "Liceo Politecnico Benjamin Vicuna Mackenna\nRama", "rbd": 6757, "prueba": "M1", "promedio": 436.0, "LATITUD": -39.826889, "LONGITUD": -73.206703 }, "geometry": { "type": "Point", "coordinates": [ -73.206703, -39.826889 ] } },
{ "type": "Feature", "properties": { "anio": 2024, "establecimiento": "Liceo Politecnico Benjamin Vicuna Mackenna\nRama", "rbd": 6757, "prueba": "M2", "promedio": 290.0, "LATITUD": -39.826889, "LONGITUD": -73.206703 }, "geometry": { "type": "Point", "coordinates": [ -73.206703, -39.826889 ] } },
{ "type": "Feature", "properties": { "anio": 2024, "establecimiento": "Liceo Politecnico Benjamin Vicuna Mackenna\nRama", "rbd": 6757, "prueba": "Historia", "promedio": 0.0, "LATITUD": -39.826889, "LONGITUD": -73.206703 }, "geometry": { "type": "Point", "coordinates": [ -73.206703, -39.826889 ] } },
{ "type": "Feature", "properties": { "anio": 2024, "establecimiento": "Liceo Politecnico Benjamin Vicuna Mackenna\nRama", "rbd": 6757, "prueba": "Ciencias", "promedio": 0.0, "LATITUD": -39.826889, "LONGITUD": -73.206703 }, "geometry": { "type": "Point", "coordinates": [ -73.206703, -39.826889 ] } },
{ "type": "Feature", "properties": { "anio": 2024, "establecimiento": "Liceo Politecnico Benjamin Vicuna Mackenna\nRama", "rbd": 6757, "prueba": "Obligatoria", "promedio": 407.0, "LATITUD": -39.826889, "LONGITUD": -73.206703 }, "geometry": { "type": "Point", "coordinates": [ -73.206703, -39.826889 ] } },
{ "type": "Feature", "properties": { "anio": 2024, "establecimiento": "Liceo Bicentenario Vicente Pérez Rosales\nRama", "rbd": 7236, "prueba": "Lenguaje", "promedio": 483.5, "LATITUD": -40.336208, "LONGITUD": -72.94957 }, "geometry": { "type": "Point", "coordinates": [ -72.94957, -40.336208 ] } },
{ "type": "Feature", "properties": { "anio": 2024, "establecimiento": "Liceo Bicentenario Vicente Pérez Rosales\nRama", "rbd": 7236, "prueba": "M1", "promedio": 499.5, "LATITUD": -40.336208, "LONGITUD": -72.94957 }, "geometry": { "type": "Point", "coordinates": [ -72.94957, -40.336208 ] } },
{ "type": "Feature", "properties": { "anio": 2024, "establecimiento": "Liceo Bicentenario Vicente Pérez Rosales\nRama", "rbd": 7236, "prueba": "M2", "promedio": 0.0, "LATITUD": -40.336208, "LONGITUD": -72.94957 }, "geometry": { "type": "Point", "coordinates": [ -72.94957, -40.336208 ] } },
{ "type": "Feature", "properties": { "anio": 2024, "establecimiento": "Liceo Bicentenario Vicente Pérez Rosales\nRama", "rbd": 7236, "prueba": "Historia", "promedio": 396.0, "LATITUD": -40.336208, "LONGITUD": -72.94957 }, "geometry": { "type": "Point", "coordinates": [ -72.94957, -40.336208 ] } },
{ "type": "Feature", "properties": { "anio": 2024, "establecimiento": "Liceo Bicentenario Vicente Pérez Rosales\nRama", "rbd": 7236, "prueba": "Ciencias", "promedio": 556.0, "LATITUD": -40.336208, "LONGITUD": -72.94957 }, "geometry": { "type": "Point", "coordinates": [ -72.94957, -40.336208 ] } },
{ "type": "Feature", "properties": { "anio": 2024, "establecimiento": "Liceo Bicentenario Vicente Pérez Rosales\nRama", "rbd": 7236, "prueba": "Obligatoria", "promedio": 491.5, "LATITUD": -40.336208, "LONGITUD": -72.94957 }, "geometry": { "type": "Point", "coordinates": [ -72.94957, -40.336208 ] } },
{ "type": "Feature", "properties": { "anio": 2025, "establecimiento": "Colegio Cardenal Raul Silva Henriquez\nRama", "rbd": 22313, "prueba": "Lenguaje", "promedio": 572.3, "LATITUD": -40.06955, "LONGITUD": -72.863388 }, "geometry": { "type": "Point", "coordinates": [ -72.863388, -40.06955 ] } },
{ "type": "Feature", "properties": { "anio": 2025, "establecimiento": "Colegio Cardenal Raul Silva Henriquez\nRama", "rbd": 22313, "prueba": "M1", "promedio": 614.3, "LATITUD": -40.06955, "LONGITUD": -72.863388 }, "geometry": { "type": "Point", "coordinates": [ -72.863388, -40.06955 ] } },
{ "type": "Feature", "properties": { "anio": 2025, "establecimiento": "Colegio Cardenal Raul Silva Henriquez\nRama", "rbd": 22313, "prueba": "M2", "promedio": 0.0, "LATITUD": -40.06955, "LONGITUD": -72.863388 }, "geometry": { "type": "Point", "coordinates": [ -72.863388, -40.06955 ] } },
{ "type": "Feature", "properties": { "anio": 2025, "establecimiento": "Colegio Cardenal Raul Silva Henriquez\nRama", "rbd": 22313, "prueba": "Historia", "promedio": 416.2, "LATITUD": -40.06955, "LONGITUD": -72.863388 }, "geometry": { "type": "Point", "coordinates": [ -72.863388, -40.06955 ] } },
{ "type": "Feature", "properties": { "anio": 2025, "establecimiento": "Colegio Cardenal Raul Silva Henriquez\nRama", "rbd": 22313, "prueba": "Ciencias", "promedio": 482.8, "LATITUD": -40.06955, "LONGITUD": -72.863388 }, "geometry": { "type": "Point", "coordinates": [ -72.863388, -40.06955 ] } },
{ "type": "Feature", "properties": { "anio": 2025, "establecimiento": "Colegio Cardenal Raul Silva Henriquez\nRama", "rbd": 22313, "prueba": "Obligatoria", "promedio": 593.3, "LATITUD": -40.06955, "LONGITUD": -72.863388 }, "geometry": { "type": "Point", "coordinates": [ -72.863388, -40.06955 ] } },
{ "type": "Feature", "properties": { "anio": 2025, "establecimiento": "Colegio Particular Cardenal Raul Silva Henriq\nRama", "rbd": 22495, "prueba": "Lenguaje", "promedio": 542.5, "LATITUD": -40.33329, "LONGITUD": -72.949303 }, "geometry": { "type": "Point", "coordinates": [ -72.949303, -40.33329 ] } },
{ "type": "Feature", "properties": { "anio": 2025, "establecimiento": "Colegio Particular Cardenal Raul Silva Henriq\nRama", "rbd": 22495, "prueba": "M1", "promedio": 547.0, "LATITUD": -40.33329, "LONGITUD": -72.949303 }, "geometry": { "type": "Point", "coordinates": [ -72.949303, -40.33329 ] } },
{ "type": "Feature", "properties": { "anio": 2025, "establecimiento": "Colegio Particular Cardenal Raul Silva Henriq\nRama", "rbd": 22495, "prueba": "M2", "promedio": 354.3, "LATITUD": -40.33329, "LONGITUD": -72.949303 }, "geometry": { "type": "Point", "coordinates": [ -72.949303, -40.33329 ] } },
{ "type": "Feature", "properties": { "anio": 2025, "establecimiento": "Colegio Particular Cardenal Raul Silva Henriq\nRama", "rbd": 22495, "prueba": "Historia", "promedio": 441.5, "LATITUD": -40.33329, "LONGITUD": -72.949303 }, "geometry": { "type": "Point", "coordinates": [ -72.949303, -40.33329 ] } },
{ "type": "Feature", "properties": { "anio": 2025, "establecimiento": "Colegio Particular Cardenal Raul Silva Henriq\nRama", "rbd": 22495, "prueba": "Ciencias", "promedio": 436.9, "LATITUD": -40.33329, "LONGITUD": -72.949303 }, "geometry": { "type": "Point", "coordinates": [ -72.949303, -40.33329 ] } },
{ "type": "Feature", "properties": { "anio": 2025, "establecimiento": "Colegio Particular Cardenal Raul Silva Henriq\nRama", "rbd": 22495, "prueba": "Obligatoria", "promedio": 546.8, "LATITUD": -40.33329, "LONGITUD": -72.949303 }, "geometry": { "type": "Point", "coordinates": [ -72.949303, -40.33329 ] } },
{ "type": "Feature", "properties": { "anio": 2025, "establecimiento": "Instituto Comercial De Valdivia\nRama", "rbd": 6751, "prueba": "Lenguaje", "promedio": 498.0, "LATITUD": -39.817619, "LONGITUD": -73.246964 }, "geometry": { "type": "Point", "coordinates": [ -73.246964, -39.817619 ] } },
{ "type": "Feature", "properties": { "anio": 2025, "establecimiento": "Instituto Comercial De Valdivia\nRama", "rbd": 6751, "prueba": "M1", "promedio": 491.5, "LATITUD": -39.817619, "LONGITUD": -73.246964 }, "geometry": { "type": "Point", "coordinates": [ -73.246964, -39.817619 ] } },
{ "type": "Feature", "properties": { "anio": 2025, "establecimiento": "Instituto Comercial De Valdivia\nRama", "rbd": 6751, "prueba": "M2", "promedio": 378.0, "LATITUD": -39.817619, "LONGITUD": -73.246964 }, "geometry": { "type": "Point", "coordinates": [ -73.246964, -39.817619 ] } },
{ "type": "Feature", "properties": { "anio": 2025, "establecimiento": "Instituto Comercial De Valdivia\nRama", "rbd": 6751, "prueba": "Historia", "promedio": 484.0, "LATITUD": -39.817619, "LONGITUD": -73.246964 }, "geometry": { "type": "Point", "coordinates": [ -73.246964, -39.817619 ] } },
{ "type": "Feature", "properties": { "anio": 2025, "establecimiento": "Instituto Comercial De Valdivia\nRama", "rbd": 6751, "prueba": "Ciencias", "promedio": 452.0, "LATITUD": -39.817619, "LONGITUD": -73.246964 }, "geometry": { "type": "Point", "coordinates": [ -73.246964, -39.817619 ] } },
{ "type": "Feature", "properties": { "anio": 2025, "establecimiento": "Instituto Comercial De Valdivia\nRama", "rbd": 6751, "prueba": "Obligatoria", "promedio": 494.8, "LATITUD": -39.817619, "LONGITUD": -73.246964 }, "geometry": { "type": "Point", "coordinates": [ -73.246964, -39.817619 ] } },
{ "type": "Feature", "properties": { "anio": 2025, "establecimiento": "Liceo Politecnico Pesquero\nRama", "rbd": 6853, "prueba": "Lenguaje", "promedio": 570.7, "LATITUD": -39.435989, "LONGITUD": -73.211281 }, "geometry": { "type": "Point", "coordinates": [ -73.211281, -39.435989 ] } },
{ "type": "Feature", "properties": { "anio": 2025, "establecimiento": "Liceo Politecnico Pesquero\nRama", "rbd": 6853, "prueba": "M1", "promedio": 585.6, "LATITUD": -39.435989, "LONGITUD": -73.211281 }, "geometry": { "type": "Point", "coordinates": [ -73.211281, -39.435989 ] } },
{ "type": "Feature", "properties": { "anio": 2025, "establecimiento": "Liceo Politecnico Pesquero\nRama", "rbd": 6853, "prueba": "M2", "promedio": 433.5, "LATITUD": -39.435989, "LONGITUD": -73.211281 }, "geometry": { "type": "Point", "coordinates": [ -73.211281, -39.435989 ] } },
{ "type": "Feature", "properties": { "anio": 2025, "establecimiento": "Liceo Politecnico Pesquero\nRama", "rbd": 6853, "prueba": "Historia", "promedio": 558.0, "LATITUD": -39.435989, "LONGITUD": -73.211281 }, "geometry": { "type": "Point", "coordinates": [ -73.211281, -39.435989 ] } },
{ "type": "Feature", "properties": { "anio": 2025, "establecimiento": "Liceo Politecnico Pesquero\nRama", "rbd": 6853, "prueba": "Ciencias", "promedio": 430.2, "LATITUD": -39.435989, "LONGITUD": -73.211281 }, "geometry": { "type": "Point", "coordinates": [ -73.211281, -39.435989 ] } },
{ "type": "Feature", "properties": { "anio": 2025, "establecimiento": "Liceo Politecnico Pesquero\nRama", "rbd": 6853, "prueba": "Obligatoria", "promedio": 578.1, "LATITUD": -39.435989, "LONGITUD": -73.211281 }, "geometry": { "type": "Point", "coordinates": [ -73.211281, -39.435989 ] } },
{ "type": "Feature", "properties": { "anio": 2025, "establecimiento": "Escuela Alberto Cordova Latorre\nRama", "rbd": 6916, "prueba": "Lenguaje", "promedio": 471.0, "LATITUD": -39.45153, "LONGITUD": -72.772774 }, "geometry": { "type": "Point", "coordinates": [ -72.772774, -39.45153 ] } },
{ "type": "Feature", "properties": { "anio": 2025, "establecimiento": "Escuela Alberto Cordova Latorre\nRama", "rbd": 6916, "prueba": "M1", "promedio": 362.0, "LATITUD": -39.45153, "LONGITUD": -72.772774 }, "geometry": { "type": "Point", "coordinates": [ -72.772774, -39.45153 ] } },
{ "type": "Feature", "properties": { "anio": 2025, "establecimiento": "Escuela Alberto Cordova Latorre\nRama", "rbd": 6916, "prueba": "M2", "promedio": 0.0, "LATITUD": -39.45153, "LONGITUD": -72.772774 }, "geometry": { "type": "Point", "coordinates": [ -72.772774, -39.45153 ] } },
{ "type": "Feature", "properties": { "anio": 2025, "establecimiento": "Escuela Alberto Cordova Latorre\nRama", "rbd": 6916, "prueba": "Historia", "promedio": 0.0, "LATITUD": -39.45153, "LONGITUD": -72.772774 }, "geometry": { "type": "Point", "coordinates": [ -72.772774, -39.45153 ] } },
{ "type": "Feature", "properties": { "anio": 2025, "establecimiento": "Escuela Alberto Cordova Latorre\nRama", "rbd": 6916, "prueba": "Ciencias", "promedio": 0.0, "LATITUD": -39.45153, "LONGITUD": -72.772774 }, "geometry": { "type": "Point", "coordinates": [ -72.772774, -39.45153 ] } },
{ "type": "Feature", "properties": { "anio": 2025, "establecimiento": "Escuela Alberto Cordova Latorre\nRama", "rbd": 6916, "prueba": "Obligatoria", "promedio": 416.5, "LATITUD": -39.45153, "LONGITUD": -72.772774 }, "geometry": { "type": "Point", "coordinates": [ -72.772774, -39.45153 ] } },
{ "type": "Feature", "properties": { "anio": 2025, "establecimiento": "Centro Educativo Fernando Santivan\nRama", "rbd": 7049, "prueba": "Lenguaje", "promedio": 451.6, "LATITUD": -39.639389, "LONGITUD": -72.327049 }, "geometry": { "type": "Point", "coordinates": [ -72.327049, -39.639389 ] } },
{ "type": "Feature", "properties": { "anio": 2025, "establecimiento": "Centro Educativo Fernando Santivan\nRama", "rbd": 7049, "prueba": "M1", "promedio": 466.8, "LATITUD": -39.639389, "LONGITUD": -72.327049 }, "geometry": { "type": "Point", "coordinates": [ -72.327049, -39.639389 ] } },
{ "type": "Feature", "properties": { "anio": 2025, "establecimiento": "Centro Educativo Fernando Santivan\nRama", "rbd": 7049, "prueba": "M2", "promedio": 300.7, "LATITUD": -39.639389, "LONGITUD": -72.327049 }, "geometry": { "type": "Point", "coordinates": [ -72.327049, -39.639389 ] } },
{ "type": "Feature", "properties": { "anio": 2025, "establecimiento": "Centro Educativo Fernando Santivan\nRama", "rbd": 7049, "prueba": "Historia", "promedio": 360.0, "LATITUD": -39.639389, "LONGITUD": -72.327049 }, "geometry": { "type": "Point", "coordinates": [ -72.327049, -39.639389 ] } },
{ "type": "Feature", "properties": { "anio": 2025, "establecimiento": "Centro Educativo Fernando Santivan\nRama", "rbd": 7049, "prueba": "Ciencias", "promedio": 387.0, "LATITUD": -39.639389, "LONGITUD": -72.327049 }, "geometry": { "type": "Point", "coordinates": [ -72.327049, -39.639389 ] } },
{ "type": "Feature", "properties": { "anio": 2025, "establecimiento": "Centro Educativo Fernando Santivan\nRama", "rbd": 7049, "prueba": "Obligatoria", "promedio": 465.4, "LATITUD": -39.639389, "LONGITUD": -72.327049 }, "geometry": { "type": "Point", "coordinates": [ -72.327049, -39.639389 ] } },
{ "type": "Feature", "properties": { "anio": 2026, "establecimiento": "Escuela De Adultos De Rio Bueno\nRama", "rbd": 11554, "prueba": "Lenguaje", "promedio": 477.0, "LATITUD": -40.33508, "LONGITUD": -72.962395 }, "geometry": { "type": "Point", "coordinates": [ -72.962395, -40.33508 ] } },
{ "type": "Feature", "properties": { "anio": 2026, "establecimiento": "Escuela De Adultos De Rio Bueno\nRama", "rbd": 11554, "prueba": "M1", "promedio": 508.0, "LATITUD": -40.33508, "LONGITUD": -72.962395 }, "geometry": { "type": "Point", "coordinates": [ -72.962395, -40.33508 ] } },
{ "type": "Feature", "properties": { "anio": 2026, "establecimiento": "Escuela De Adultos De Rio Bueno\nRama", "rbd": 11554, "prueba": "M2", "promedio": 0.0, "LATITUD": -40.33508, "LONGITUD": -72.962395 }, "geometry": { "type": "Point", "coordinates": [ -72.962395, -40.33508 ] } },
{ "type": "Feature", "properties": { "anio": 2026, "establecimiento": "Escuela De Adultos De Rio Bueno\nRama", "rbd": 11554, "prueba": "Historia", "promedio": 486.0, "LATITUD": -40.33508, "LONGITUD": -72.962395 }, "geometry": { "type": "Point", "coordinates": [ -72.962395, -40.33508 ] } },
{ "type": "Feature", "properties": { "anio": 2026, "establecimiento": "Escuela De Adultos De Rio Bueno\nRama", "rbd": 11554, "prueba": "Ciencias", "promedio": 402.0, "LATITUD": -40.33508, "LONGITUD": -72.962395 }, "geometry": { "type": "Point", "coordinates": [ -72.962395, -40.33508 ] } },
{ "type": "Feature", "properties": { "anio": 2026, "establecimiento": "Escuela De Adultos De Rio Bueno\nRama", "rbd": 11554, "prueba": "Obligatoria", "promedio": 492.5, "LATITUD": -40.33508, "LONGITUD": -72.962395 }, "geometry": { "type": "Point", "coordinates": [ -72.962395, -40.33508 ] } },
{ "type": "Feature", "properties": { "anio": 2026, "establecimiento": "Instituto Tecnico Profesional Llifen\nRama", "rbd": 11591, "prueba": "Lenguaje", "promedio": 573.1, "LATITUD": -40.198139, "LONGITUD": -72.258698 }, "geometry": { "type": "Point", "coordinates": [ -72.258698, -40.198139 ] } },
{ "type": "Feature", "properties": { "anio": 2026, "establecimiento": "Instituto Tecnico Profesional Llifen\nRama", "rbd": 11591, "prueba": "M1", "promedio": 543.4, "LATITUD": -40.198139, "LONGITUD": -72.258698 }, "geometry": { "type": "Point", "coordinates": [ -72.258698, -40.198139 ] } },
{ "type": "Feature", "properties": { "anio": 2026, "establecimiento": "Instituto Tecnico Profesional Llifen\nRama", "rbd": 11591, "prueba": "M2", "promedio": 388.0, "LATITUD": -40.198139, "LONGITUD": -72.258698 }, "geometry": { "type": "Point", "coordinates": [ -72.258698, -40.198139 ] } },
{ "type": "Feature", "properties": { "anio": 2026, "establecimiento": "Instituto Tecnico Profesional Llifen\nRama", "rbd": 11591, "prueba": "Historia", "promedio": 496.5, "LATITUD": -40.198139, "LONGITUD": -72.258698 }, "geometry": { "type": "Point", "coordinates": [ -72.258698, -40.198139 ] } },
{ "type": "Feature", "properties": { "anio": 2026, "establecimiento": "Instituto Tecnico Profesional Llifen\nRama", "rbd": 11591, "prueba": "Ciencias", "promedio": 380.0, "LATITUD": -40.198139, "LONGITUD": -72.258698 }, "geometry": { "type": "Point", "coordinates": [ -72.258698, -40.198139 ] } },
{ "type": "Feature", "properties": { "anio": 2026, "establecimiento": "Instituto Tecnico Profesional Llifen\nRama", "rbd": 11591, "prueba": "Obligatoria", "promedio": 558.3, "LATITUD": -40.198139, "LONGITUD": -72.258698 }, "geometry": { "type": "Point", "coordinates": [ -72.258698, -40.198139 ] } },
{ "type": "Feature", "properties": { "anio": 2026, "establecimiento": "Instituto Tecnico Profesional Llifen\nRama", "rbd": 11591, "prueba": "Lenguaje", "promedio": 487.8, "LATITUD": -40.198139, "LONGITUD": -72.258698 }, "geometry": { "type": "Point", "coordinates": [ -72.258698, -40.198139 ] } },
{ "type": "Feature", "properties": { "anio": 2026, "establecimiento": "Instituto Tecnico Profesional Llifen\nRama", "rbd": 11591, "prueba": "M1", "promedio": 493.5, "LATITUD": -40.198139, "LONGITUD": -72.258698 }, "geometry": { "type": "Point", "coordinates": [ -72.258698, -40.198139 ] } },
{ "type": "Feature", "properties": { "anio": 2026, "establecimiento": "Instituto Tecnico Profesional Llifen\nRama", "rbd": 11591, "prueba": "M2", "promedio": 399.3, "LATITUD": -40.198139, "LONGITUD": -72.258698 }, "geometry": { "type": "Point", "coordinates": [ -72.258698, -40.198139 ] } },
{ "type": "Feature", "properties": { "anio": 2026, "establecimiento": "Instituto Tecnico Profesional Llifen\nRama", "rbd": 11591, "prueba": "Historia", "promedio": 385.0, "LATITUD": -40.198139, "LONGITUD": -72.258698 }, "geometry": { "type": "Point", "coordinates": [ -72.258698, -40.198139 ] } },
{ "type": "Feature", "properties": { "anio": 2026, "establecimiento": "Instituto Tecnico Profesional Llifen\nRama", "rbd": 11591, "prueba": "Ciencias", "promedio": 370.0, "LATITUD": -40.198139, "LONGITUD": -72.258698 }, "geometry": { "type": "Point", "coordinates": [ -72.258698, -40.198139 ] } },
{ "type": "Feature", "properties": { "anio": 2026, "establecimiento": "Instituto Tecnico Profesional Llifen\nRama", "rbd": 11591, "prueba": "Obligatoria", "promedio": 492.1, "LATITUD": -40.198139, "LONGITUD": -72.258698 }, "geometry": { "type": "Point", "coordinates": [ -72.258698, -40.198139 ] } },
{ "type": "Feature", "properties": { "anio": 2026, "establecimiento": "Instituto Tecnico Profesional Llifen\nRama", "rbd": 11591, "prueba": "Lenguaje", "promedio": 513.0, "LATITUD": -40.198139, "LONGITUD": -72.258698 }, "geometry": { "type": "Point", "coordinates": [ -72.258698, -40.198139 ] } },
{ "type": "Feature", "properties": { "anio": 2026, "establecimiento": "Instituto Tecnico Profesional Llifen\nRama", "rbd": 11591, "prueba": "M1", "promedio": 521.1, "LATITUD": -40.198139, "LONGITUD": -72.258698 }, "geometry": { "type": "Point", "coordinates": [ -72.258698, -40.198139 ] } },
{ "type": "Feature", "properties": { "anio": 2026, "establecimiento": "Instituto Tecnico Profesional Llifen\nRama", "rbd": 11591, "prueba": "M2", "promedio": 389.1, "LATITUD": -40.198139, "LONGITUD": -72.258698 }, "geometry": { "type": "Point", "coordinates": [ -72.258698, -40.198139 ] } },
{ "type": "Feature", "properties": { "anio": 2026, "establecimiento": "Instituto Tecnico Profesional Llifen\nRama", "rbd": 11591, "prueba": "Historia", "promedio": 412.7, "LATITUD": -40.198139, "LONGITUD": -72.258698 }, "geometry": { "type": "Point", "coordinates": [ -72.258698, -40.198139 ] } },
{ "type": "Feature", "properties": { "anio": 2026, "establecimiento": "Instituto Tecnico Profesional Llifen\nRama", "rbd": 11591, "prueba": "Ciencias", "promedio": 388.2, "LATITUD": -40.198139, "LONGITUD": -72.258698 }, "geometry": { "type": "Point", "coordinates": [ -72.258698, -40.198139 ] } },
{ "type": "Feature", "properties": { "anio": 2026, "establecimiento": "Instituto Tecnico Profesional Llifen\nRama", "rbd": 11591, "prueba": "Obligatoria", "promedio": 519.2, "LATITUD": -40.198139, "LONGITUD": -72.258698 }, "geometry": { "type": "Point", "coordinates": [ -72.258698, -40.198139 ] } },
{ "type": "Feature", "properties": { "anio": 2026, "establecimiento": "Colegio Bicentenario Helvecia\nRama", "rbd": 12185, "prueba": "Lenguaje", "promedio": 600.9, "LATITUD": -39.843781, "LONGITUD": -73.216957 }, "geometry": { "type": "Point", "coordinates": [ -73.216957, -39.843781 ] } },
{ "type": "Feature", "properties": { "anio": 2026, "establecimiento": "Colegio Bicentenario Helvecia\nRama", "rbd": 12185, "prueba": "M1", "promedio": 588.6, "LATITUD": -39.843781, "LONGITUD": -73.216957 }, "geometry": { "type": "Point", "coordinates": [ -73.216957, -39.843781 ] } },
{ "type": "Feature", "properties": { "anio": 2026, "establecimiento": "Colegio Bicentenario Helvecia\nRama", "rbd": 12185, "prueba": "M2", "promedio": 422.4, "LATITUD": -39.843781, "LONGITUD": -73.216957 }, "geometry": { "type": "Point", "coordinates": [ -73.216957, -39.843781 ] } },
{ "type": "Feature", "properties": { "anio": 2026, "establecimiento": "Colegio Bicentenario Helvecia\nRama", "rbd": 12185, "prueba": "Historia", "promedio": 491.5, "LATITUD": -39.843781, "LONGITUD": -73.216957 }, "geometry": { "type": "Point", "coordinates": [ -73.216957, -39.843781 ] } },
{ "type": "Feature", "properties": { "anio": 2026, "establecimiento": "Colegio Bicentenario Helvecia\nRama", "rbd": 12185, "prueba": "Ciencias", "promedio": 438.1, "LATITUD": -39.843781, "LONGITUD": -73.216957 }, "geometry": { "type": "Point", "coordinates": [ -73.216957, -39.843781 ] } },
{ "type": "Feature", "properties": { "anio": 2026, "establecimiento": "Colegio Bicentenario Helvecia\nRama", "rbd": 12185, "prueba": "Obligatoria", "promedio": 601.4, "LATITUD": -39.843781, "LONGITUD": -73.216957 }, "geometry": { "type": "Point", "coordinates": [ -73.216957, -39.843781 ] } },
{ "type": "Feature", "properties": { "anio": 2026, "establecimiento": "Colegio Bicentenario Helvecia\nRama", "rbd": 12185, "prueba": "Lenguaje", "promedio": 485.7, "LATITUD": -39.843781, "LONGITUD": -73.216957 }, "geometry": { "type": "Point", "coordinates": [ -73.216957, -39.843781 ] } },
{ "type": "Feature", "properties": { "anio": 2026, "establecimiento": "Colegio Bicentenario Helvecia\nRama", "rbd": 12185, "prueba": "M1", "promedio": 470.8, "LATITUD": -39.843781, "LONGITUD": -73.216957 }, "geometry": { "type": "Point", "coordinates": [ -73.216957, -39.843781 ] } },
{ "type": "Feature", "properties": { "anio": 2026, "establecimiento": "Colegio Bicentenario Helvecia\nRama", "rbd": 12185, "prueba": "M2", "promedio": 0.0, "LATITUD": -39.843781, "LONGITUD": -73.216957 }, "geometry": { "type": "Point", "coordinates": [ -73.216957, -39.843781 ] } },
{ "type": "Feature", "properties": { "anio": 2026, "establecimiento": "Colegio Bicentenario Helvecia\nRama", "rbd": 12185, "prueba": "Historia", "promedio": 417.0, "LATITUD": -39.843781, "LONGITUD": -73.216957 }, "geometry": { "type": "Point", "coordinates": [ -73.216957, -39.843781 ] } },
{ "type": "Feature", "properties": { "anio": 2026, "establecimiento": "Colegio Bicentenario Helvecia\nRama", "rbd": 12185, "prueba": "Ciencias", "promedio": 392.3, "LATITUD": -39.843781, "LONGITUD": -73.216957 }, "geometry": { "type": "Point", "coordinates": [ -73.216957, -39.843781 ] } },
{ "type": "Feature", "properties": { "anio": 2026, "establecimiento": "Colegio Bicentenario Helvecia\nRama", "rbd": 12185, "prueba": "Obligatoria", "promedio": 481.3, "LATITUD": -39.843781, "LONGITUD": -73.216957 }, "geometry": { "type": "Point", "coordinates": [ -73.216957, -39.843781 ] } },
{ "type": "Feature", "properties": { "anio": 2026, "establecimiento": "Liceo Bicentenario De Excelencia Tecnico Profesiona\nRama", "rbd": 16843, "prueba": "Lenguaje", "promedio": 572.7, "LATITUD": -39.638439, "LONGITUD": -72.324013 }, "geometry": { "type": "Point", "coordinates": [ -72.324013, -39.638439 ] } },
{ "type": "Feature", "properties": { "anio": 2026, "establecimiento": "Liceo Bicentenario De Excelencia Tecnico Profesiona\nRama", "rbd": 16843, "prueba": "M1", "promedio": 598.5, "LATITUD": -39.638439, "LONGITUD": -72.324013 }, "geometry": { "type": "Point", "coordinates": [ -72.324013, -39.638439 ] } },
{ "type": "Feature", "properties": { "anio": 2026, "establecimiento": "Liceo Bicentenario De Excelencia Tecnico Profesiona\nRama", "rbd": 16843, "prueba": "M2", "promedio": 389.6, "LATITUD": -39.638439, "LONGITUD": -72.324013 }, "geometry": { "type": "Point", "coordinates": [ -72.324013, -39.638439 ] } },
{ "type": "Feature", "properties": { "anio": 2026, "establecimiento": "Liceo Bicentenario De Excelencia Tecnico Profesiona\nRama", "rbd": 16843, "prueba": "Historia", "promedio": 427.8, "LATITUD": -39.638439, "LONGITUD": -72.324013 }, "geometry": { "type": "Point", "coordinates": [ -72.324013, -39.638439 ] } },
{ "type": "Feature", "properties": { "anio": 2026, "establecimiento": "Liceo Bicentenario De Excelencia Tecnico Profesiona\nRama", "rbd": 16843, "prueba": "Ciencias", "promedio": 406.5, "LATITUD": -39.638439, "LONGITUD": -72.324013 }, "geometry": { "type": "Point", "coordinates": [ -72.324013, -39.638439 ] } },
{ "type": "Feature", "properties": { "anio": 2026, "establecimiento": "Liceo Bicentenario De Excelencia Tecnico Profesiona\nRama", "rbd": 16843, "prueba": "Obligatoria", "promedio": 587.3, "LATITUD": -39.638439, "LONGITUD": -72.324013 }, "geometry": { "type": "Point", "coordinates": [ -72.324013, -39.638439 ] } },
{ "type": "Feature", "properties": { "anio": 2026, "establecimiento": "Liceo Bicentenario De Excelencia Tecnico Profesiona\nRama", "rbd": 16843, "prueba": "Lenguaje", "promedio": 567.9, "LATITUD": -39.638439, "LONGITUD": -72.324013 }, "geometry": { "type": "Point", "coordinates": [ -72.324013, -39.638439 ] } },
{ "type": "Feature", "properties": { "anio": 2026, "establecimiento": "Liceo Bicentenario De Excelencia Tecnico Profesiona\nRama", "rbd": 16843, "prueba": "M1", "promedio": 590.4, "LATITUD": -39.638439, "LONGITUD": -72.324013 }, "geometry": { "type": "Point", "coordinates": [ -72.324013, -39.638439 ] } },
{ "type": "Feature", "properties": { "anio": 2026, "establecimiento": "Liceo Bicentenario De Excelencia Tecnico Profesiona\nRama", "rbd": 16843, "prueba": "M2", "promedio": 373.1, "LATITUD": -39.638439, "LONGITUD": -72.324013 }, "geometry": { "type": "Point", "coordinates": [ -72.324013, -39.638439 ] } },
{ "type": "Feature", "properties": { "anio": 2026, "establecimiento": "Liceo Bicentenario De Excelencia Tecnico Profesiona\nRama", "rbd": 16843, "prueba": "Historia", "promedio": 440.7, "LATITUD": -39.638439, "LONGITUD": -72.324013 }, "geometry": { "type": "Point", "coordinates": [ -72.324013, -39.638439 ] } },
{ "type": "Feature", "properties": { "anio": 2026, "establecimiento": "Liceo Bicentenario De Excelencia Tecnico Profesiona\nRama", "rbd": 16843, "prueba": "Ciencias", "promedio": 403.7, "LATITUD": -39.638439, "LONGITUD": -72.324013 }, "geometry": { "type": "Point", "coordinates": [ -72.324013, -39.638439 ] } },
{ "type": "Feature", "properties": { "anio": 2026, "establecimiento": "Liceo Bicentenario De Excelencia Tecnico Profesiona\nRama", "rbd": 16843, "prueba": "Obligatoria", "promedio": 581.7, "LATITUD": -39.638439, "LONGITUD": -72.324013 }, "geometry": { "type": "Point", "coordinates": [ -72.324013, -39.638439 ] } },
{ "type": "Feature", "properties": { "anio": 2026, "establecimiento": "Liceo Tecnico Profesional People Help People Pullin\nRama", "rbd": 16844, "prueba": "Lenguaje", "promedio": 532.2, "LATITUD": -39.599049, "LONGITUD": -72.230392 }, "geometry": { "type": "Point", "coordinates": [ -72.230392, -39.599049 ] } },
{ "type": "Feature", "properties": { "anio": 2026, "establecimiento": "Liceo Tecnico Profesional People Help People Pullin\nRama", "rbd": 16844, "prueba": "M1", "promedio": 575.7, "LATITUD": -39.599049, "LONGITUD": -72.230392 }, "geometry": { "type": "Point", "coordinates": [ -72.230392, -39.599049 ] } },
{ "type": "Feature", "properties": { "anio": 2026, "establecimiento": "Liceo Tecnico Profesional People Help People Pullin\nRama", "rbd": 16844, "prueba": "M2", "promedio": 376.8, "LATITUD": -39.599049, "LONGITUD": -72.230392 }, "geometry": { "type": "Point", "coordinates": [ -72.230392, -39.599049 ] } },
{ "type": "Feature", "properties": { "anio": 2026, "establecimiento": "Liceo Tecnico Profesional People Help People Pullin\nRama", "rbd": 16844, "prueba": "Historia", "promedio": 421.1, "LATITUD": -39.599049, "LONGITUD": -72.230392 }, "geometry": { "type": "Point", "coordinates": [ -72.230392, -39.599049 ] } },
{ "type": "Feature", "properties": { "anio": 2026, "establecimiento": "Liceo Tecnico Profesional People Help People Pullin\nRama", "rbd": 16844, "prueba": "Ciencias", "promedio": 402.9, "LATITUD": -39.599049, "LONGITUD": -72.230392 }, "geometry": { "type": "Point", "coordinates": [ -72.230392, -39.599049 ] } },
{ "type": "Feature", "properties": { "anio": 2026, "establecimiento": "Liceo Tecnico Profesional People Help People Pullin\nRama", "rbd": 16844, "prueba": "Obligatoria", "promedio": 554.4, "LATITUD": -39.599049, "LONGITUD": -72.230392 }, "geometry": { "type": "Point", "coordinates": [ -72.230392, -39.599049 ] } },
{ "type": "Feature", "properties": { "anio": 2026, "establecimiento": "Liceo Tecnico Profesional People Help People Pullin\nRama", "rbd": 16844, "prueba": "Lenguaje", "promedio": 510.0, "LATITUD": -39.599049, "LONGITUD": -72.230392 }, "geometry": { "type": "Point", "coordinates": [ -72.230392, -39.599049 ] } },
{ "type": "Feature", "properties": { "anio": 2026, "establecimiento": "Liceo Tecnico Profesional People Help People Pullin\nRama", "rbd": 16844, "prueba": "M1", "promedio": 525.7, "LATITUD": -39.599049, "LONGITUD": -72.230392 }, "geometry": { "type": "Point", "coordinates": [ -72.230392, -39.599049 ] } },
{ "type": "Feature", "properties": { "anio": 2026, "establecimiento": "Liceo Tecnico Profesional People Help People Pullin\nRama", "rbd": 16844, "prueba": "M2", "promedio": 404.6, "LATITUD": -39.599049, "LONGITUD": -72.230392 }, "geometry": { "type": "Point", "coordinates": [ -72.230392, -39.599049 ] } },
{ "type": "Feature", "properties": { "anio": 2026, "establecimiento": "Liceo Tecnico Profesional People Help People Pullin\nRama", "rbd": 16844, "prueba": "Historia", "promedio": 455.0, "LATITUD": -39.599049, "LONGITUD": -72.230392 }, "geometry": { "type": "Point", "coordinates": [ -72.230392, -39.599049 ] } },
{ "type": "Feature", "properties": { "anio": 2026, "establecimiento": "Liceo Tecnico Profesional People Help People Pullin\nRama", "rbd": 16844, "prueba": "Ciencias", "promedio": 405.3, "LATITUD": -39.599049, "LONGITUD": -72.230392 }, "geometry": { "type": "Point", "coordinates": [ -72.230392, -39.599049 ] } },
{ "type": "Feature", "properties": { "anio": 2026, "establecimiento": "Liceo Tecnico Profesional People Help People Pullin\nRama", "rbd": 16844, "prueba": "Obligatoria", "promedio": 517.8, "LATITUD": -39.599049, "LONGITUD": -72.230392 }, "geometry": { "type": "Point", "coordinates": [ -72.230392, -39.599049 ] } },
{ "type": "Feature", "properties": { "anio": 2026, "establecimiento": "Colegio Baquedano\nRama", "rbd": 22014, "prueba": "Lenguaje", "promedio": 582.8, "LATITUD": -39.82272, "LONGITUD": -73.23893 }, "geometry": { "type": "Point", "coordinates": [ -73.23893, -39.82272 ] } },
{ "type": "Feature", "properties": { "anio": 2026, "establecimiento": "Colegio Baquedano\nRama", "rbd": 22014, "prueba": "M1", "promedio": 593.3, "LATITUD": -39.82272, "LONGITUD": -73.23893 }, "geometry": { "type": "Point", "coordinates": [ -73.23893, -39.82272 ] } },
{ "type": "Feature", "properties": { "anio": 2026, "establecimiento": "Colegio Baquedano\nRama", "rbd": 22014, "prueba": "M2", "promedio": 375.9, "LATITUD": -39.82272, "LONGITUD": -73.23893 }, "geometry": { "type": "Point", "coordinates": [ -73.23893, -39.82272 ] } },
{ "type": "Feature", "properties": { "anio": 2026, "establecimiento": "Colegio Baquedano\nRama", "rbd": 22014, "prueba": "Historia", "promedio": 507.3, "LATITUD": -39.82272, "LONGITUD": -73.23893 }, "geometry": { "type": "Point", "coordinates": [ -73.23893, -39.82272 ] } },
{ "type": "Feature", "properties": { "anio": 2026, "establecimiento": "Colegio Baquedano\nRama", "rbd": 22014, "prueba": "Ciencias", "promedio": 441.9, "LATITUD": -39.82272, "LONGITUD": -73.23893 }, "geometry": { "type": "Point", "coordinates": [ -73.23893, -39.82272 ] } },
{ "type": "Feature", "properties": { "anio": 2026, "establecimiento": "Colegio Baquedano\nRama", "rbd": 22014, "prueba": "Obligatoria", "promedio": 590.3, "LATITUD": -39.82272, "LONGITUD": -73.23893 }, "geometry": { "type": "Point", "coordinates": [ -73.23893, -39.82272 ] } },
{ "type": "Feature", "properties": { "anio": 2026, "establecimiento": "Liceo Tecnico Profesional Radio", "rbd": 22024, "prueba": "Lenguaje", "promedio": 710.0, "LATITUD": -40.072392, "LONGITUD": -72.613541 }, "geometry": { "type": "Point", "coordinates": [ -72.613541, -40.072392 ] } },
{ "type": "Feature", "properties": { "anio": 2026, "establecimiento": "Liceo Tecnico Profesional Radio", "rbd": 22024, "prueba": "M1", "promedio": 699.0, "LATITUD": -40.072392, "LONGITUD": -72.613541 }, "geometry": { "type": "Point", "coordinates": [ -72.613541, -40.072392 ] } },
{ "type": "Feature", "properties": { "anio": 2026, "establecimiento": "Liceo Tecnico Profesional Radio", "rbd": 22024, "prueba": "M2", "promedio": 0.0, "LATITUD": -40.072392, "LONGITUD": -72.613541 }, "geometry": { "type": "Point", "coordinates": [ -72.613541, -40.072392 ] } },
{ "type": "Feature", "properties": { "anio": 2026, "establecimiento": "Liceo Tecnico Profesional Radio", "rbd": 22024, "prueba": "Historia", "promedio": 493.0, "LATITUD": -40.072392, "LONGITUD": -72.613541 }, "geometry": { "type": "Point", "coordinates": [ -72.613541, -40.072392 ] } },
{ "type": "Feature", "properties": { "anio": 2026, "establecimiento": "Liceo Tecnico Profesional Radio", "rbd": 22024, "prueba": "Ciencias", "promedio": 0.0, "LATITUD": -40.072392, "LONGITUD": -72.613541 }, "geometry": { "type": "Point", "coordinates": [ -72.613541, -40.072392 ] } },
{ "type": "Feature", "properties": { "anio": 2026, "establecimiento": "Liceo Tecnico Profesional Radio", "rbd": 22024, "prueba": "Obligatoria", "promedio": 704.5, "LATITUD": -40.072392, "LONGITUD": -72.613541 }, "geometry": { "type": "Point", "coordinates": [ -72.613541, -40.072392 ] } },
{ "type": "Feature", "properties": { "anio": 2026, "establecimiento": "Liceo Tecnico Profesional Radio", "rbd": 22024, "prueba": "Lenguaje", "promedio": 485.7, "LATITUD": -40.072392, "LONGITUD": -72.613541 }, "geometry": { "type": "Point", "coordinates": [ -72.613541, -40.072392 ] } },
{ "type": "Feature", "properties": { "anio": 2026, "establecimiento": "Liceo Tecnico Profesional Radio", "rbd": 22024, "prueba": "M1", "promedio": 504.3, "LATITUD": -40.072392, "LONGITUD": -72.613541 }, "geometry": { "type": "Point", "coordinates": [ -72.613541, -40.072392 ] } },
{ "type": "Feature", "properties": { "anio": 2026, "establecimiento": "Liceo Tecnico Profesional Radio", "rbd": 22024, "prueba": "M2", "promedio": 349.0, "LATITUD": -40.072392, "LONGITUD": -72.613541 }, "geometry": { "type": "Point", "coordinates": [ -72.613541, -40.072392 ] } },
{ "type": "Feature", "properties": { "anio": 2026, "establecimiento": "Liceo Tecnico Profesional Radio", "rbd": 22024, "prueba": "Historia", "promedio": 432.5, "LATITUD": -40.072392, "LONGITUD": -72.613541 }, "geometry": { "type": "Point", "coordinates": [ -72.613541, -40.072392 ] } },
{ "type": "Feature", "properties": { "anio": 2026, "establecimiento": "Liceo Tecnico Profesional Radio", "rbd": 22024, "prueba": "Ciencias", "promedio": 388.3, "LATITUD": -40.072392, "LONGITUD": -72.613541 }, "geometry": { "type": "Point", "coordinates": [ -72.613541, -40.072392 ] } },
{ "type": "Feature", "properties": { "anio": 2026, "establecimiento": "Liceo Tecnico Profesional Radio", "rbd": 22024, "prueba": "Obligatoria", "promedio": 495.0, "LATITUD": -40.072392, "LONGITUD": -72.613541 }, "geometry": { "type": "Point", "coordinates": [ -72.613541, -40.072392 ] } },
{ "type": "Feature", "properties": { "anio": 2026, "establecimiento": "Liceo Tecnico Profesional Radio", "rbd": 22024, "prueba": "Lenguaje", "promedio": 472.0, "LATITUD": -40.072392, "LONGITUD": -72.613541 }, "geometry": { "type": "Point", "coordinates": [ -72.613541, -40.072392 ] } },
{ "type": "Feature", "properties": { "anio": 2026, "establecimiento": "Liceo Tecnico Profesional Radio", "rbd": 22024, "prueba": "M1", "promedio": 475.7, "LATITUD": -40.072392, "LONGITUD": -72.613541 }, "geometry": { "type": "Point", "coordinates": [ -72.613541, -40.072392 ] } },
{ "type": "Feature", "properties": { "anio": 2026, "establecimiento": "Liceo Tecnico Profesional Radio", "rbd": 22024, "prueba": "M2", "promedio": 0.0, "LATITUD": -40.072392, "LONGITUD": -72.613541 }, "geometry": { "type": "Point", "coordinates": [ -72.613541, -40.072392 ] } },
{ "type": "Feature", "properties": { "anio": 2026, "establecimiento": "Liceo Tecnico Profesional Radio", "rbd": 22024, "prueba": "Historia", "promedio": 406.0, "LATITUD": -40.072392, "LONGITUD": -72.613541 }, "geometry": { "type": "Point", "coordinates": [ -72.613541, -40.072392 ] } },
{ "type": "Feature", "properties": { "anio": 2026, "establecimiento": "Liceo Tecnico Profesional Radio", "rbd": 22024, "prueba": "Ciencias", "promedio": 401.0, "LATITUD": -40.072392, "LONGITUD": -72.613541 }, "geometry": { "type": "Point", "coordinates": [ -72.613541, -40.072392 ] } },
{ "type": "Feature", "properties": { "anio": 2026, "establecimiento": "Liceo Tecnico Profesional Radio", "rbd": 22024, "prueba": "Obligatoria", "promedio": 473.8, "LATITUD": -40.072392, "LONGITUD": -72.613541 }, "geometry": { "type": "Point", "coordinates": [ -72.613541, -40.072392 ] } },
{ "type": "Feature", "properties": { "anio": 2026, "establecimiento": "Liceo Bicentenario Ingeniero Ricardo Fenner Ruedi\nRama", "rbd": 22140, "prueba": "Lenguaje", "promedio": 547.7, "LATITUD": -40.313129, "LONGITUD": -73.000214 }, "geometry": { "type": "Point", "coordinates": [ -73.000214, -40.313129 ] } },
{ "type": "Feature", "properties": { "anio": 2026, "establecimiento": "Liceo Bicentenario Ingeniero Ricardo Fenner Ruedi\nRama", "rbd": 22140, "prueba": "M1", "promedio": 585.4, "LATITUD": -40.313129, "LONGITUD": -73.000214 }, "geometry": { "type": "Point", "coordinates": [ -73.000214, -40.313129 ] } },
{ "type": "Feature", "properties": { "anio": 2026, "establecimiento": "Liceo Bicentenario Ingeniero Ricardo Fenner Ruedi\nRama", "rbd": 22140, "prueba": "M2", "promedio": 374.9, "LATITUD": -40.313129, "LONGITUD": -73.000214 }, "geometry": { "type": "Point", "coordinates": [ -73.000214, -40.313129 ] } },
{ "type": "Feature", "properties": { "anio": 2026, "establecimiento": "Liceo Bicentenario Ingeniero Ricardo Fenner Ruedi\nRama", "rbd": 22140, "prueba": "Historia", "promedio": 434.3, "LATITUD": -40.313129, "LONGITUD": -73.000214 }, "geometry": { "type": "Point", "coordinates": [ -73.000214, -40.313129 ] } },
{ "type": "Feature", "properties": { "anio": 2026, "establecimiento": "Liceo Bicentenario Ingeniero Ricardo Fenner Ruedi\nRama", "rbd": 22140, "prueba": "Ciencias", "promedio": 413.3, "LATITUD": -40.313129, "LONGITUD": -73.000214 }, "geometry": { "type": "Point", "coordinates": [ -73.000214, -40.313129 ] } },
{ "type": "Feature", "properties": { "anio": 2026, "establecimiento": "Liceo Bicentenario Ingeniero Ricardo Fenner Ruedi\nRama", "rbd": 22140, "prueba": "Obligatoria", "promedio": 567.3, "LATITUD": -40.313129, "LONGITUD": -73.000214 }, "geometry": { "type": "Point", "coordinates": [ -73.000214, -40.313129 ] } },
{ "type": "Feature", "properties": { "anio": 2026, "establecimiento": "Martin Luther King College\nRama", "rbd": 22160, "prueba": "Lenguaje", "promedio": 575.0, "LATITUD": -39.836231, "LONGITUD": -73.240349 }, "geometry": { "type": "Point", "coordinates": [ -73.240349, -39.836231 ] } },
{ "type": "Feature", "properties": { "anio": 2026, "establecimiento": "Martin Luther King College\nRama", "rbd": 22160, "prueba": "M1", "promedio": 630.2, "LATITUD": -39.836231, "LONGITUD": -73.240349 }, "geometry": { "type": "Point", "coordinates": [ -73.240349, -39.836231 ] } },
{ "type": "Feature", "properties": { "anio": 2026, "establecimiento": "Martin Luther King College\nRama", "rbd": 22160, "prueba": "M2", "promedio": 425.4, "LATITUD": -39.836231, "LONGITUD": -73.240349 }, "geometry": { "type": "Point", "coordinates": [ -73.240349, -39.836231 ] } },
{ "type": "Feature", "properties": { "anio": 2026, "establecimiento": "Martin Luther King College\nRama", "rbd": 22160, "prueba": "Historia", "promedio": 456.3, "LATITUD": -39.836231, "LONGITUD": -73.240349 }, "geometry": { "type": "Point", "coordinates": [ -73.240349, -39.836231 ] } },
{ "type": "Feature", "properties": { "anio": 2026, "establecimiento": "Martin Luther King College\nRama", "rbd": 22160, "prueba": "Ciencias", "promedio": 455.7, "LATITUD": -39.836231, "LONGITUD": -73.240349 }, "geometry": { "type": "Point", "coordinates": [ -73.240349, -39.836231 ] } },
{ "type": "Feature", "properties": { "anio": 2026, "establecimiento": "Martin Luther King College\nRama", "rbd": 22160, "prueba": "Obligatoria", "promedio": 604.1, "LATITUD": -39.836231, "LONGITUD": -73.240349 }, "geometry": { "type": "Point", "coordinates": [ -73.240349, -39.836231 ] } },
{ "type": "Feature", "properties": { "anio": 2026, "establecimiento": "Colegio San Luis De Alba\nRama", "rbd": 22177, "prueba": "Lenguaje", "promedio": 733.8, "LATITUD": -39.845222, "LONGITUD": -73.28399 }, "geometry": { "type": "Point", "coordinates": [ -73.28399, -39.845222 ] } },
{ "type": "Feature", "properties": { "anio": 2026, "establecimiento": "Colegio San Luis De Alba\nRama", "rbd": 22177, "prueba": "M1", "promedio": 856.7, "LATITUD": -39.845222, "LONGITUD": -73.28399 }, "geometry": { "type": "Point", "coordinates": [ -73.28399, -39.845222 ] } },
{ "type": "Feature", "properties": { "anio": 2026, "establecimiento": "Colegio San Luis De Alba\nRama", "rbd": 22177, "prueba": "M2", "promedio": 521.3, "LATITUD": -39.845222, "LONGITUD": -73.28399 }, "geometry": { "type": "Point", "coordinates": [ -73.28399, -39.845222 ] } },
{ "type": "Feature", "properties": { "anio": 2026, "establecimiento": "Colegio San Luis De Alba\nRama", "rbd": 22177, "prueba": "Historia", "promedio": 620.1, "LATITUD": -39.845222, "LONGITUD": -73.28399 }, "geometry": { "type": "Point", "coordinates": [ -73.28399, -39.845222 ] } },
{ "type": "Feature", "properties": { "anio": 2026, "establecimiento": "Colegio San Luis De Alba\nRama", "rbd": 22177, "prueba": "Ciencias", "promedio": 596.1, "LATITUD": -39.845222, "LONGITUD": -73.28399 }, "geometry": { "type": "Point", "coordinates": [ -73.28399, -39.845222 ] } },
{ "type": "Feature", "properties": { "anio": 2026, "establecimiento": "Colegio San Luis De Alba\nRama", "rbd": 22177, "prueba": "Obligatoria", "promedio": 795.2, "LATITUD": -39.845222, "LONGITUD": -73.28399 }, "geometry": { "type": "Point", "coordinates": [ -73.28399, -39.845222 ] } },
{ "type": "Feature", "properties": { "anio": 2026, "establecimiento": "Centro Educacion Adultos Andres Bello\nRama", "rbd": 22188, "prueba": "Lenguaje", "promedio": 503.1, "LATITUD": -39.817417, "LONGITUD": -73.23983 }, "geometry": { "type": "Point", "coordinates": [ -73.23983, -39.817417 ] } },
{ "type": "Feature", "properties": { "anio": 2026, "establecimiento": "Centro Educacion Adultos Andres Bello\nRama", "rbd": 22188, "prueba": "M1", "promedio": 485.6, "LATITUD": -39.817417, "LONGITUD": -73.23983 }, "geometry": { "type": "Point", "coordinates": [ -73.23983, -39.817417 ] } },
{ "type": "Feature", "properties": { "anio": 2026, "establecimiento": "Centro Educacion Adultos Andres Bello\nRama", "rbd": 22188, "prueba": "M2", "promedio": 409.0, "LATITUD": -39.817417, "LONGITUD": -73.23983 }, "geometry": { "type": "Point", "coordinates": [ -73.23983, -39.817417 ] } },
{ "type": "Feature", "properties": { "anio": 2026, "establecimiento": "Centro Educacion Adultos Andres Bello\nRama", "rbd": 22188, "prueba": "Historia", "promedio": 432.8, "LATITUD": -39.817417, "LONGITUD": -73.23983 }, "geometry": { "type": "Point", "coordinates": [ -73.23983, -39.817417 ] } },
{ "type": "Feature", "properties": { "anio": 2026, "establecimiento": "Centro Educacion Adultos Andres Bello\nRama", "rbd": 22188, "prueba": "Ciencias", "promedio": 426.0, "LATITUD": -39.817417, "LONGITUD": -73.23983 }, "geometry": { "type": "Point", "coordinates": [ -73.23983, -39.817417 ] } },
{ "type": "Feature", "properties": { "anio": 2026, "establecimiento": "Centro Educacion Adultos Andres Bello\nRama", "rbd": 22188, "prueba": "Obligatoria", "promedio": 494.4, "LATITUD": -39.817417, "LONGITUD": -73.23983 }, "geometry": { "type": "Point", "coordinates": [ -73.23983, -39.817417 ] } },
{ "type": "Feature", "properties": { "anio": 2026, "establecimiento": "Colegio Pufudi\nRama", "rbd": 22218, "prueba": "Lenguaje", "promedio": 573.7, "LATITUD": -39.671108, "LONGITUD": -73.081787 }, "geometry": { "type": "Point", "coordinates": [ -73.081787, -39.671108 ] } },
{ "type": "Feature", "properties": { "anio": 2026, "establecimiento": "Colegio Pufudi\nRama", "rbd": 22218, "prueba": "M1", "promedio": 577.6, "LATITUD": -39.671108, "LONGITUD": -73.081787 }, "geometry": { "type": "Point", "coordinates": [ -73.081787, -39.671108 ] } },
{ "type": "Feature", "properties": { "anio": 2026, "establecimiento": "Colegio Pufudi\nRama", "rbd": 22218, "prueba": "M2", "promedio": 391.5, "LATITUD": -39.671108, "LONGITUD": -73.081787 }, "geometry": { "type": "Point", "coordinates": [ -73.081787, -39.671108 ] } },
{ "type": "Feature", "properties": { "anio": 2026, "establecimiento": "Colegio Pufudi\nRama", "rbd": 22218, "prueba": "Historia", "promedio": 432.4, "LATITUD": -39.671108, "LONGITUD": -73.081787 }, "geometry": { "type": "Point", "coordinates": [ -73.081787, -39.671108 ] } },
{ "type": "Feature", "properties": { "anio": 2026, "establecimiento": "Colegio Pufudi\nRama", "rbd": 22218, "prueba": "Ciencias", "promedio": 440.8, "LATITUD": -39.671108, "LONGITUD": -73.081787 }, "geometry": { "type": "Point", "coordinates": [ -73.081787, -39.671108 ] } },
{ "type": "Feature", "properties": { "anio": 2026, "establecimiento": "Colegio Pufudi\nRama", "rbd": 22218, "prueba": "Obligatoria", "promedio": 575.7, "LATITUD": -39.671108, "LONGITUD": -73.081787 }, "geometry": { "type": "Point", "coordinates": [ -73.081787, -39.671108 ] } },
{ "type": "Feature", "properties": { "anio": 2026, "establecimiento": "Colegio Domus Mater\nRama", "rbd": 22231, "prueba": "Lenguaje", "promedio": 697.1, "LATITUD": -39.82877244, "LONGITUD": -73.2464629 }, "geometry": { "type": "Point", "coordinates": [ -73.2464629, -39.82877244 ] } },
{ "type": "Feature", "properties": { "anio": 2026, "establecimiento": "Colegio Domus Mater\nRama", "rbd": 22231, "prueba": "M1", "promedio": 734.6, "LATITUD": -39.82877244, "LONGITUD": -73.2464629 }, "geometry": { "type": "Point", "coordinates": [ -73.2464629, -39.82877244 ] } },
{ "type": "Feature", "properties": { "anio": 2026, "establecimiento": "Colegio Domus Mater\nRama", "rbd": 22231, "prueba": "M2", "promedio": 459.1, "LATITUD": -39.82877244, "LONGITUD": -73.2464629 }, "geometry": { "type": "Point", "coordinates": [ -73.2464629, -39.82877244 ] } },
{ "type": "Feature", "properties": { "anio": 2026, "establecimiento": "Colegio Domus Mater\nRama", "rbd": 22231, "prueba": "Historia", "promedio": 623.3, "LATITUD": -39.82877244, "LONGITUD": -73.2464629 }, "geometry": { "type": "Point", "coordinates": [ -73.2464629, -39.82877244 ] } },
{ "type": "Feature", "properties": { "anio": 2026, "establecimiento": "Colegio Domus Mater\nRama", "rbd": 22231, "prueba": "Ciencias", "promedio": 523.9, "LATITUD": -39.82877244, "LONGITUD": -73.2464629 }, "geometry": { "type": "Point", "coordinates": [ -73.2464629, -39.82877244 ] } },
{ "type": "Feature", "properties": { "anio": 2026, "establecimiento": "Colegio Domus Mater\nRama", "rbd": 22231, "prueba": "Obligatoria", "promedio": 715.8, "LATITUD": -39.82877244, "LONGITUD": -73.2464629 }, "geometry": { "type": "Point", "coordinates": [ -73.2464629, -39.82877244 ] } },
{ "type": "Feature", "properties": { "anio": 2026, "establecimiento": "Colegio San Antonio\nRama", "rbd": 22317, "prueba": "Lenguaje", "promedio": 560.2, "LATITUD": -40.063461, "LONGITUD": -72.759003 }, "geometry": { "type": "Point", "coordinates": [ -72.759003, -40.063461 ] } },
{ "type": "Feature", "properties": { "anio": 2026, "establecimiento": "Colegio San Antonio\nRama", "rbd": 22317, "prueba": "M1", "promedio": 579.6, "LATITUD": -40.063461, "LONGITUD": -72.759003 }, "geometry": { "type": "Point", "coordinates": [ -72.759003, -40.063461 ] } },
{ "type": "Feature", "properties": { "anio": 2026, "establecimiento": "Colegio San Antonio\nRama", "rbd": 22317, "prueba": "M2", "promedio": 389.2, "LATITUD": -40.063461, "LONGITUD": -72.759003 }, "geometry": { "type": "Point", "coordinates": [ -72.759003, -40.063461 ] } },
{ "type": "Feature", "properties": { "anio": 2026, "establecimiento": "Colegio San Antonio\nRama", "rbd": 22317, "prueba": "Historia", "promedio": 481.1, "LATITUD": -40.063461, "LONGITUD": -72.759003 }, "geometry": { "type": "Point", "coordinates": [ -72.759003, -40.063461 ] } },
{ "type": "Feature", "properties": { "anio": 2026, "establecimiento": "Colegio San Antonio\nRama", "rbd": 22317, "prueba": "Ciencias", "promedio": 420.5, "LATITUD": -40.063461, "LONGITUD": -72.759003 }, "geometry": { "type": "Point", "coordinates": [ -72.759003, -40.063461 ] } },
{ "type": "Feature", "properties": { "anio": 2026, "establecimiento": "Colegio San Antonio\nRama", "rbd": 22317, "prueba": "Obligatoria", "promedio": 569.9, "LATITUD": -40.063461, "LONGITUD": -72.759003 }, "geometry": { "type": "Point", "coordinates": [ -72.759003, -40.063461 ] } },
{ "type": "Feature", "properties": { "anio": 2026, "establecimiento": "Colegio San Antonio\nRama", "rbd": 22317, "prueba": "Lenguaje", "promedio": 506.0, "LATITUD": -40.063461, "LONGITUD": -72.759003 }, "geometry": { "type": "Point", "coordinates": [ -72.759003, -40.063461 ] } },
{ "type": "Feature", "properties": { "anio": 2026, "establecimiento": "Colegio San Antonio\nRama", "rbd": 22317, "prueba": "M1", "promedio": 491.1, "LATITUD": -40.063461, "LONGITUD": -72.759003 }, "geometry": { "type": "Point", "coordinates": [ -72.759003, -40.063461 ] } },
{ "type": "Feature", "properties": { "anio": 2026, "establecimiento": "Colegio San Antonio\nRama", "rbd": 22317, "prueba": "M2", "promedio": 337.0, "LATITUD": -40.063461, "LONGITUD": -72.759003 }, "geometry": { "type": "Point", "coordinates": [ -72.759003, -40.063461 ] } },
{ "type": "Feature", "properties": { "anio": 2026, "establecimiento": "Colegio San Antonio\nRama", "rbd": 22317, "prueba": "Historia", "promedio": 441.6, "LATITUD": -40.063461, "LONGITUD": -72.759003 }, "geometry": { "type": "Point", "coordinates": [ -72.759003, -40.063461 ] } },
{ "type": "Feature", "properties": { "anio": 2026, "establecimiento": "Colegio San Antonio\nRama", "rbd": 22317, "prueba": "Ciencias", "promedio": 383.1, "LATITUD": -40.063461, "LONGITUD": -72.759003 }, "geometry": { "type": "Point", "coordinates": [ -72.759003, -40.063461 ] } },
{ "type": "Feature", "properties": { "anio": 2026, "establecimiento": "Colegio San Antonio\nRama", "rbd": 22317, "prueba": "Obligatoria", "promedio": 501.4, "LATITUD": -40.063461, "LONGITUD": -72.759003 }, "geometry": { "type": "Point", "coordinates": [ -72.759003, -40.063461 ] } },
{ "type": "Feature", "properties": { "anio": 2026, "establecimiento": "Instituto Inmaculada Concepcion\nRama", "rbd": 22351, "prueba": "Lenguaje", "promedio": 690.9, "LATITUD": -39.81818, "LONGITUD": -73.246437 }, "geometry": { "type": "Point", "coordinates": [ -73.246437, -39.81818 ] } },
{ "type": "Feature", "properties": { "anio": 2026, "establecimiento": "Instituto Inmaculada Concepcion\nRama", "rbd": 22351, "prueba": "M1", "promedio": 730.9, "LATITUD": -39.81818, "LONGITUD": -73.246437 }, "geometry": { "type": "Point", "coordinates": [ -73.246437, -39.81818 ] } },
{ "type": "Feature", "properties": { "anio": 2026, "establecimiento": "Instituto Inmaculada Concepcion\nRama", "rbd": 22351, "prueba": "M2", "promedio": 511.9, "LATITUD": -39.81818, "LONGITUD": -73.246437 }, "geometry": { "type": "Point", "coordinates": [ -73.246437, -39.81818 ] } },
{ "type": "Feature", "properties": { "anio": 2026, "establecimiento": "Instituto Inmaculada Concepcion\nRama", "rbd": 22351, "prueba": "Historia", "promedio": 574.0, "LATITUD": -39.81818, "LONGITUD": -73.246437 }, "geometry": { "type": "Point", "coordinates": [ -73.246437, -39.81818 ] } },
{ "type": "Feature", "properties": { "anio": 2026, "establecimiento": "Instituto Inmaculada Concepcion\nRama", "rbd": 22351, "prueba": "Ciencias", "promedio": 538.2, "LATITUD": -39.81818, "LONGITUD": -73.246437 }, "geometry": { "type": "Point", "coordinates": [ -73.246437, -39.81818 ] } },
{ "type": "Feature", "properties": { "anio": 2026, "establecimiento": "Instituto Inmaculada Concepcion\nRama", "rbd": 22351, "prueba": "Obligatoria", "promedio": 710.9, "LATITUD": -39.81818, "LONGITUD": -73.246437 }, "geometry": { "type": "Point", "coordinates": [ -73.246437, -39.81818 ] } },
{ "type": "Feature", "properties": { "anio": 2026, "establecimiento": "Instituto Tecnologico Del Sur\nRama", "rbd": 22374, "prueba": "Lenguaje", "promedio": 485.6, "LATITUD": -39.823311, "LONGITUD": -73.214104 }, "geometry": { "type": "Point", "coordinates": [ -73.214104, -39.823311 ] } },
{ "type": "Feature", "properties": { "anio": 2026, "establecimiento": "Instituto Tecnologico Del Sur\nRama", "rbd": 22374, "prueba": "M1", "promedio": 517.3, "LATITUD": -39.823311, "LONGITUD": -73.214104 }, "geometry": { "type": "Point", "coordinates": [ -73.214104, -39.823311 ] } },
{ "type": "Feature", "properties": { "anio": 2026, "establecimiento": "Instituto Tecnologico Del Sur\nRama", "rbd": 22374, "prueba": "M2", "promedio": 389.0, "LATITUD": -39.823311, "LONGITUD": -73.214104 }, "geometry": { "type": "Point", "coordinates": [ -73.214104, -39.823311 ] } },
{ "type": "Feature", "properties": { "anio": 2026, "establecimiento": "Instituto Tecnologico Del Sur\nRama", "rbd": 22374, "prueba": "Historia", "promedio": 359.0, "LATITUD": -39.823311, "LONGITUD": -73.214104 }, "geometry": { "type": "Point", "coordinates": [ -73.214104, -39.823311 ] } },
{ "type": "Feature", "properties": { "anio": 2026, "establecimiento": "Instituto Tecnologico Del Sur\nRama", "rbd": 22374, "prueba": "Ciencias", "promedio": 372.8, "LATITUD": -39.823311, "LONGITUD": -73.214104 }, "geometry": { "type": "Point", "coordinates": [ -73.214104, -39.823311 ] } },
{ "type": "Feature", "properties": { "anio": 2026, "establecimiento": "Instituto Tecnologico Del Sur\nRama", "rbd": 22374, "prueba": "Obligatoria", "promedio": 501.5, "LATITUD": -39.823311, "LONGITUD": -73.214104 }, "geometry": { "type": "Point", "coordinates": [ -73.214104, -39.823311 ] } },
{ "type": "Feature", "properties": { "anio": 2026, "establecimiento": "Instituto Tecnologico Del Sur\nRama", "rbd": 22374, "prueba": "Lenguaje", "promedio": 400.0, "LATITUD": -39.823311, "LONGITUD": -73.214104 }, "geometry": { "type": "Point", "coordinates": [ -73.214104, -39.823311 ] } },
{ "type": "Feature", "properties": { "anio": 2026, "establecimiento": "Instituto Tecnologico Del Sur\nRama", "rbd": 22374, "prueba": "M1", "promedio": 436.7, "LATITUD": -39.823311, "LONGITUD": -73.214104 }, "geometry": { "type": "Point", "coordinates": [ -73.214104, -39.823311 ] } },
{ "type": "Feature", "properties": { "anio": 2026, "establecimiento": "Instituto Tecnologico Del Sur\nRama", "rbd": 22374, "prueba": "M2", "promedio": 354.0, "LATITUD": -39.823311, "LONGITUD": -73.214104 }, "geometry": { "type": "Point", "coordinates": [ -73.214104, -39.823311 ] } },
{ "type": "Feature", "properties": { "anio": 2026, "establecimiento": "Instituto Tecnologico Del Sur\nRama", "rbd": 22374, "prueba": "Historia", "promedio": 414.5, "LATITUD": -39.823311, "LONGITUD": -73.214104 }, "geometry": { "type": "Point", "coordinates": [ -73.214104, -39.823311 ] } },
{ "type": "Feature", "properties": { "anio": 2026, "establecimiento": "Instituto Tecnologico Del Sur\nRama", "rbd": 22374, "prueba": "Ciencias", "promedio": 345.3, "LATITUD": -39.823311, "LONGITUD": -73.214104 }, "geometry": { "type": "Point", "coordinates": [ -73.214104, -39.823311 ] } },
{ "type": "Feature", "properties": { "anio": 2026, "establecimiento": "Instituto Tecnologico Del Sur\nRama", "rbd": 22374, "prueba": "Obligatoria", "promedio": 406.0, "LATITUD": -39.823311, "LONGITUD": -73.214104 }, "geometry": { "type": "Point", "coordinates": [ -73.214104, -39.823311 ] } },
{ "type": "Feature", "properties": { "anio": 2026, "establecimiento": "Centro De Educ", "rbd": 22388, "prueba": "Lenguaje", "promedio": 569.3, "LATITUD": -39.81233, "LONGITUD": -73.24007 }, "geometry": { "type": "Point", "coordinates": [ -73.24007, -39.81233 ] } },
{ "type": "Feature", "properties": { "anio": 2026, "establecimiento": "Centro De Educ", "rbd": 22388, "prueba": "M1", "promedio": 555.6, "LATITUD": -39.81233, "LONGITUD": -73.24007 }, "geometry": { "type": "Point", "coordinates": [ -73.24007, -39.81233 ] } },
{ "type": "Feature", "properties": { "anio": 2026, "establecimiento": "Centro De Educ", "rbd": 22388, "prueba": "M2", "promedio": 326.5, "LATITUD": -39.81233, "LONGITUD": -73.24007 }, "geometry": { "type": "Point", "coordinates": [ -73.24007, -39.81233 ] } },
{ "type": "Feature", "properties": { "anio": 2026, "establecimiento": "Centro De Educ", "rbd": 22388, "prueba": "Historia", "promedio": 452.9, "LATITUD": -39.81233, "LONGITUD": -73.24007 }, "geometry": { "type": "Point", "coordinates": [ -73.24007, -39.81233 ] } },
{ "type": "Feature", "properties": { "anio": 2026, "establecimiento": "Centro De Educ", "rbd": 22388, "prueba": "Ciencias", "promedio": 395.6, "LATITUD": -39.81233, "LONGITUD": -73.24007 }, "geometry": { "type": "Point", "coordinates": [ -73.24007, -39.81233 ] } },
{ "type": "Feature", "properties": { "anio": 2026, "establecimiento": "Centro De Educ", "rbd": 22388, "prueba": "Obligatoria", "promedio": 565.6, "LATITUD": -39.81233, "LONGITUD": -73.24007 }, "geometry": { "type": "Point", "coordinates": [ -73.24007, -39.81233 ] } },
{ "type": "Feature", "properties": { "anio": 2026, "establecimiento": "Colegio Aliwen\nRama", "rbd": 22398, "prueba": "Lenguaje", "promedio": 629.4, "LATITUD": -39.827862, "LONGITUD": -73.250214 }, "geometry": { "type": "Point", "coordinates": [ -73.250214, -39.827862 ] } },
{ "type": "Feature", "properties": { "anio": 2026, "establecimiento": "Colegio Aliwen\nRama", "rbd": 22398, "prueba": "M1", "promedio": 625.6, "LATITUD": -39.827862, "LONGITUD": -73.250214 }, "geometry": { "type": "Point", "coordinates": [ -73.250214, -39.827862 ] } },
{ "type": "Feature", "properties": { "anio": 2026, "establecimiento": "Colegio Aliwen\nRama", "rbd": 22398, "prueba": "M2", "promedio": 442.3, "LATITUD": -39.827862, "LONGITUD": -73.250214 }, "geometry": { "type": "Point", "coordinates": [ -73.250214, -39.827862 ] } },
{ "type": "Feature", "properties": { "anio": 2026, "establecimiento": "Colegio Aliwen\nRama", "rbd": 22398, "prueba": "Historia", "promedio": 519.1, "LATITUD": -39.827862, "LONGITUD": -73.250214 }, "geometry": { "type": "Point", "coordinates": [ -73.250214, -39.827862 ] } },
{ "type": "Feature", "properties": { "anio": 2026, "establecimiento": "Colegio Aliwen\nRama", "rbd": 22398, "prueba": "Ciencias", "promedio": 467.7, "LATITUD": -39.827862, "LONGITUD": -73.250214 }, "geometry": { "type": "Point", "coordinates": [ -73.250214, -39.827862 ] } },
{ "type": "Feature", "properties": { "anio": 2026, "establecimiento": "Colegio Aliwen\nRama", "rbd": 22398, "prueba": "Obligatoria", "promedio": 627.5, "LATITUD": -39.827862, "LONGITUD": -73.250214 }, "geometry": { "type": "Point", "coordinates": [ -73.250214, -39.827862 ] } },
{ "type": "Feature", "properties": { "anio": 2026, "establecimiento": "Inst", "rbd": 22415, "prueba": "Lenguaje", "promedio": 516.7, "LATITUD": -39.825958, "LONGITUD": -73.246109 }, "geometry": { "type": "Point", "coordinates": [ -73.246109, -39.825958 ] } },
{ "type": "Feature", "properties": { "anio": 2026, "establecimiento": "Inst", "rbd": 22415, "prueba": "M1", "promedio": 584.7, "LATITUD": -39.825958, "LONGITUD": -73.246109 }, "geometry": { "type": "Point", "coordinates": [ -73.246109, -39.825958 ] } },
{ "type": "Feature", "properties": { "anio": 2026, "establecimiento": "Inst", "rbd": 22415, "prueba": "M2", "promedio": 0.0, "LATITUD": -39.825958, "LONGITUD": -73.246109 }, "geometry": { "type": "Point", "coordinates": [ -73.246109, -39.825958 ] } },
{ "type": "Feature", "properties": { "anio": 2026, "establecimiento": "Inst", "rbd": 22415, "prueba": "Historia", "promedio": 409.5, "LATITUD": -39.825958, "LONGITUD": -73.246109 }, "geometry": { "type": "Point", "coordinates": [ -73.246109, -39.825958 ] } },
{ "type": "Feature", "properties": { "anio": 2026, "establecimiento": "Inst", "rbd": 22415, "prueba": "Ciencias", "promedio": 388.5, "LATITUD": -39.825958, "LONGITUD": -73.246109 }, "geometry": { "type": "Point", "coordinates": [ -73.246109, -39.825958 ] } },
{ "type": "Feature", "properties": { "anio": 2026, "establecimiento": "Inst", "rbd": 22415, "prueba": "Obligatoria", "promedio": 550.7, "LATITUD": -39.825958, "LONGITUD": -73.246109 }, "geometry": { "type": "Point", "coordinates": [ -73.246109, -39.825958 ] } },
{ "type": "Feature", "properties": { "anio": 2026, "establecimiento": "Inst", "rbd": 22415, "prueba": "Lenguaje", "promedio": 511.8, "LATITUD": -39.825958, "LONGITUD": -73.246109 }, "geometry": { "type": "Point", "coordinates": [ -73.246109, -39.825958 ] } },
{ "type": "Feature", "properties": { "anio": 2026, "establecimiento": "Inst", "rbd": 22415, "prueba": "M1", "promedio": 570.2, "LATITUD": -39.825958, "LONGITUD": -73.246109 }, "geometry": { "type": "Point", "coordinates": [ -73.246109, -39.825958 ] } },
{ "type": "Feature", "properties": { "anio": 2026, "establecimiento": "Inst", "rbd": 22415, "prueba": "M2", "promedio": 420.5, "LATITUD": -39.825958, "LONGITUD": -73.246109 }, "geometry": { "type": "Point", "coordinates": [ -73.246109, -39.825958 ] } },
{ "type": "Feature", "properties": { "anio": 2026, "establecimiento": "Inst", "rbd": 22415, "prueba": "Historia", "promedio": 458.0, "LATITUD": -39.825958, "LONGITUD": -73.246109 }, "geometry": { "type": "Point", "coordinates": [ -73.246109, -39.825958 ] } },
{ "type": "Feature", "properties": { "anio": 2026, "establecimiento": "Inst", "rbd": 22415, "prueba": "Ciencias", "promedio": 422.7, "LATITUD": -39.825958, "LONGITUD": -73.246109 }, "geometry": { "type": "Point", "coordinates": [ -73.246109, -39.825958 ] } },
{ "type": "Feature", "properties": { "anio": 2026, "establecimiento": "Inst", "rbd": 22415, "prueba": "Obligatoria", "promedio": 539.7, "LATITUD": -39.825958, "LONGITUD": -73.246109 }, "geometry": { "type": "Point", "coordinates": [ -73.246109, -39.825958 ] } },
{ "type": "Feature", "properties": { "anio": 2026, "establecimiento": "Inst", "rbd": 22415, "prueba": "Lenguaje", "promedio": 576.0, "LATITUD": -39.825958, "LONGITUD": -73.246109 }, "geometry": { "type": "Point", "coordinates": [ -73.246109, -39.825958 ] } },
{ "type": "Feature", "properties": { "anio": 2026, "establecimiento": "Inst", "rbd": 22415, "prueba": "M1", "promedio": 502.0, "LATITUD": -39.825958, "LONGITUD": -73.246109 }, "geometry": { "type": "Point", "coordinates": [ -73.246109, -39.825958 ] } },
{ "type": "Feature", "properties": { "anio": 2026, "establecimiento": "Inst", "rbd": 22415, "prueba": "M2", "promedio": 0.0, "LATITUD": -39.825958, "LONGITUD": -73.246109 }, "geometry": { "type": "Point", "coordinates": [ -73.246109, -39.825958 ] } },
{ "type": "Feature", "properties": { "anio": 2026, "establecimiento": "Inst", "rbd": 22415, "prueba": "Historia", "promedio": 500.0, "LATITUD": -39.825958, "LONGITUD": -73.246109 }, "geometry": { "type": "Point", "coordinates": [ -73.246109, -39.825958 ] } },
{ "type": "Feature", "properties": { "anio": 2026, "establecimiento": "Inst", "rbd": 22415, "prueba": "Ciencias", "promedio": 0.0, "LATITUD": -39.825958, "LONGITUD": -73.246109 }, "geometry": { "type": "Point", "coordinates": [ -73.246109, -39.825958 ] } },
{ "type": "Feature", "properties": { "anio": 2026, "establecimiento": "Inst", "rbd": 22415, "prueba": "Obligatoria", "promedio": 539.0, "LATITUD": -39.825958, "LONGITUD": -73.246109 }, "geometry": { "type": "Point", "coordinates": [ -73.246109, -39.825958 ] } },
{ "type": "Feature", "properties": { "anio": 2026, "establecimiento": "Cent", "rbd": 22446, "prueba": "Lenguaje", "promedio": 492.0, "LATITUD": -40.331173, "LONGITUD": -72.95494 }, "geometry": { "type": "Point", "coordinates": [ -72.95494, -40.331173 ] } },
{ "type": "Feature", "properties": { "anio": 2026, "establecimiento": "Cent", "rbd": 22446, "prueba": "M1", "promedio": 437.5, "LATITUD": -40.331173, "LONGITUD": -72.95494 }, "geometry": { "type": "Point", "coordinates": [ -72.95494, -40.331173 ] } },
{ "type": "Feature", "properties": { "anio": 2026, "establecimiento": "Cent", "rbd": 22446, "prueba": "M2", "promedio": 0.0, "LATITUD": -40.331173, "LONGITUD": -72.95494 }, "geometry": { "type": "Point", "coordinates": [ -72.95494, -40.331173 ] } },
{ "type": "Feature", "properties": { "anio": 2026, "establecimiento": "Cent", "rbd": 22446, "prueba": "Historia", "promedio": 470.0, "LATITUD": -40.331173, "LONGITUD": -72.95494 }, "geometry": { "type": "Point", "coordinates": [ -72.95494, -40.331173 ] } },
{ "type": "Feature", "properties": { "anio": 2026, "establecimiento": "Cent", "rbd": 22446, "prueba": "Ciencias", "promedio": 0.0, "LATITUD": -40.331173, "LONGITUD": -72.95494 }, "geometry": { "type": "Point", "coordinates": [ -72.95494, -40.331173 ] } },
{ "type": "Feature", "properties": { "anio": 2026, "establecimiento": "Cent", "rbd": 22446, "prueba": "Obligatoria", "promedio": 464.8, "LATITUD": -40.331173, "LONGITUD": -72.95494 }, "geometry": { "type": "Point", "coordinates": [ -72.95494, -40.331173 ] } },
{ "type": "Feature", "properties": { "anio": 2026, "establecimiento": "Colegio Laico Valdivia\nRama", "rbd": 22459, "prueba": "Lenguaje", "promedio": 638.4, "LATITUD": -39.82761, "LONGITUD": -73.239349 }, "geometry": { "type": "Point", "coordinates": [ -73.239349, -39.82761 ] } },
{ "type": "Feature", "properties": { "anio": 2026, "establecimiento": "Colegio Laico Valdivia\nRama", "rbd": 22459, "prueba": "M1", "promedio": 635.9, "LATITUD": -39.82761, "LONGITUD": -73.239349 }, "geometry": { "type": "Point", "coordinates": [ -73.239349, -39.82761 ] } },
{ "type": "Feature", "properties": { "anio": 2026, "establecimiento": "Colegio Laico Valdivia\nRama", "rbd": 22459, "prueba": "M2", "promedio": 409.5, "LATITUD": -39.82761, "LONGITUD": -73.239349 }, "geometry": { "type": "Point", "coordinates": [ -73.239349, -39.82761 ] } },
{ "type": "Feature", "properties": { "anio": 2026, "establecimiento": "Colegio Laico Valdivia\nRama", "rbd": 22459, "prueba": "Historia", "promedio": 549.1, "LATITUD": -39.82761, "LONGITUD": -73.239349 }, "geometry": { "type": "Point", "coordinates": [ -73.239349, -39.82761 ] } },
{ "type": "Feature", "properties": { "anio": 2026, "establecimiento": "Colegio Laico Valdivia\nRama", "rbd": 22459, "prueba": "Ciencias", "promedio": 431.4, "LATITUD": -39.82761, "LONGITUD": -73.239349 }, "geometry": { "type": "Point", "coordinates": [ -73.239349, -39.82761 ] } },
{ "type": "Feature", "properties": { "anio": 2026, "establecimiento": "Colegio Laico Valdivia\nRama", "rbd": 22459, "prueba": "Obligatoria", "promedio": 637.1, "LATITUD": -39.82761, "LONGITUD": -73.239349 }, "geometry": { "type": "Point", "coordinates": [ -73.239349, -39.82761 ] } },
{ "type": "Feature", "properties": { "anio": 2026, "establecimiento": "Colegio Bernardo Felmer Niklitschek\nRama", "rbd": 22462, "prueba": "Lenguaje", "promedio": 582.4, "LATITUD": -39.451241, "LONGITUD": -72.76358 }, "geometry": { "type": "Point", "coordinates": [ -72.76358, -39.451241 ] } },
{ "type": "Feature", "properties": { "anio": 2026, "establecimiento": "Colegio Bernardo Felmer Niklitschek\nRama", "rbd": 22462, "prueba": "M1", "promedio": 600.5, "LATITUD": -39.451241, "LONGITUD": -72.76358 }, "geometry": { "type": "Point", "coordinates": [ -72.76358, -39.451241 ] } },
{ "type": "Feature", "properties": { "anio": 2026, "establecimiento": "Colegio Bernardo Felmer Niklitschek\nRama", "rbd": 22462, "prueba": "M2", "promedio": 431.8, "LATITUD": -39.451241, "LONGITUD": -72.76358 }, "geometry": { "type": "Point", "coordinates": [ -72.76358, -39.451241 ] } },
{ "type": "Feature", "properties": { "anio": 2026, "establecimiento": "Colegio Bernardo Felmer Niklitschek\nRama", "rbd": 22462, "prueba": "Historia", "promedio": 454.6, "LATITUD": -39.451241, "LONGITUD": -72.76358 }, "geometry": { "type": "Point", "coordinates": [ -72.76358, -39.451241 ] } },
{ "type": "Feature", "properties": { "anio": 2026, "establecimiento": "Colegio Bernardo Felmer Niklitschek\nRama", "rbd": 22462, "prueba": "Ciencias", "promedio": 441.6, "LATITUD": -39.451241, "LONGITUD": -72.76358 }, "geometry": { "type": "Point", "coordinates": [ -72.76358, -39.451241 ] } },
{ "type": "Feature", "properties": { "anio": 2026, "establecimiento": "Colegio Bernardo Felmer Niklitschek\nRama", "rbd": 22462, "prueba": "Obligatoria", "promedio": 595.7, "LATITUD": -39.451241, "LONGITUD": -72.76358 }, "geometry": { "type": "Point", "coordinates": [ -72.76358, -39.451241 ] } },
{ "type": "Feature", "properties": { "anio": 2026, "establecimiento": "Colegio Bernardo Felmer Niklitschek\nRama", "rbd": 22462, "prueba": "Lenguaje", "promedio": 492.0, "LATITUD": -39.451241, "LONGITUD": -72.76358 }, "geometry": { "type": "Point", "coordinates": [ -72.76358, -39.451241 ] } },
{ "type": "Feature", "properties": { "anio": 2026, "establecimiento": "Colegio Bernardo Felmer Niklitschek\nRama", "rbd": 22462, "prueba": "M1", "promedio": 507.3, "LATITUD": -39.451241, "LONGITUD": -72.76358 }, "geometry": { "type": "Point", "coordinates": [ -72.76358, -39.451241 ] } },
{ "type": "Feature", "properties": { "anio": 2026, "establecimiento": "Colegio Bernardo Felmer Niklitschek\nRama", "rbd": 22462, "prueba": "M2", "promedio": 386.0, "LATITUD": -39.451241, "LONGITUD": -72.76358 }, "geometry": { "type": "Point", "coordinates": [ -72.76358, -39.451241 ] } },
{ "type": "Feature", "properties": { "anio": 2026, "establecimiento": "Colegio Bernardo Felmer Niklitschek\nRama", "rbd": 22462, "prueba": "Historia", "promedio": 414.9, "LATITUD": -39.451241, "LONGITUD": -72.76358 }, "geometry": { "type": "Point", "coordinates": [ -72.76358, -39.451241 ] } },
{ "type": "Feature", "properties": { "anio": 2026, "establecimiento": "Colegio Bernardo Felmer Niklitschek\nRama", "rbd": 22462, "prueba": "Ciencias", "promedio": 390.0, "LATITUD": -39.451241, "LONGITUD": -72.76358 }, "geometry": { "type": "Point", "coordinates": [ -72.76358, -39.451241 ] } },
{ "type": "Feature", "properties": { "anio": 2026, "establecimiento": "Colegio Bernardo Felmer Niklitschek\nRama", "rbd": 22462, "prueba": "Obligatoria", "promedio": 501.3, "LATITUD": -39.451241, "LONGITUD": -72.76358 }, "geometry": { "type": "Point", "coordinates": [ -72.76358, -39.451241 ] } },
{ "type": "Feature", "properties": { "anio": 2026, "establecimiento": "Colegio Bernardo Felmer Niklitschek\nRama", "rbd": 22462, "prueba": "Lenguaje", "promedio": 467.3, "LATITUD": -39.451241, "LONGITUD": -72.76358 }, "geometry": { "type": "Point", "coordinates": [ -72.76358, -39.451241 ] } },
{ "type": "Feature", "properties": { "anio": 2026, "establecimiento": "Colegio Bernardo Felmer Niklitschek\nRama", "rbd": 22462, "prueba": "M1", "promedio": 497.8, "LATITUD": -39.451241, "LONGITUD": -72.76358 }, "geometry": { "type": "Point", "coordinates": [ -72.76358, -39.451241 ] } },
{ "type": "Feature", "properties": { "anio": 2026, "establecimiento": "Colegio Bernardo Felmer Niklitschek\nRama", "rbd": 22462, "prueba": "M2", "promedio": 389.8, "LATITUD": -39.451241, "LONGITUD": -72.76358 }, "geometry": { "type": "Point", "coordinates": [ -72.76358, -39.451241 ] } },
{ "type": "Feature", "properties": { "anio": 2026, "establecimiento": "Colegio Bernardo Felmer Niklitschek\nRama", "rbd": 22462, "prueba": "Historia", "promedio": 401.7, "LATITUD": -39.451241, "LONGITUD": -72.76358 }, "geometry": { "type": "Point", "coordinates": [ -72.76358, -39.451241 ] } },
{ "type": "Feature", "properties": { "anio": 2026, "establecimiento": "Colegio Bernardo Felmer Niklitschek\nRama", "rbd": 22462, "prueba": "Ciencias", "promedio": 377.4, "LATITUD": -39.451241, "LONGITUD": -72.76358 }, "geometry": { "type": "Point", "coordinates": [ -72.76358, -39.451241 ] } },
{ "type": "Feature", "properties": { "anio": 2026, "establecimiento": "Colegio Bernardo Felmer Niklitschek\nRama", "rbd": 22462, "prueba": "Obligatoria", "promedio": 488.4, "LATITUD": -39.451241, "LONGITUD": -72.76358 }, "geometry": { "type": "Point", "coordinates": [ -72.76358, -39.451241 ] } },
{ "type": "Feature", "properties": { "anio": 2026, "establecimiento": "Colegio San Jose\nRama", "rbd": 22476, "prueba": "Lenguaje", "promedio": 789.5, "LATITUD": -39.536572, "LONGITUD": -72.951019 }, "geometry": { "type": "Point", "coordinates": [ -72.951019, -39.536572 ] } },
{ "type": "Feature", "properties": { "anio": 2026, "establecimiento": "Colegio San Jose\nRama", "rbd": 22476, "prueba": "M1", "promedio": 690.5, "LATITUD": -39.536572, "LONGITUD": -72.951019 }, "geometry": { "type": "Point", "coordinates": [ -72.951019, -39.536572 ] } },
{ "type": "Feature", "properties": { "anio": 2026, "establecimiento": "Colegio San Jose\nRama", "rbd": 22476, "prueba": "M2", "promedio": 366.0, "LATITUD": -39.536572, "LONGITUD": -72.951019 }, "geometry": { "type": "Point", "coordinates": [ -72.951019, -39.536572 ] } },
{ "type": "Feature", "properties": { "anio": 2026, "establecimiento": "Colegio San Jose\nRama", "rbd": 22476, "prueba": "Historia", "promedio": 593.0, "LATITUD": -39.536572, "LONGITUD": -72.951019 }, "geometry": { "type": "Point", "coordinates": [ -72.951019, -39.536572 ] } },
{ "type": "Feature", "properties": { "anio": 2026, "establecimiento": "Colegio San Jose\nRama", "rbd": 22476, "prueba": "Ciencias", "promedio": 591.5, "LATITUD": -39.536572, "LONGITUD": -72.951019 }, "geometry": { "type": "Point", "coordinates": [ -72.951019, -39.536572 ] } },
{ "type": "Feature", "properties": { "anio": 2026, "establecimiento": "Colegio San Jose\nRama", "rbd": 22476, "prueba": "Obligatoria", "promedio": 740.0, "LATITUD": -39.536572, "LONGITUD": -72.951019 }, "geometry": { "type": "Point", "coordinates": [ -72.951019, -39.536572 ] } },
{ "type": "Feature", "properties": { "anio": 2026, "establecimiento": "Liceo Bicentenario De Excelencia Altamira\nRama", "rbd": 22483, "prueba": "Lenguaje", "promedio": 619.5, "LATITUD": -39.635559, "LONGITUD": -72.343857 }, "geometry": { "type": "Point", "coordinates": [ -72.343857, -39.635559 ] } },
{ "type": "Feature", "properties": { "anio": 2026, "establecimiento": "Liceo Bicentenario De Excelencia Altamira\nRama", "rbd": 22483, "prueba": "M1", "promedio": 644.2, "LATITUD": -39.635559, "LONGITUD": -72.343857 }, "geometry": { "type": "Point", "coordinates": [ -72.343857, -39.635559 ] } },
{ "type": "Feature", "properties": { "anio": 2026, "establecimiento": "Liceo Bicentenario De Excelencia Altamira\nRama", "rbd": 22483, "prueba": "M2", "promedio": 398.3, "LATITUD": -39.635559, "LONGITUD": -72.343857 }, "geometry": { "type": "Point", "coordinates": [ -72.343857, -39.635559 ] } },
{ "type": "Feature", "properties": { "anio": 2026, "establecimiento": "Liceo Bicentenario De Excelencia Altamira\nRama", "rbd": 22483, "prueba": "Historia", "promedio": 513.8, "LATITUD": -39.635559, "LONGITUD": -72.343857 }, "geometry": { "type": "Point", "coordinates": [ -72.343857, -39.635559 ] } },
{ "type": "Feature", "properties": { "anio": 2026, "establecimiento": "Liceo Bicentenario De Excelencia Altamira\nRama", "rbd": 22483, "prueba": "Ciencias", "promedio": 466.7, "LATITUD": -39.635559, "LONGITUD": -72.343857 }, "geometry": { "type": "Point", "coordinates": [ -72.343857, -39.635559 ] } },
{ "type": "Feature", "properties": { "anio": 2026, "establecimiento": "Liceo Bicentenario De Excelencia Altamira\nRama", "rbd": 22483, "prueba": "Obligatoria", "promedio": 632.6, "LATITUD": -39.635559, "LONGITUD": -72.343857 }, "geometry": { "type": "Point", "coordinates": [ -72.343857, -39.635559 ] } },
{ "type": "Feature", "properties": { "anio": 2026, "establecimiento": "Centro Educacional San Nicolas\nRama", "rbd": 22496, "prueba": "Lenguaje", "promedio": 568.4, "LATITUD": -39.855919, "LONGITUD": -73.229172 }, "geometry": { "type": "Point", "coordinates": [ -73.229172, -39.855919 ] } },
{ "type": "Feature", "properties": { "anio": 2026, "establecimiento": "Centro Educacional San Nicolas\nRama", "rbd": 22496, "prueba": "M1", "promedio": 593.7, "LATITUD": -39.855919, "LONGITUD": -73.229172 }, "geometry": { "type": "Point", "coordinates": [ -73.229172, -39.855919 ] } },
{ "type": "Feature", "properties": { "anio": 2026, "establecimiento": "Centro Educacional San Nicolas\nRama", "rbd": 22496, "prueba": "M2", "promedio": 453.0, "LATITUD": -39.855919, "LONGITUD": -73.229172 }, "geometry": { "type": "Point", "coordinates": [ -73.229172, -39.855919 ] } },
{ "type": "Feature", "properties": { "anio": 2026, "establecimiento": "Centro Educacional San Nicolas\nRama", "rbd": 22496, "prueba": "Historia", "promedio": 463.0, "LATITUD": -39.855919, "LONGITUD": -73.229172 }, "geometry": { "type": "Point", "coordinates": [ -73.229172, -39.855919 ] } },
{ "type": "Feature", "properties": { "anio": 2026, "establecimiento": "Centro Educacional San Nicolas\nRama", "rbd": 22496, "prueba": "Ciencias", "promedio": 400.9, "LATITUD": -39.855919, "LONGITUD": -73.229172 }, "geometry": { "type": "Point", "coordinates": [ -73.229172, -39.855919 ] } },
{ "type": "Feature", "properties": { "anio": 2026, "establecimiento": "Centro Educacional San Nicolas\nRama", "rbd": 22496, "prueba": "Obligatoria", "promedio": 581.0, "LATITUD": -39.855919, "LONGITUD": -73.229172 }, "geometry": { "type": "Point", "coordinates": [ -73.229172, -39.855919 ] } },
{ "type": "Feature", "properties": { "anio": 2026, "establecimiento": "Centro Educacional San Nicolas\nRama", "rbd": 22496, "prueba": "Lenguaje", "promedio": 438.5, "LATITUD": -39.855919, "LONGITUD": -73.229172 }, "geometry": { "type": "Point", "coordinates": [ -73.229172, -39.855919 ] } },
{ "type": "Feature", "properties": { "anio": 2026, "establecimiento": "Centro Educacional San Nicolas\nRama", "rbd": 22496, "prueba": "M1", "promedio": 453.5, "LATITUD": -39.855919, "LONGITUD": -73.229172 }, "geometry": { "type": "Point", "coordinates": [ -73.229172, -39.855919 ] } },
{ "type": "Feature", "properties": { "anio": 2026, "establecimiento": "Centro Educacional San Nicolas\nRama", "rbd": 22496, "prueba": "M2", "promedio": 382.0, "LATITUD": -39.855919, "LONGITUD": -73.229172 }, "geometry": { "type": "Point", "coordinates": [ -73.229172, -39.855919 ] } },
{ "type": "Feature", "properties": { "anio": 2026, "establecimiento": "Centro Educacional San Nicolas\nRama", "rbd": 22496, "prueba": "Historia", "promedio": 0.0, "LATITUD": -39.855919, "LONGITUD": -73.229172 }, "geometry": { "type": "Point", "coordinates": [ -73.229172, -39.855919 ] } },
{ "type": "Feature", "properties": { "anio": 2026, "establecimiento": "Centro Educacional San Nicolas\nRama", "rbd": 22496, "prueba": "Ciencias", "promedio": 330.0, "LATITUD": -39.855919, "LONGITUD": -73.229172 }, "geometry": { "type": "Point", "coordinates": [ -73.229172, -39.855919 ] } },
{ "type": "Feature", "properties": { "anio": 2026, "establecimiento": "Centro Educacional San Nicolas\nRama", "rbd": 22496, "prueba": "Obligatoria", "promedio": 446.0, "LATITUD": -39.855919, "LONGITUD": -73.229172 }, "geometry": { "type": "Point", "coordinates": [ -73.229172, -39.855919 ] } },
{ "type": "Feature", "properties": { "anio": 2026, "establecimiento": "Colegio Aguilas Del Sur\nRama", "rbd": 22503, "prueba": "Lenguaje", "promedio": 443.5, "LATITUD": -40.299484, "LONGITUD": -73.07504 }, "geometry": { "type": "Point", "coordinates": [ -73.07504, -40.299484 ] } },
{ "type": "Feature", "properties": { "anio": 2026, "establecimiento": "Colegio Aguilas Del Sur\nRama", "rbd": 22503, "prueba": "M1", "promedio": 420.0, "LATITUD": -40.299484, "LONGITUD": -73.07504 }, "geometry": { "type": "Point", "coordinates": [ -73.07504, -40.299484 ] } },
{ "type": "Feature", "properties": { "anio": 2026, "establecimiento": "Colegio Aguilas Del Sur\nRama", "rbd": 22503, "prueba": "M2", "promedio": 409.0, "LATITUD": -40.299484, "LONGITUD": -73.07504 }, "geometry": { "type": "Point", "coordinates": [ -73.07504, -40.299484 ] } },
{ "type": "Feature", "properties": { "anio": 2026, "establecimiento": "Colegio Aguilas Del Sur\nRama", "rbd": 22503, "prueba": "Historia", "promedio": 418.0, "LATITUD": -40.299484, "LONGITUD": -73.07504 }, "geometry": { "type": "Point", "coordinates": [ -73.07504, -40.299484 ] } },
{ "type": "Feature", "properties": { "anio": 2026, "establecimiento": "Colegio Aguilas Del Sur\nRama", "rbd": 22503, "prueba": "Ciencias", "promedio": 373.0, "LATITUD": -40.299484, "LONGITUD": -73.07504 }, "geometry": { "type": "Point", "coordinates": [ -73.07504, -40.299484 ] } },
{ "type": "Feature", "properties": { "anio": 2026, "establecimiento": "Colegio Aguilas Del Sur\nRama", "rbd": 22503, "prueba": "Obligatoria", "promedio": 431.8, "LATITUD": -40.299484, "LONGITUD": -73.07504 }, "geometry": { "type": "Point", "coordinates": [ -73.07504, -40.299484 ] } },
{ "type": "Feature", "properties": { "anio": 2026, "establecimiento": "Centro Integral De Adultos Treucanche\nRama", "rbd": 22514, "prueba": "Lenguaje", "promedio": 477.0, "LATITUD": -39.566563, "LONGITUD": -72.02036 }, "geometry": { "type": "Point", "coordinates": [ -72.02036, -39.566563 ] } },
{ "type": "Feature", "properties": { "anio": 2026, "establecimiento": "Centro Integral De Adultos Treucanche\nRama", "rbd": 22514, "prueba": "M1", "promedio": 579.0, "LATITUD": -39.566563, "LONGITUD": -72.02036 }, "geometry": { "type": "Point", "coordinates": [ -72.02036, -39.566563 ] } },
{ "type": "Feature", "properties": { "anio": 2026, "establecimiento": "Centro Integral De Adultos Treucanche\nRama", "rbd": 22514, "prueba": "M2", "promedio": 0.0, "LATITUD": -39.566563, "LONGITUD": -72.02036 }, "geometry": { "type": "Point", "coordinates": [ -72.02036, -39.566563 ] } },
{ "type": "Feature", "properties": { "anio": 2026, "establecimiento": "Centro Integral De Adultos Treucanche\nRama", "rbd": 22514, "prueba": "Historia", "promedio": 0.0, "LATITUD": -39.566563, "LONGITUD": -72.02036 }, "geometry": { "type": "Point", "coordinates": [ -72.02036, -39.566563 ] } },
{ "type": "Feature", "properties": { "anio": 2026, "establecimiento": "Centro Integral De Adultos Treucanche\nRama", "rbd": 22514, "prueba": "Ciencias", "promedio": 0.0, "LATITUD": -39.566563, "LONGITUD": -72.02036 }, "geometry": { "type": "Point", "coordinates": [ -72.02036, -39.566563 ] } },
{ "type": "Feature", "properties": { "anio": 2026, "establecimiento": "Centro Integral De Adultos Treucanche\nRama", "rbd": 22514, "prueba": "Obligatoria", "promedio": 528.0, "LATITUD": -39.566563, "LONGITUD": -72.02036 }, "geometry": { "type": "Point", "coordinates": [ -72.02036, -39.566563 ] } },
{ "type": "Feature", "properties": { "anio": 2026, "establecimiento": "Instituto Cristiano Gracia Y Paz\nRama", "rbd": 22516, "prueba": "Lenguaje", "promedio": 599.3, "LATITUD": -39.82019, "LONGITUD": -73.248459 }, "geometry": { "type": "Point", "coordinates": [ -73.248459, -39.82019 ] } },
{ "type": "Feature", "properties": { "anio": 2026, "establecimiento": "Instituto Cristiano Gracia Y Paz\nRama", "rbd": 22516, "prueba": "M1", "promedio": 585.0, "LATITUD": -39.82019, "LONGITUD": -73.248459 }, "geometry": { "type": "Point", "coordinates": [ -73.248459, -39.82019 ] } },
{ "type": "Feature", "properties": { "anio": 2026, "establecimiento": "Instituto Cristiano Gracia Y Paz\nRama", "rbd": 22516, "prueba": "M2", "promedio": 402.7, "LATITUD": -39.82019, "LONGITUD": -73.248459 }, "geometry": { "type": "Point", "coordinates": [ -73.248459, -39.82019 ] } },
{ "type": "Feature", "properties": { "anio": 2026, "establecimiento": "Instituto Cristiano Gracia Y Paz\nRama", "rbd": 22516, "prueba": "Historia", "promedio": 497.6, "LATITUD": -39.82019, "LONGITUD": -73.248459 }, "geometry": { "type": "Point", "coordinates": [ -73.248459, -39.82019 ] } },
{ "type": "Feature", "properties": { "anio": 2026, "establecimiento": "Instituto Cristiano Gracia Y Paz\nRama", "rbd": 22516, "prueba": "Ciencias", "promedio": 437.6, "LATITUD": -39.82019, "LONGITUD": -73.248459 }, "geometry": { "type": "Point", "coordinates": [ -73.248459, -39.82019 ] } },
{ "type": "Feature", "properties": { "anio": 2026, "establecimiento": "Instituto Cristiano Gracia Y Paz\nRama", "rbd": 22516, "prueba": "Obligatoria", "promedio": 592.2, "LATITUD": -39.82019, "LONGITUD": -73.248459 }, "geometry": { "type": "Point", "coordinates": [ -73.248459, -39.82019 ] } },
{ "type": "Feature", "properties": { "anio": 2026, "establecimiento": "Instituto Italia De Valdivia\nRama", "rbd": 22540, "prueba": "Lenguaje", "promedio": 603.8, "LATITUD": -39.838341, "LONGITUD": -73.231033 }, "geometry": { "type": "Point", "coordinates": [ -73.231033, -39.838341 ] } },
{ "type": "Feature", "properties": { "anio": 2026, "establecimiento": "Instituto Italia De Valdivia\nRama", "rbd": 22540, "prueba": "M1", "promedio": 593.5, "LATITUD": -39.838341, "LONGITUD": -73.231033 }, "geometry": { "type": "Point", "coordinates": [ -73.231033, -39.838341 ] } },
{ "type": "Feature", "properties": { "anio": 2026, "establecimiento": "Instituto Italia De Valdivia\nRama", "rbd": 22540, "prueba": "M2", "promedio": 399.5, "LATITUD": -39.838341, "LONGITUD": -73.231033 }, "geometry": { "type": "Point", "coordinates": [ -73.231033, -39.838341 ] } },
{ "type": "Feature", "properties": { "anio": 2026, "establecimiento": "Instituto Italia De Valdivia\nRama", "rbd": 22540, "prueba": "Historia", "promedio": 492.4, "LATITUD": -39.838341, "LONGITUD": -73.231033 }, "geometry": { "type": "Point", "coordinates": [ -73.231033, -39.838341 ] } },
{ "type": "Feature", "properties": { "anio": 2026, "establecimiento": "Instituto Italia De Valdivia\nRama", "rbd": 22540, "prueba": "Ciencias", "promedio": 423.6, "LATITUD": -39.838341, "LONGITUD": -73.231033 }, "geometry": { "type": "Point", "coordinates": [ -73.231033, -39.838341 ] } },
{ "type": "Feature", "properties": { "anio": 2026, "establecimiento": "Instituto Italia De Valdivia\nRama", "rbd": 22540, "prueba": "Obligatoria", "promedio": 603.0, "LATITUD": -39.838341, "LONGITUD": -73.231033 }, "geometry": { "type": "Point", "coordinates": [ -73.231033, -39.838341 ] } },
{ "type": "Feature", "properties": { "anio": 2026, "establecimiento": "Centro De Educación Integral De Adultos Nuevo Horiz\nRama", "rbd": 22549, "prueba": "Lenguaje", "promedio": 590.0, "LATITUD": -39.644615, "LONGITUD": -72.34271 }, "geometry": { "type": "Point", "coordinates": [ -72.34271, -39.644615 ] } },
{ "type": "Feature", "properties": { "anio": 2026, "establecimiento": "Centro De Educación Integral De Adultos Nuevo Horiz\nRama", "rbd": 22549, "prueba": "M1", "promedio": 538.5, "LATITUD": -39.644615, "LONGITUD": -72.34271 }, "geometry": { "type": "Point", "coordinates": [ -72.34271, -39.644615 ] } },
{ "type": "Feature", "properties": { "anio": 2026, "establecimiento": "Centro De Educación Integral De Adultos Nuevo Horiz\nRama", "rbd": 22549, "prueba": "M2", "promedio": 366.0, "LATITUD": -39.644615, "LONGITUD": -72.34271 }, "geometry": { "type": "Point", "coordinates": [ -72.34271, -39.644615 ] } },
{ "type": "Feature", "properties": { "anio": 2026, "establecimiento": "Centro De Educación Integral De Adultos Nuevo Horiz\nRama", "rbd": 22549, "prueba": "Historia", "promedio": 387.0, "LATITUD": -39.644615, "LONGITUD": -72.34271 }, "geometry": { "type": "Point", "coordinates": [ -72.34271, -39.644615 ] } },
{ "type": "Feature", "properties": { "anio": 2026, "establecimiento": "Centro De Educación Integral De Adultos Nuevo Horiz\nRama", "rbd": 22549, "prueba": "Ciencias", "promedio": 420.0, "LATITUD": -39.644615, "LONGITUD": -72.34271 }, "geometry": { "type": "Point", "coordinates": [ -72.34271, -39.644615 ] } },
{ "type": "Feature", "properties": { "anio": 2026, "establecimiento": "Centro De Educación Integral De Adultos Nuevo Horiz\nRama", "rbd": 22549, "prueba": "Obligatoria", "promedio": 610.5, "LATITUD": -39.644615, "LONGITUD": -72.34271 }, "geometry": { "type": "Point", "coordinates": [ -72.34271, -39.644615 ] } },
{ "type": "Feature", "properties": { "anio": 2026, "establecimiento": "Hampton College\nRama", "rbd": 22627, "prueba": "Lenguaje", "promedio": 635.8, "LATITUD": -39.799702, "LONGITUD": -73.21424 }, "geometry": { "type": "Point", "coordinates": [ -73.21424, -39.799702 ] } },
{ "type": "Feature", "properties": { "anio": 2026, "establecimiento": "Hampton College\nRama", "rbd": 22627, "prueba": "M1", "promedio": 657.3, "LATITUD": -39.799702, "LONGITUD": -73.21424 }, "geometry": { "type": "Point", "coordinates": [ -73.21424, -39.799702 ] } },
{ "type": "Feature", "properties": { "anio": 2026, "establecimiento": "Hampton College\nRama", "rbd": 22627, "prueba": "M2", "promedio": 435.3, "LATITUD": -39.799702, "LONGITUD": -73.21424 }, "geometry": { "type": "Point", "coordinates": [ -73.21424, -39.799702 ] } },
{ "type": "Feature", "properties": { "anio": 2026, "establecimiento": "Hampton College\nRama", "rbd": 22627, "prueba": "Historia", "promedio": 540.5, "LATITUD": -39.799702, "LONGITUD": -73.21424 }, "geometry": { "type": "Point", "coordinates": [ -73.21424, -39.799702 ] } },
{ "type": "Feature", "properties": { "anio": 2026, "establecimiento": "Hampton College\nRama", "rbd": 22627, "prueba": "Ciencias", "promedio": 465.8, "LATITUD": -39.799702, "LONGITUD": -73.21424 }, "geometry": { "type": "Point", "coordinates": [ -73.21424, -39.799702 ] } },
{ "type": "Feature", "properties": { "anio": 2026, "establecimiento": "Hampton College\nRama", "rbd": 22627, "prueba": "Obligatoria", "promedio": 646.5, "LATITUD": -39.799702, "LONGITUD": -73.21424 }, "geometry": { "type": "Point", "coordinates": [ -73.21424, -39.799702 ] } },
{ "type": "Feature", "properties": { "anio": 2026, "establecimiento": "Colegio Los Conquistadores\nRama", "rbd": 22629, "prueba": "Lenguaje", "promedio": 632.5, "LATITUD": -39.853222, "LONGITUD": -73.256767 }, "geometry": { "type": "Point", "coordinates": [ -73.256767, -39.853222 ] } },
{ "type": "Feature", "properties": { "anio": 2026, "establecimiento": "Colegio Los Conquistadores\nRama", "rbd": 22629, "prueba": "M1", "promedio": 652.8, "LATITUD": -39.853222, "LONGITUD": -73.256767 }, "geometry": { "type": "Point", "coordinates": [ -73.256767, -39.853222 ] } },
{ "type": "Feature", "properties": { "anio": 2026, "establecimiento": "Colegio Los Conquistadores\nRama", "rbd": 22629, "prueba": "M2", "promedio": 410.1, "LATITUD": -39.853222, "LONGITUD": -73.256767 }, "geometry": { "type": "Point", "coordinates": [ -73.256767, -39.853222 ] } },
{ "type": "Feature", "properties": { "anio": 2026, "establecimiento": "Colegio Los Conquistadores\nRama", "rbd": 22629, "prueba": "Historia", "promedio": 516.6, "LATITUD": -39.853222, "LONGITUD": -73.256767 }, "geometry": { "type": "Point", "coordinates": [ -73.256767, -39.853222 ] } },
{ "type": "Feature", "properties": { "anio": 2026, "establecimiento": "Colegio Los Conquistadores\nRama", "rbd": 22629, "prueba": "Ciencias", "promedio": 495.1, "LATITUD": -39.853222, "LONGITUD": -73.256767 }, "geometry": { "type": "Point", "coordinates": [ -73.256767, -39.853222 ] } },
{ "type": "Feature", "properties": { "anio": 2026, "establecimiento": "Colegio Los Conquistadores\nRama", "rbd": 22629, "prueba": "Obligatoria", "promedio": 642.6, "LATITUD": -39.853222, "LONGITUD": -73.256767 }, "geometry": { "type": "Point", "coordinates": [ -73.256767, -39.853222 ] } },
{ "type": "Feature", "properties": { "anio": 2026, "establecimiento": "Liceo Tec", "rbd": 22633, "prueba": "Lenguaje", "promedio": 425.2, "LATITUD": -39.846615, "LONGITUD": -73.19952 }, "geometry": { "type": "Point", "coordinates": [ -73.19952, -39.846615 ] } },
{ "type": "Feature", "properties": { "anio": 2026, "establecimiento": "Liceo Tec", "rbd": 22633, "prueba": "M1", "promedio": 443.7, "LATITUD": -39.846615, "LONGITUD": -73.19952 }, "geometry": { "type": "Point", "coordinates": [ -73.19952, -39.846615 ] } },
{ "type": "Feature", "properties": { "anio": 2026, "establecimiento": "Liceo Tec", "rbd": 22633, "prueba": "M2", "promedio": 0.0, "LATITUD": -39.846615, "LONGITUD": -73.19952 }, "geometry": { "type": "Point", "coordinates": [ -73.19952, -39.846615 ] } },
{ "type": "Feature", "properties": { "anio": 2026, "establecimiento": "Liceo Tec", "rbd": 22633, "prueba": "Historia", "promedio": 426.2, "LATITUD": -39.846615, "LONGITUD": -73.19952 }, "geometry": { "type": "Point", "coordinates": [ -73.19952, -39.846615 ] } },
{ "type": "Feature", "properties": { "anio": 2026, "establecimiento": "Liceo Tec", "rbd": 22633, "prueba": "Ciencias", "promedio": 359.9, "LATITUD": -39.846615, "LONGITUD": -73.19952 }, "geometry": { "type": "Point", "coordinates": [ -73.19952, -39.846615 ] } },
{ "type": "Feature", "properties": { "anio": 2026, "establecimiento": "Liceo Tec", "rbd": 22633, "prueba": "Obligatoria", "promedio": 434.5, "LATITUD": -39.846615, "LONGITUD": -73.19952 }, "geometry": { "type": "Point", "coordinates": [ -73.19952, -39.846615 ] } },
{ "type": "Feature", "properties": { "anio": 2026, "establecimiento": "Liceo Tec", "rbd": 22633, "prueba": "Lenguaje", "promedio": 520.0, "LATITUD": -39.846615, "LONGITUD": -73.19952 }, "geometry": { "type": "Point", "coordinates": [ -73.19952, -39.846615 ] } },
{ "type": "Feature", "properties": { "anio": 2026, "establecimiento": "Liceo Tec", "rbd": 22633, "prueba": "M1", "promedio": 472.0, "LATITUD": -39.846615, "LONGITUD": -73.19952 }, "geometry": { "type": "Point", "coordinates": [ -73.19952, -39.846615 ] } },
{ "type": "Feature", "properties": { "anio": 2026, "establecimiento": "Liceo Tec", "rbd": 22633, "prueba": "M2", "promedio": 0.0, "LATITUD": -39.846615, "LONGITUD": -73.19952 }, "geometry": { "type": "Point", "coordinates": [ -73.19952, -39.846615 ] } },
{ "type": "Feature", "properties": { "anio": 2026, "establecimiento": "Liceo Tec", "rbd": 22633, "prueba": "Historia", "promedio": 503.5, "LATITUD": -39.846615, "LONGITUD": -73.19952 }, "geometry": { "type": "Point", "coordinates": [ -73.19952, -39.846615 ] } },
{ "type": "Feature", "properties": { "anio": 2026, "establecimiento": "Liceo Tec", "rbd": 22633, "prueba": "Ciencias", "promedio": 387.3, "LATITUD": -39.846615, "LONGITUD": -73.19952 }, "geometry": { "type": "Point", "coordinates": [ -73.19952, -39.846615 ] } },
{ "type": "Feature", "properties": { "anio": 2026, "establecimiento": "Liceo Tec", "rbd": 22633, "prueba": "Obligatoria", "promedio": 496.0, "LATITUD": -39.846615, "LONGITUD": -73.19952 }, "geometry": { "type": "Point", "coordinates": [ -73.19952, -39.846615 ] } },
{ "type": "Feature", "properties": { "anio": 2026, "establecimiento": "Instituto Principe De Asturias\nRama", "rbd": 22634, "prueba": "Lenguaje", "promedio": 614.7, "LATITUD": -39.829071, "LONGITUD": -73.243629 }, "geometry": { "type": "Point", "coordinates": [ -73.243629, -39.829071 ] } },
{ "type": "Feature", "properties": { "anio": 2026, "establecimiento": "Instituto Principe De Asturias\nRama", "rbd": 22634, "prueba": "M1", "promedio": 610.6, "LATITUD": -39.829071, "LONGITUD": -73.243629 }, "geometry": { "type": "Point", "coordinates": [ -73.243629, -39.829071 ] } },
{ "type": "Feature", "properties": { "anio": 2026, "establecimiento": "Instituto Principe De Asturias\nRama", "rbd": 22634, "prueba": "M2", "promedio": 425.4, "LATITUD": -39.829071, "LONGITUD": -73.243629 }, "geometry": { "type": "Point", "coordinates": [ -73.243629, -39.829071 ] } },
{ "type": "Feature", "properties": { "anio": 2026, "establecimiento": "Instituto Principe De Asturias\nRama", "rbd": 22634, "prueba": "Historia", "promedio": 501.5, "LATITUD": -39.829071, "LONGITUD": -73.243629 }, "geometry": { "type": "Point", "coordinates": [ -73.243629, -39.829071 ] } },
{ "type": "Feature", "properties": { "anio": 2026, "establecimiento": "Instituto Principe De Asturias\nRama", "rbd": 22634, "prueba": "Ciencias", "promedio": 448.1, "LATITUD": -39.829071, "LONGITUD": -73.243629 }, "geometry": { "type": "Point", "coordinates": [ -73.243629, -39.829071 ] } },
{ "type": "Feature", "properties": { "anio": 2026, "establecimiento": "Instituto Principe De Asturias\nRama", "rbd": 22634, "prueba": "Obligatoria", "promedio": 612.7, "LATITUD": -39.829071, "LONGITUD": -73.243629 }, "geometry": { "type": "Point", "coordinates": [ -73.243629, -39.829071 ] } },
{ "type": "Feature", "properties": { "anio": 2026, "establecimiento": "Garden College\nRama", "rbd": 22743, "prueba": "Lenguaje", "promedio": 516.8, "LATITUD": -40.299522, "LONGITUD": -73.075226 }, "geometry": { "type": "Point", "coordinates": [ -73.075226, -40.299522 ] } },
{ "type": "Feature", "properties": { "anio": 2026, "establecimiento": "Garden College\nRama", "rbd": 22743, "prueba": "M1", "promedio": 504.5, "LATITUD": -40.299522, "LONGITUD": -73.075226 }, "geometry": { "type": "Point", "coordinates": [ -73.075226, -40.299522 ] } },
{ "type": "Feature", "properties": { "anio": 2026, "establecimiento": "Garden College\nRama", "rbd": 22743, "prueba": "M2", "promedio": 310.0, "LATITUD": -40.299522, "LONGITUD": -73.075226 }, "geometry": { "type": "Point", "coordinates": [ -73.075226, -40.299522 ] } },
{ "type": "Feature", "properties": { "anio": 2026, "establecimiento": "Garden College\nRama", "rbd": 22743, "prueba": "Historia", "promedio": 465.8, "LATITUD": -40.299522, "LONGITUD": -73.075226 }, "geometry": { "type": "Point", "coordinates": [ -73.075226, -40.299522 ] } },
{ "type": "Feature", "properties": { "anio": 2026, "establecimiento": "Garden College\nRama", "rbd": 22743, "prueba": "Ciencias", "promedio": 382.0, "LATITUD": -40.299522, "LONGITUD": -73.075226 }, "geometry": { "type": "Point", "coordinates": [ -73.075226, -40.299522 ] } },
{ "type": "Feature", "properties": { "anio": 2026, "establecimiento": "Garden College\nRama", "rbd": 22743, "prueba": "Obligatoria", "promedio": 510.6, "LATITUD": -40.299522, "LONGITUD": -73.075226 }, "geometry": { "type": "Point", "coordinates": [ -73.075226, -40.299522 ] } },
{ "type": "Feature", "properties": { "anio": 2026, "establecimiento": "Liceo Bicentenario De Excelencia Agricola Tecnologi\nRama", "rbd": 22752, "prueba": "Lenguaje", "promedio": 545.0, "LATITUD": -40.310539, "LONGITUD": -73.002357 }, "geometry": { "type": "Point", "coordinates": [ -73.002357, -40.310539 ] } },
{ "type": "Feature", "properties": { "anio": 2026, "establecimiento": "Liceo Bicentenario De Excelencia Agricola Tecnologi\nRama", "rbd": 22752, "prueba": "M1", "promedio": 570.8, "LATITUD": -40.310539, "LONGITUD": -73.002357 }, "geometry": { "type": "Point", "coordinates": [ -73.002357, -40.310539 ] } },
{ "type": "Feature", "properties": { "anio": 2026, "establecimiento": "Liceo Bicentenario De Excelencia Agricola Tecnologi\nRama", "rbd": 22752, "prueba": "M2", "promedio": 364.8, "LATITUD": -40.310539, "LONGITUD": -73.002357 }, "geometry": { "type": "Point", "coordinates": [ -73.002357, -40.310539 ] } },
{ "type": "Feature", "properties": { "anio": 2026, "establecimiento": "Liceo Bicentenario De Excelencia Agricola Tecnologi\nRama", "rbd": 22752, "prueba": "Historia", "promedio": 429.9, "LATITUD": -40.310539, "LONGITUD": -73.002357 }, "geometry": { "type": "Point", "coordinates": [ -73.002357, -40.310539 ] } },
{ "type": "Feature", "properties": { "anio": 2026, "establecimiento": "Liceo Bicentenario De Excelencia Agricola Tecnologi\nRama", "rbd": 22752, "prueba": "Ciencias", "promedio": 404.3, "LATITUD": -40.310539, "LONGITUD": -73.002357 }, "geometry": { "type": "Point", "coordinates": [ -73.002357, -40.310539 ] } },
{ "type": "Feature", "properties": { "anio": 2026, "establecimiento": "Liceo Bicentenario De Excelencia Agricola Tecnologi\nRama", "rbd": 22752, "prueba": "Obligatoria", "promedio": 563.3, "LATITUD": -40.310539, "LONGITUD": -73.002357 }, "geometry": { "type": "Point", "coordinates": [ -73.002357, -40.310539 ] } },
{ "type": "Feature", "properties": { "anio": 2026, "establecimiento": "Liceo Bicentenario De Excelencia Agricola Tecnologi\nRama", "rbd": 22752, "prueba": "Lenguaje", "promedio": 515.1, "LATITUD": -40.310539, "LONGITUD": -73.002357 }, "geometry": { "type": "Point", "coordinates": [ -73.002357, -40.310539 ] } },
{ "type": "Feature", "properties": { "anio": 2026, "establecimiento": "Liceo Bicentenario De Excelencia Agricola Tecnologi\nRama", "rbd": 22752, "prueba": "M1", "promedio": 535.5, "LATITUD": -40.310539, "LONGITUD": -73.002357 }, "geometry": { "type": "Point", "coordinates": [ -73.002357, -40.310539 ] } },
{ "type": "Feature", "properties": { "anio": 2026, "establecimiento": "Liceo Bicentenario De Excelencia Agricola Tecnologi\nRama", "rbd": 22752, "prueba": "M2", "promedio": 377.3, "LATITUD": -40.310539, "LONGITUD": -73.002357 }, "geometry": { "type": "Point", "coordinates": [ -73.002357, -40.310539 ] } },
{ "type": "Feature", "properties": { "anio": 2026, "establecimiento": "Liceo Bicentenario De Excelencia Agricola Tecnologi\nRama", "rbd": 22752, "prueba": "Historia", "promedio": 414.9, "LATITUD": -40.310539, "LONGITUD": -73.002357 }, "geometry": { "type": "Point", "coordinates": [ -73.002357, -40.310539 ] } },
{ "type": "Feature", "properties": { "anio": 2026, "establecimiento": "Liceo Bicentenario De Excelencia Agricola Tecnologi\nRama", "rbd": 22752, "prueba": "Ciencias", "promedio": 390.6, "LATITUD": -40.310539, "LONGITUD": -73.002357 }, "geometry": { "type": "Point", "coordinates": [ -73.002357, -40.310539 ] } },
{ "type": "Feature", "properties": { "anio": 2026, "establecimiento": "Liceo Bicentenario De Excelencia Agricola Tecnologi\nRama", "rbd": 22752, "prueba": "Obligatoria", "promedio": 525.7, "LATITUD": -40.310539, "LONGITUD": -73.002357 }, "geometry": { "type": "Point", "coordinates": [ -73.002357, -40.310539 ] } },
{ "type": "Feature", "properties": { "anio": 2026, "establecimiento": "Liceo Tecnico Profesional De Rio Bueno\nRama", "rbd": 22755, "prueba": "Lenguaje", "promedio": 511.5, "LATITUD": -40.341469, "LONGITUD": -72.94368 }, "geometry": { "type": "Point", "coordinates": [ -72.94368, -40.341469 ] } },
{ "type": "Feature", "properties": { "anio": 2026, "establecimiento": "Liceo Tecnico Profesional De Rio Bueno\nRama", "rbd": 22755, "prueba": "M1", "promedio": 499.0, "LATITUD": -40.341469, "LONGITUD": -72.94368 }, "geometry": { "type": "Point", "coordinates": [ -72.94368, -40.341469 ] } },
{ "type": "Feature", "properties": { "anio": 2026, "establecimiento": "Liceo Tecnico Profesional De Rio Bueno\nRama", "rbd": 22755, "prueba": "M2", "promedio": 392.3, "LATITUD": -40.341469, "LONGITUD": -72.94368 }, "geometry": { "type": "Point", "coordinates": [ -72.94368, -40.341469 ] } },
{ "type": "Feature", "properties": { "anio": 2026, "establecimiento": "Liceo Tecnico Profesional De Rio Bueno\nRama", "rbd": 22755, "prueba": "Historia", "promedio": 434.3, "LATITUD": -40.341469, "LONGITUD": -72.94368 }, "geometry": { "type": "Point", "coordinates": [ -72.94368, -40.341469 ] } },
{ "type": "Feature", "properties": { "anio": 2026, "establecimiento": "Liceo Tecnico Profesional De Rio Bueno\nRama", "rbd": 22755, "prueba": "Ciencias", "promedio": 384.9, "LATITUD": -40.341469, "LONGITUD": -72.94368 }, "geometry": { "type": "Point", "coordinates": [ -72.94368, -40.341469 ] } },
{ "type": "Feature", "properties": { "anio": 2026, "establecimiento": "Liceo Tecnico Profesional De Rio Bueno\nRama", "rbd": 22755, "prueba": "Obligatoria", "promedio": 506.1, "LATITUD": -40.341469, "LONGITUD": -72.94368 }, "geometry": { "type": "Point", "coordinates": [ -72.94368, -40.341469 ] } },
{ "type": "Feature", "properties": { "anio": 2026, "establecimiento": "Liceo Tecnico Profesional De Rio Bueno\nRama", "rbd": 22755, "prueba": "Lenguaje", "promedio": 482.6, "LATITUD": -40.341469, "LONGITUD": -72.94368 }, "geometry": { "type": "Point", "coordinates": [ -72.94368, -40.341469 ] } },
{ "type": "Feature", "properties": { "anio": 2026, "establecimiento": "Liceo Tecnico Profesional De Rio Bueno\nRama", "rbd": 22755, "prueba": "M1", "promedio": 517.6, "LATITUD": -40.341469, "LONGITUD": -72.94368 }, "geometry": { "type": "Point", "coordinates": [ -72.94368, -40.341469 ] } },
{ "type": "Feature", "properties": { "anio": 2026, "establecimiento": "Liceo Tecnico Profesional De Rio Bueno\nRama", "rbd": 22755, "prueba": "M2", "promedio": 378.3, "LATITUD": -40.341469, "LONGITUD": -72.94368 }, "geometry": { "type": "Point", "coordinates": [ -72.94368, -40.341469 ] } },
{ "type": "Feature", "properties": { "anio": 2026, "establecimiento": "Liceo Tecnico Profesional De Rio Bueno\nRama", "rbd": 22755, "prueba": "Historia", "promedio": 394.4, "LATITUD": -40.341469, "LONGITUD": -72.94368 }, "geometry": { "type": "Point", "coordinates": [ -72.94368, -40.341469 ] } },
{ "type": "Feature", "properties": { "anio": 2026, "establecimiento": "Liceo Tecnico Profesional De Rio Bueno\nRama", "rbd": 22755, "prueba": "Ciencias", "promedio": 394.3, "LATITUD": -40.341469, "LONGITUD": -72.94368 }, "geometry": { "type": "Point", "coordinates": [ -72.94368, -40.341469 ] } },
{ "type": "Feature", "properties": { "anio": 2026, "establecimiento": "Liceo Tecnico Profesional De Rio Bueno\nRama", "rbd": 22755, "prueba": "Obligatoria", "promedio": 495.6, "LATITUD": -40.341469, "LONGITUD": -72.94368 }, "geometry": { "type": "Point", "coordinates": [ -72.94368, -40.341469 ] } },
{ "type": "Feature", "properties": { "anio": 2026, "establecimiento": "Liceo Tecnico Profesional De Rio Bueno\nRama", "rbd": 22755, "prueba": "Lenguaje", "promedio": 460.3, "LATITUD": -40.341469, "LONGITUD": -72.94368 }, "geometry": { "type": "Point", "coordinates": [ -72.94368, -40.341469 ] } },
{ "type": "Feature", "properties": { "anio": 2026, "establecimiento": "Liceo Tecnico Profesional De Rio Bueno\nRama", "rbd": 22755, "prueba": "M1", "promedio": 467.0, "LATITUD": -40.341469, "LONGITUD": -72.94368 }, "geometry": { "type": "Point", "coordinates": [ -72.94368, -40.341469 ] } },
{ "type": "Feature", "properties": { "anio": 2026, "establecimiento": "Liceo Tecnico Profesional De Rio Bueno\nRama", "rbd": 22755, "prueba": "M2", "promedio": 372.3, "LATITUD": -40.341469, "LONGITUD": -72.94368 }, "geometry": { "type": "Point", "coordinates": [ -72.94368, -40.341469 ] } },
{ "type": "Feature", "properties": { "anio": 2026, "establecimiento": "Liceo Tecnico Profesional De Rio Bueno\nRama", "rbd": 22755, "prueba": "Historia", "promedio": 447.5, "LATITUD": -40.341469, "LONGITUD": -72.94368 }, "geometry": { "type": "Point", "coordinates": [ -72.94368, -40.341469 ] } },
{ "type": "Feature", "properties": { "anio": 2026, "establecimiento": "Liceo Tecnico Profesional De Rio Bueno\nRama", "rbd": 22755, "prueba": "Ciencias", "promedio": 387.4, "LATITUD": -40.341469, "LONGITUD": -72.94368 }, "geometry": { "type": "Point", "coordinates": [ -72.94368, -40.341469 ] } },
{ "type": "Feature", "properties": { "anio": 2026, "establecimiento": "Liceo Tecnico Profesional De Rio Bueno\nRama", "rbd": 22755, "prueba": "Obligatoria", "promedio": 463.7, "LATITUD": -40.341469, "LONGITUD": -72.94368 }, "geometry": { "type": "Point", "coordinates": [ -72.94368, -40.341469 ] } },
{ "type": "Feature", "properties": { "anio": 2026, "establecimiento": "Liceo Tecnico Profesional De Rio Bueno\nRama", "rbd": 22755, "prueba": "Lenguaje", "promedio": 492.3, "LATITUD": -40.341469, "LONGITUD": -72.94368 }, "geometry": { "type": "Point", "coordinates": [ -72.94368, -40.341469 ] } },
{ "type": "Feature", "properties": { "anio": 2026, "establecimiento": "Liceo Tecnico Profesional De Rio Bueno\nRama", "rbd": 22755, "prueba": "M1", "promedio": 486.7, "LATITUD": -40.341469, "LONGITUD": -72.94368 }, "geometry": { "type": "Point", "coordinates": [ -72.94368, -40.341469 ] } },
{ "type": "Feature", "properties": { "anio": 2026, "establecimiento": "Liceo Tecnico Profesional De Rio Bueno\nRama", "rbd": 22755, "prueba": "M2", "promedio": 379.5, "LATITUD": -40.341469, "LONGITUD": -72.94368 }, "geometry": { "type": "Point", "coordinates": [ -72.94368, -40.341469 ] } },
{ "type": "Feature", "properties": { "anio": 2026, "establecimiento": "Liceo Tecnico Profesional De Rio Bueno\nRama", "rbd": 22755, "prueba": "Historia", "promedio": 500.0, "LATITUD": -40.341469, "LONGITUD": -72.94368 }, "geometry": { "type": "Point", "coordinates": [ -72.94368, -40.341469 ] } },
{ "type": "Feature", "properties": { "anio": 2026, "establecimiento": "Liceo Tecnico Profesional De Rio Bueno\nRama", "rbd": 22755, "prueba": "Ciencias", "promedio": 376.0, "LATITUD": -40.341469, "LONGITUD": -72.94368 }, "geometry": { "type": "Point", "coordinates": [ -72.94368, -40.341469 ] } },
{ "type": "Feature", "properties": { "anio": 2026, "establecimiento": "Liceo Tecnico Profesional De Rio Bueno\nRama", "rbd": 22755, "prueba": "Obligatoria", "promedio": 489.5, "LATITUD": -40.341469, "LONGITUD": -72.94368 }, "geometry": { "type": "Point", "coordinates": [ -72.94368, -40.341469 ] } },
{ "type": "Feature", "properties": { "anio": 2026, "establecimiento": "Liceo Bicentenario Complejo Educacional Ignao\nRama", "rbd": 22758, "prueba": "Lenguaje", "promedio": 483.7, "LATITUD": -40.334129, "LONGITUD": -72.556557 }, "geometry": { "type": "Point", "coordinates": [ -72.556557, -40.334129 ] } },
{ "type": "Feature", "properties": { "anio": 2026, "establecimiento": "Liceo Bicentenario Complejo Educacional Ignao\nRama", "rbd": 22758, "prueba": "M1", "promedio": 499.5, "LATITUD": -40.334129, "LONGITUD": -72.556557 }, "geometry": { "type": "Point", "coordinates": [ -72.556557, -40.334129 ] } },
{ "type": "Feature", "properties": { "anio": 2026, "establecimiento": "Liceo Bicentenario Complejo Educacional Ignao\nRama", "rbd": 22758, "prueba": "M2", "promedio": 366.6, "LATITUD": -40.334129, "LONGITUD": -72.556557 }, "geometry": { "type": "Point", "coordinates": [ -72.556557, -40.334129 ] } },
{ "type": "Feature", "properties": { "anio": 2026, "establecimiento": "Liceo Bicentenario Complejo Educacional Ignao\nRama", "rbd": 22758, "prueba": "Historia", "promedio": 411.8, "LATITUD": -40.334129, "LONGITUD": -72.556557 }, "geometry": { "type": "Point", "coordinates": [ -72.556557, -40.334129 ] } },
{ "type": "Feature", "properties": { "anio": 2026, "establecimiento": "Liceo Bicentenario Complejo Educacional Ignao\nRama", "rbd": 22758, "prueba": "Ciencias", "promedio": 372.5, "LATITUD": -40.334129, "LONGITUD": -72.556557 }, "geometry": { "type": "Point", "coordinates": [ -72.556557, -40.334129 ] } },
{ "type": "Feature", "properties": { "anio": 2026, "establecimiento": "Liceo Bicentenario Complejo Educacional Ignao\nRama", "rbd": 22758, "prueba": "Obligatoria", "promedio": 491.6, "LATITUD": -40.334129, "LONGITUD": -72.556557 }, "geometry": { "type": "Point", "coordinates": [ -72.556557, -40.334129 ] } },
{ "type": "Feature", "properties": { "anio": 2026, "establecimiento": "Master College\nRama", "rbd": 22759, "prueba": "Lenguaje", "promedio": 599.9, "LATITUD": -39.803841, "LONGITUD": -73.218689 }, "geometry": { "type": "Point", "coordinates": [ -73.218689, -39.803841 ] } },
{ "type": "Feature", "properties": { "anio": 2026, "establecimiento": "Master College\nRama", "rbd": 22759, "prueba": "M1", "promedio": 634.5, "LATITUD": -39.803841, "LONGITUD": -73.218689 }, "geometry": { "type": "Point", "coordinates": [ -73.218689, -39.803841 ] } },
{ "type": "Feature", "properties": { "anio": 2026, "establecimiento": "Master College\nRama", "rbd": 22759, "prueba": "M2", "promedio": 403.4, "LATITUD": -39.803841, "LONGITUD": -73.218689 }, "geometry": { "type": "Point", "coordinates": [ -73.218689, -39.803841 ] } },
{ "type": "Feature", "properties": { "anio": 2026, "establecimiento": "Master College\nRama", "rbd": 22759, "prueba": "Historia", "promedio": 487.6, "LATITUD": -39.803841, "LONGITUD": -73.218689 }, "geometry": { "type": "Point", "coordinates": [ -73.218689, -39.803841 ] } },
{ "type": "Feature", "properties": { "anio": 2026, "establecimiento": "Master College\nRama", "rbd": 22759, "prueba": "Ciencias", "promedio": 488.1, "LATITUD": -39.803841, "LONGITUD": -73.218689 }, "geometry": { "type": "Point", "coordinates": [ -73.218689, -39.803841 ] } },
{ "type": "Feature", "properties": { "anio": 2026, "establecimiento": "Master College\nRama", "rbd": 22759, "prueba": "Obligatoria", "promedio": 620.3, "LATITUD": -39.803841, "LONGITUD": -73.218689 }, "geometry": { "type": "Point", "coordinates": [ -73.218689, -39.803841 ] } },
{ "type": "Feature", "properties": { "anio": 2026, "establecimiento": "Liceo Mater Populi Dei\nRama", "rbd": 31002, "prueba": "Lenguaje", "promedio": 534.2, "LATITUD": -39.53669, "LONGITUD": -72.961647 }, "geometry": { "type": "Point", "coordinates": [ -72.961647, -39.53669 ] } },
{ "type": "Feature", "properties": { "anio": 2026, "establecimiento": "Liceo Mater Populi Dei\nRama", "rbd": 31002, "prueba": "M1", "promedio": 580.0, "LATITUD": -39.53669, "LONGITUD": -72.961647 }, "geometry": { "type": "Point", "coordinates": [ -72.961647, -39.53669 ] } },
{ "type": "Feature", "properties": { "anio": 2026, "establecimiento": "Liceo Mater Populi Dei\nRama", "rbd": 31002, "prueba": "M2", "promedio": 430.4, "LATITUD": -39.53669, "LONGITUD": -72.961647 }, "geometry": { "type": "Point", "coordinates": [ -72.961647, -39.53669 ] } },
{ "type": "Feature", "properties": { "anio": 2026, "establecimiento": "Liceo Mater Populi Dei\nRama", "rbd": 31002, "prueba": "Historia", "promedio": 460.5, "LATITUD": -39.53669, "LONGITUD": -72.961647 }, "geometry": { "type": "Point", "coordinates": [ -72.961647, -39.53669 ] } },
{ "type": "Feature", "properties": { "anio": 2026, "establecimiento": "Liceo Mater Populi Dei\nRama", "rbd": 31002, "prueba": "Ciencias", "promedio": 428.0, "LATITUD": -39.53669, "LONGITUD": -72.961647 }, "geometry": { "type": "Point", "coordinates": [ -72.961647, -39.53669 ] } },
{ "type": "Feature", "properties": { "anio": 2026, "establecimiento": "Liceo Mater Populi Dei\nRama", "rbd": 31002, "prueba": "Obligatoria", "promedio": 551.7, "LATITUD": -39.53669, "LONGITUD": -72.961647 }, "geometry": { "type": "Point", "coordinates": [ -72.961647, -39.53669 ] } },
{ "type": "Feature", "properties": { "anio": 2026, "establecimiento": "Col", "rbd": 31005, "prueba": "Lenguaje", "promedio": 504.9, "LATITUD": -40.295139, "LONGITUD": -73.08606 }, "geometry": { "type": "Point", "coordinates": [ -73.08606, -40.295139 ] } },
{ "type": "Feature", "properties": { "anio": 2026, "establecimiento": "Col", "rbd": 31005, "prueba": "M1", "promedio": 549.4, "LATITUD": -40.295139, "LONGITUD": -73.08606 }, "geometry": { "type": "Point", "coordinates": [ -73.08606, -40.295139 ] } },
{ "type": "Feature", "properties": { "anio": 2026, "establecimiento": "Col", "rbd": 31005, "prueba": "M2", "promedio": 366.0, "LATITUD": -40.295139, "LONGITUD": -73.08606 }, "geometry": { "type": "Point", "coordinates": [ -73.08606, -40.295139 ] } },
{ "type": "Feature", "properties": { "anio": 2026, "establecimiento": "Col", "rbd": 31005, "prueba": "Historia", "promedio": 429.2, "LATITUD": -40.295139, "LONGITUD": -73.08606 }, "geometry": { "type": "Point", "coordinates": [ -73.08606, -40.295139 ] } },
{ "type": "Feature", "properties": { "anio": 2026, "establecimiento": "Col", "rbd": 31005, "prueba": "Ciencias", "promedio": 415.3, "LATITUD": -40.295139, "LONGITUD": -73.08606 }, "geometry": { "type": "Point", "coordinates": [ -73.08606, -40.295139 ] } },
{ "type": "Feature", "properties": { "anio": 2026, "establecimiento": "Col", "rbd": 31005, "prueba": "Obligatoria", "promedio": 527.1, "LATITUD": -40.295139, "LONGITUD": -73.08606 }, "geometry": { "type": "Point", "coordinates": [ -73.08606, -40.295139 ] } },
{ "type": "Feature", "properties": { "anio": 2026, "establecimiento": "Liceo Bicentenario Ciudad De Los Rios Valdivi\nRama", "rbd": 31010, "prueba": "Lenguaje", "promedio": 626.1, "LATITUD": -39.830929, "LONGITUD": -73.234879 }, "geometry": { "type": "Point", "coordinates": [ -73.234879, -39.830929 ] } },
{ "type": "Feature", "properties": { "anio": 2026, "establecimiento": "Liceo Bicentenario Ciudad De Los Rios Valdivi\nRama", "rbd": 31010, "prueba": "M1", "promedio": 623.7, "LATITUD": -39.830929, "LONGITUD": -73.234879 }, "geometry": { "type": "Point", "coordinates": [ -73.234879, -39.830929 ] } },
{ "type": "Feature", "properties": { "anio": 2026, "establecimiento": "Liceo Bicentenario Ciudad De Los Rios Valdivi\nRama", "rbd": 31010, "prueba": "M2", "promedio": 435.3, "LATITUD": -39.830929, "LONGITUD": -73.234879 }, "geometry": { "type": "Point", "coordinates": [ -73.234879, -39.830929 ] } },
{ "type": "Feature", "properties": { "anio": 2026, "establecimiento": "Liceo Bicentenario Ciudad De Los Rios Valdivi\nRama", "rbd": 31010, "prueba": "Historia", "promedio": 496.0, "LATITUD": -39.830929, "LONGITUD": -73.234879 }, "geometry": { "type": "Point", "coordinates": [ -73.234879, -39.830929 ] } },
{ "type": "Feature", "properties": { "anio": 2026, "establecimiento": "Liceo Bicentenario Ciudad De Los Rios Valdivi\nRama", "rbd": 31010, "prueba": "Ciencias", "promedio": 452.6, "LATITUD": -39.830929, "LONGITUD": -73.234879 }, "geometry": { "type": "Point", "coordinates": [ -73.234879, -39.830929 ] } },
{ "type": "Feature", "properties": { "anio": 2026, "establecimiento": "Liceo Bicentenario Ciudad De Los Rios Valdivi\nRama", "rbd": 31010, "prueba": "Obligatoria", "promedio": 624.9, "LATITUD": -39.830929, "LONGITUD": -73.234879 }, "geometry": { "type": "Point", "coordinates": [ -73.234879, -39.830929 ] } },
{ "type": "Feature", "properties": { "anio": 2026, "establecimiento": "Instituto Bicentenario De Excelencia Chile Asia Pac\nRama", "rbd": 31012, "prueba": "Lenguaje", "promedio": 546.9, "LATITUD": -39.852329, "LONGITUD": -73.212273 }, "geometry": { "type": "Point", "coordinates": [ -73.212273, -39.852329 ] } },
{ "type": "Feature", "properties": { "anio": 2026, "establecimiento": "Instituto Bicentenario De Excelencia Chile Asia Pac\nRama", "rbd": 31012, "prueba": "M1", "promedio": 547.8, "LATITUD": -39.852329, "LONGITUD": -73.212273 }, "geometry": { "type": "Point", "coordinates": [ -73.212273, -39.852329 ] } },
{ "type": "Feature", "properties": { "anio": 2026, "establecimiento": "Instituto Bicentenario De Excelencia Chile Asia Pac\nRama", "rbd": 31012, "prueba": "M2", "promedio": 349.7, "LATITUD": -39.852329, "LONGITUD": -73.212273 }, "geometry": { "type": "Point", "coordinates": [ -73.212273, -39.852329 ] } },
{ "type": "Feature", "properties": { "anio": 2026, "establecimiento": "Instituto Bicentenario De Excelencia Chile Asia Pac\nRama", "rbd": 31012, "prueba": "Historia", "promedio": 458.2, "LATITUD": -39.852329, "LONGITUD": -73.212273 }, "geometry": { "type": "Point", "coordinates": [ -73.212273, -39.852329 ] } },
{ "type": "Feature", "properties": { "anio": 2026, "establecimiento": "Instituto Bicentenario De Excelencia Chile Asia Pac\nRama", "rbd": 31012, "prueba": "Ciencias", "promedio": 412.0, "LATITUD": -39.852329, "LONGITUD": -73.212273 }, "geometry": { "type": "Point", "coordinates": [ -73.212273, -39.852329 ] } },
{ "type": "Feature", "properties": { "anio": 2026, "establecimiento": "Instituto Bicentenario De Excelencia Chile Asia Pac\nRama", "rbd": 31012, "prueba": "Obligatoria", "promedio": 547.3, "LATITUD": -39.852329, "LONGITUD": -73.212273 }, "geometry": { "type": "Point", "coordinates": [ -73.212273, -39.852329 ] } },
{ "type": "Feature", "properties": { "anio": 2026, "establecimiento": "Liceo Tecnologico Coñaripe\nRama", "rbd": 40102, "prueba": "Lenguaje", "promedio": 457.0, "LATITUD": -39.54985, "LONGITUD": -71.990387 }, "geometry": { "type": "Point", "coordinates": [ -71.990387, -39.54985 ] } },
{ "type": "Feature", "properties": { "anio": 2026, "establecimiento": "Liceo Tecnologico Coñaripe\nRama", "rbd": 40102, "prueba": "M1", "promedio": 571.5, "LATITUD": -39.54985, "LONGITUD": -71.990387 }, "geometry": { "type": "Point", "coordinates": [ -71.990387, -39.54985 ] } },
{ "type": "Feature", "properties": { "anio": 2026, "establecimiento": "Liceo Tecnologico Coñaripe\nRama", "rbd": 40102, "prueba": "M2", "promedio": 396.0, "LATITUD": -39.54985, "LONGITUD": -71.990387 }, "geometry": { "type": "Point", "coordinates": [ -71.990387, -39.54985 ] } },
{ "type": "Feature", "properties": { "anio": 2026, "establecimiento": "Liceo Tecnologico Coñaripe\nRama", "rbd": 40102, "prueba": "Historia", "promedio": 402.0, "LATITUD": -39.54985, "LONGITUD": -71.990387 }, "geometry": { "type": "Point", "coordinates": [ -71.990387, -39.54985 ] } },
{ "type": "Feature", "properties": { "anio": 2026, "establecimiento": "Liceo Tecnologico Coñaripe\nRama", "rbd": 40102, "prueba": "Ciencias", "promedio": 410.0, "LATITUD": -39.54985, "LONGITUD": -71.990387 }, "geometry": { "type": "Point", "coordinates": [ -71.990387, -39.54985 ] } },
{ "type": "Feature", "properties": { "anio": 2026, "establecimiento": "Liceo Tecnologico Coñaripe\nRama", "rbd": 40102, "prueba": "Obligatoria", "promedio": 511.7, "LATITUD": -39.54985, "LONGITUD": -71.990387 }, "geometry": { "type": "Point", "coordinates": [ -71.990387, -39.54985 ] } },
{ "type": "Feature", "properties": { "anio": 2026, "establecimiento": "Liceo Tecnologico Coñaripe\nRama", "rbd": 40102, "prueba": "Lenguaje", "promedio": 480.9, "LATITUD": -39.54985, "LONGITUD": -71.990387 }, "geometry": { "type": "Point", "coordinates": [ -71.990387, -39.54985 ] } },
{ "type": "Feature", "properties": { "anio": 2026, "establecimiento": "Liceo Tecnologico Coñaripe\nRama", "rbd": 40102, "prueba": "M1", "promedio": 523.3, "LATITUD": -39.54985, "LONGITUD": -71.990387 }, "geometry": { "type": "Point", "coordinates": [ -71.990387, -39.54985 ] } },
{ "type": "Feature", "properties": { "anio": 2026, "establecimiento": "Liceo Tecnologico Coñaripe\nRama", "rbd": 40102, "prueba": "M2", "promedio": 445.5, "LATITUD": -39.54985, "LONGITUD": -71.990387 }, "geometry": { "type": "Point", "coordinates": [ -71.990387, -39.54985 ] } },
{ "type": "Feature", "properties": { "anio": 2026, "establecimiento": "Liceo Tecnologico Coñaripe\nRama", "rbd": 40102, "prueba": "Historia", "promedio": 429.4, "LATITUD": -39.54985, "LONGITUD": -71.990387 }, "geometry": { "type": "Point", "coordinates": [ -71.990387, -39.54985 ] } },
{ "type": "Feature", "properties": { "anio": 2026, "establecimiento": "Liceo Tecnologico Coñaripe\nRama", "rbd": 40102, "prueba": "Ciencias", "promedio": 456.5, "LATITUD": -39.54985, "LONGITUD": -71.990387 }, "geometry": { "type": "Point", "coordinates": [ -71.990387, -39.54985 ] } },
{ "type": "Feature", "properties": { "anio": 2026, "establecimiento": "Liceo Tecnologico Coñaripe\nRama", "rbd": 40102, "prueba": "Obligatoria", "promedio": 512.1, "LATITUD": -39.54985, "LONGITUD": -71.990387 }, "geometry": { "type": "Point", "coordinates": [ -71.990387, -39.54985 ] } },
{ "type": "Feature", "properties": { "anio": 2026, "establecimiento": "Centro Educacional Integrado De Adultos Latinoameri\nRama", "rbd": 41533, "prueba": "Lenguaje", "promedio": 500.0, "LATITUD": -40.3298, "LONGITUD": -72.22519 }, "geometry": { "type": "Point", "coordinates": [ -72.22519, -40.3298 ] } },
{ "type": "Feature", "properties": { "anio": 2026, "establecimiento": "Centro Educacional Integrado De Adultos Latinoameri\nRama", "rbd": 41533, "prueba": "M1", "promedio": 474.0, "LATITUD": -40.3298, "LONGITUD": -72.22519 }, "geometry": { "type": "Point", "coordinates": [ -72.22519, -40.3298 ] } },
{ "type": "Feature", "properties": { "anio": 2026, "establecimiento": "Centro Educacional Integrado De Adultos Latinoameri\nRama", "rbd": 41533, "prueba": "M2", "promedio": 0.0, "LATITUD": -40.3298, "LONGITUD": -72.22519 }, "geometry": { "type": "Point", "coordinates": [ -72.22519, -40.3298 ] } },
{ "type": "Feature", "properties": { "anio": 2026, "establecimiento": "Centro Educacional Integrado De Adultos Latinoameri\nRama", "rbd": 41533, "prueba": "Historia", "promedio": 348.0, "LATITUD": -40.3298, "LONGITUD": -72.22519 }, "geometry": { "type": "Point", "coordinates": [ -72.22519, -40.3298 ] } },
{ "type": "Feature", "properties": { "anio": 2026, "establecimiento": "Centro Educacional Integrado De Adultos Latinoameri\nRama", "rbd": 41533, "prueba": "Ciencias", "promedio": 0.0, "LATITUD": -40.3298, "LONGITUD": -72.22519 }, "geometry": { "type": "Point", "coordinates": [ -72.22519, -40.3298 ] } },
{ "type": "Feature", "properties": { "anio": 2026, "establecimiento": "Centro Educacional Integrado De Adultos Latinoameri\nRama", "rbd": 41533, "prueba": "Obligatoria", "promedio": 487.0, "LATITUD": -40.3298, "LONGITUD": -72.22519 }, "geometry": { "type": "Point", "coordinates": [ -72.22519, -40.3298 ] } },
{ "type": "Feature", "properties": { "anio": 2026, "establecimiento": "Colegio Comunitario Enlace\nRama", "rbd": 41712, "prueba": "Lenguaje", "promedio": 373.0, "LATITUD": -38.7908, "LONGITUD": -72.7235 }, "geometry": { "type": "Point", "coordinates": [ -72.7235, -38.7908 ] } },
{ "type": "Feature", "properties": { "anio": 2026, "establecimiento": "Colegio Comunitario Enlace\nRama", "rbd": 41712, "prueba": "M1", "promedio": 462.0, "LATITUD": -38.7908, "LONGITUD": -72.7235 }, "geometry": { "type": "Point", "coordinates": [ -72.7235, -38.7908 ] } },
{ "type": "Feature", "properties": { "anio": 2026, "establecimiento": "Colegio Comunitario Enlace\nRama", "rbd": 41712, "prueba": "M2", "promedio": 0.0, "LATITUD": -38.7908, "LONGITUD": -72.7235 }, "geometry": { "type": "Point", "coordinates": [ -72.7235, -38.7908 ] } },
{ "type": "Feature", "properties": { "anio": 2026, "establecimiento": "Colegio Comunitario Enlace\nRama", "rbd": 41712, "prueba": "Historia", "promedio": 406.0, "LATITUD": -38.7908, "LONGITUD": -72.7235 }, "geometry": { "type": "Point", "coordinates": [ -72.7235, -38.7908 ] } },
{ "type": "Feature", "properties": { "anio": 2026, "establecimiento": "Colegio Comunitario Enlace\nRama", "rbd": 41712, "prueba": "Ciencias", "promedio": 0.0, "LATITUD": -38.7908, "LONGITUD": -72.7235 }, "geometry": { "type": "Point", "coordinates": [ -72.7235, -38.7908 ] } },
{ "type": "Feature", "properties": { "anio": 2026, "establecimiento": "Colegio Comunitario Enlace\nRama", "rbd": 41712, "prueba": "Obligatoria", "promedio": 417.5, "LATITUD": -38.7908, "LONGITUD": -72.7235 }, "geometry": { "type": "Point", "coordinates": [ -72.7235, -38.7908 ] } },
{ "type": "Feature", "properties": { "anio": 2026, "establecimiento": "Instituto Comercial De Valdivia\nRama", "rbd": 6751, "prueba": "Lenguaje", "promedio": 557.5, "LATITUD": -39.817619, "LONGITUD": -73.246964 }, "geometry": { "type": "Point", "coordinates": [ -73.246964, -39.817619 ] } },
{ "type": "Feature", "properties": { "anio": 2026, "establecimiento": "Instituto Comercial De Valdivia\nRama", "rbd": 6751, "prueba": "M1", "promedio": 573.5, "LATITUD": -39.817619, "LONGITUD": -73.246964 }, "geometry": { "type": "Point", "coordinates": [ -73.246964, -39.817619 ] } },
{ "type": "Feature", "properties": { "anio": 2026, "establecimiento": "Instituto Comercial De Valdivia\nRama", "rbd": 6751, "prueba": "M2", "promedio": 393.6, "LATITUD": -39.817619, "LONGITUD": -73.246964 }, "geometry": { "type": "Point", "coordinates": [ -73.246964, -39.817619 ] } },
{ "type": "Feature", "properties": { "anio": 2026, "establecimiento": "Instituto Comercial De Valdivia\nRama", "rbd": 6751, "prueba": "Historia", "promedio": 466.8, "LATITUD": -39.817619, "LONGITUD": -73.246964 }, "geometry": { "type": "Point", "coordinates": [ -73.246964, -39.817619 ] } },
{ "type": "Feature", "properties": { "anio": 2026, "establecimiento": "Instituto Comercial De Valdivia\nRama", "rbd": 6751, "prueba": "Ciencias", "promedio": 405.2, "LATITUD": -39.817619, "LONGITUD": -73.246964 }, "geometry": { "type": "Point", "coordinates": [ -73.246964, -39.817619 ] } },
{ "type": "Feature", "properties": { "anio": 2026, "establecimiento": "Instituto Comercial De Valdivia\nRama", "rbd": 6751, "prueba": "Obligatoria", "promedio": 566.6, "LATITUD": -39.817619, "LONGITUD": -73.246964 }, "geometry": { "type": "Point", "coordinates": [ -73.246964, -39.817619 ] } },
{ "type": "Feature", "properties": { "anio": 2026, "establecimiento": "Instituto Comercial De Valdivia\nRama", "rbd": 6751, "prueba": "Lenguaje", "promedio": 581.2, "LATITUD": -39.817619, "LONGITUD": -73.246964 }, "geometry": { "type": "Point", "coordinates": [ -73.246964, -39.817619 ] } },
{ "type": "Feature", "properties": { "anio": 2026, "establecimiento": "Instituto Comercial De Valdivia\nRama", "rbd": 6751, "prueba": "M1", "promedio": 606.2, "LATITUD": -39.817619, "LONGITUD": -73.246964 }, "geometry": { "type": "Point", "coordinates": [ -73.246964, -39.817619 ] } },
{ "type": "Feature", "properties": { "anio": 2026, "establecimiento": "Instituto Comercial De Valdivia\nRama", "rbd": 6751, "prueba": "M2", "promedio": 413.6, "LATITUD": -39.817619, "LONGITUD": -73.246964 }, "geometry": { "type": "Point", "coordinates": [ -73.246964, -39.817619 ] } },
{ "type": "Feature", "properties": { "anio": 2026, "establecimiento": "Instituto Comercial De Valdivia\nRama", "rbd": 6751, "prueba": "Historia", "promedio": 459.4, "LATITUD": -39.817619, "LONGITUD": -73.246964 }, "geometry": { "type": "Point", "coordinates": [ -73.246964, -39.817619 ] } },
{ "type": "Feature", "properties": { "anio": 2026, "establecimiento": "Instituto Comercial De Valdivia\nRama", "rbd": 6751, "prueba": "Ciencias", "promedio": 413.9, "LATITUD": -39.817619, "LONGITUD": -73.246964 }, "geometry": { "type": "Point", "coordinates": [ -73.246964, -39.817619 ] } },
{ "type": "Feature", "properties": { "anio": 2026, "establecimiento": "Instituto Comercial De Valdivia\nRama", "rbd": 6751, "prueba": "Obligatoria", "promedio": 592.7, "LATITUD": -39.817619, "LONGITUD": -73.246964 }, "geometry": { "type": "Point", "coordinates": [ -73.246964, -39.817619 ] } },
{ "type": "Feature", "properties": { "anio": 2026, "establecimiento": "Liceo Tecnico Valdivia\nRama", "rbd": 6752, "prueba": "Lenguaje", "promedio": 524.3, "LATITUD": -39.82925, "LONGITUD": -73.221237 }, "geometry": { "type": "Point", "coordinates": [ -73.221237, -39.82925 ] } },
{ "type": "Feature", "properties": { "anio": 2026, "establecimiento": "Liceo Tecnico Valdivia\nRama", "rbd": 6752, "prueba": "M1", "promedio": 518.1, "LATITUD": -39.82925, "LONGITUD": -73.221237 }, "geometry": { "type": "Point", "coordinates": [ -73.221237, -39.82925 ] } },
{ "type": "Feature", "properties": { "anio": 2026, "establecimiento": "Liceo Tecnico Valdivia\nRama", "rbd": 6752, "prueba": "M2", "promedio": 389.7, "LATITUD": -39.82925, "LONGITUD": -73.221237 }, "geometry": { "type": "Point", "coordinates": [ -73.221237, -39.82925 ] } },
{ "type": "Feature", "properties": { "anio": 2026, "establecimiento": "Liceo Tecnico Valdivia\nRama", "rbd": 6752, "prueba": "Historia", "promedio": 419.3, "LATITUD": -39.82925, "LONGITUD": -73.221237 }, "geometry": { "type": "Point", "coordinates": [ -73.221237, -39.82925 ] } },
{ "type": "Feature", "properties": { "anio": 2026, "establecimiento": "Liceo Tecnico Valdivia\nRama", "rbd": 6752, "prueba": "Ciencias", "promedio": 403.4, "LATITUD": -39.82925, "LONGITUD": -73.221237 }, "geometry": { "type": "Point", "coordinates": [ -73.221237, -39.82925 ] } },
{ "type": "Feature", "properties": { "anio": 2026, "establecimiento": "Liceo Tecnico Valdivia\nRama", "rbd": 6752, "prueba": "Obligatoria", "promedio": 522.8, "LATITUD": -39.82925, "LONGITUD": -73.221237 }, "geometry": { "type": "Point", "coordinates": [ -73.221237, -39.82925 ] } },
{ "type": "Feature", "properties": { "anio": 2026, "establecimiento": "Liceo Santa Maria La Blanca\nRama", "rbd": 6753, "prueba": "Lenguaje", "promedio": 582.9, "LATITUD": -39.81601, "LONGITUD": -73.240768 }, "geometry": { "type": "Point", "coordinates": [ -73.240768, -39.81601 ] } },
{ "type": "Feature", "properties": { "anio": 2026, "establecimiento": "Liceo Santa Maria La Blanca\nRama", "rbd": 6753, "prueba": "M1", "promedio": 588.3, "LATITUD": -39.81601, "LONGITUD": -73.240768 }, "geometry": { "type": "Point", "coordinates": [ -73.240768, -39.81601 ] } },
{ "type": "Feature", "properties": { "anio": 2026, "establecimiento": "Liceo Santa Maria La Blanca\nRama", "rbd": 6753, "prueba": "M2", "promedio": 396.8, "LATITUD": -39.81601, "LONGITUD": -73.240768 }, "geometry": { "type": "Point", "coordinates": [ -73.240768, -39.81601 ] } },
{ "type": "Feature", "properties": { "anio": 2026, "establecimiento": "Liceo Santa Maria La Blanca\nRama", "rbd": 6753, "prueba": "Historia", "promedio": 463.7, "LATITUD": -39.81601, "LONGITUD": -73.240768 }, "geometry": { "type": "Point", "coordinates": [ -73.240768, -39.81601 ] } },
{ "type": "Feature", "properties": { "anio": 2026, "establecimiento": "Liceo Santa Maria La Blanca\nRama", "rbd": 6753, "prueba": "Ciencias", "promedio": 431.5, "LATITUD": -39.81601, "LONGITUD": -73.240768 }, "geometry": { "type": "Point", "coordinates": [ -73.240768, -39.81601 ] } },
{ "type": "Feature", "properties": { "anio": 2026, "establecimiento": "Liceo Santa Maria La Blanca\nRama", "rbd": 6753, "prueba": "Obligatoria", "promedio": 587.3, "LATITUD": -39.81601, "LONGITUD": -73.240768 }, "geometry": { "type": "Point", "coordinates": [ -73.240768, -39.81601 ] } },
{ "type": "Feature", "properties": { "anio": 2026, "establecimiento": "Liceo Armando Robles Rivera\nRama", "rbd": 6754, "prueba": "Lenguaje", "promedio": 589.0, "LATITUD": -39.81567, "LONGITUD": -73.242622 }, "geometry": { "type": "Point", "coordinates": [ -73.242622, -39.81567 ] } },
{ "type": "Feature", "properties": { "anio": 2026, "establecimiento": "Liceo Armando Robles Rivera\nRama", "rbd": 6754, "prueba": "M1", "promedio": 590.9, "LATITUD": -39.81567, "LONGITUD": -73.242622 }, "geometry": { "type": "Point", "coordinates": [ -73.242622, -39.81567 ] } },
{ "type": "Feature", "properties": { "anio": 2026, "establecimiento": "Liceo Armando Robles Rivera\nRama", "rbd": 6754, "prueba": "M2", "promedio": 416.0, "LATITUD": -39.81567, "LONGITUD": -73.242622 }, "geometry": { "type": "Point", "coordinates": [ -73.242622, -39.81567 ] } },
{ "type": "Feature", "properties": { "anio": 2026, "establecimiento": "Liceo Armando Robles Rivera\nRama", "rbd": 6754, "prueba": "Historia", "promedio": 499.5, "LATITUD": -39.81567, "LONGITUD": -73.242622 }, "geometry": { "type": "Point", "coordinates": [ -73.242622, -39.81567 ] } },
{ "type": "Feature", "properties": { "anio": 2026, "establecimiento": "Liceo Armando Robles Rivera\nRama", "rbd": 6754, "prueba": "Ciencias", "promedio": 440.3, "LATITUD": -39.81567, "LONGITUD": -73.242622 }, "geometry": { "type": "Point", "coordinates": [ -73.242622, -39.81567 ] } },
{ "type": "Feature", "properties": { "anio": 2026, "establecimiento": "Liceo Armando Robles Rivera\nRama", "rbd": 6754, "prueba": "Obligatoria", "promedio": 591.7, "LATITUD": -39.81567, "LONGITUD": -73.242622 }, "geometry": { "type": "Point", "coordinates": [ -73.242622, -39.81567 ] } },
{ "type": "Feature", "properties": { "anio": 2026, "establecimiento": "Liceo Industrial Valdivia\nRama", "rbd": 6755, "prueba": "Lenguaje", "promedio": 512.1, "LATITUD": -39.831871, "LONGITUD": -73.220757 }, "geometry": { "type": "Point", "coordinates": [ -73.220757, -39.831871 ] } },
{ "type": "Feature", "properties": { "anio": 2026, "establecimiento": "Liceo Industrial Valdivia\nRama", "rbd": 6755, "prueba": "M1", "promedio": 580.2, "LATITUD": -39.831871, "LONGITUD": -73.220757 }, "geometry": { "type": "Point", "coordinates": [ -73.220757, -39.831871 ] } },
{ "type": "Feature", "properties": { "anio": 2026, "establecimiento": "Liceo Industrial Valdivia\nRama", "rbd": 6755, "prueba": "M2", "promedio": 389.0, "LATITUD": -39.831871, "LONGITUD": -73.220757 }, "geometry": { "type": "Point", "coordinates": [ -73.220757, -39.831871 ] } },
{ "type": "Feature", "properties": { "anio": 2026, "establecimiento": "Liceo Industrial Valdivia\nRama", "rbd": 6755, "prueba": "Historia", "promedio": 428.0, "LATITUD": -39.831871, "LONGITUD": -73.220757 }, "geometry": { "type": "Point", "coordinates": [ -73.220757, -39.831871 ] } },
{ "type": "Feature", "properties": { "anio": 2026, "establecimiento": "Liceo Industrial Valdivia\nRama", "rbd": 6755, "prueba": "Ciencias", "promedio": 385.0, "LATITUD": -39.831871, "LONGITUD": -73.220757 }, "geometry": { "type": "Point", "coordinates": [ -73.220757, -39.831871 ] } },
{ "type": "Feature", "properties": { "anio": 2026, "establecimiento": "Liceo Industrial Valdivia\nRama", "rbd": 6755, "prueba": "Obligatoria", "promedio": 548.3, "LATITUD": -39.831871, "LONGITUD": -73.220757 }, "geometry": { "type": "Point", "coordinates": [ -73.220757, -39.831871 ] } },
{ "type": "Feature", "properties": { "anio": 2026, "establecimiento": "Instituto De Recursos Renovables Y Tecnología Los R\nRama", "rbd": 6757, "prueba": "Lenguaje", "promedio": 594.0, "LATITUD": -39.826889, "LONGITUD": -73.206703 }, "geometry": { "type": "Point", "coordinates": [ -73.206703, -39.826889 ] } },
{ "type": "Feature", "properties": { "anio": 2026, "establecimiento": "Instituto De Recursos Renovables Y Tecnología Los R\nRama", "rbd": 6757, "prueba": "M1", "promedio": 591.5, "LATITUD": -39.826889, "LONGITUD": -73.206703 }, "geometry": { "type": "Point", "coordinates": [ -73.206703, -39.826889 ] } },
{ "type": "Feature", "properties": { "anio": 2026, "establecimiento": "Instituto De Recursos Renovables Y Tecnología Los R\nRama", "rbd": 6757, "prueba": "M2", "promedio": 409.0, "LATITUD": -39.826889, "LONGITUD": -73.206703 }, "geometry": { "type": "Point", "coordinates": [ -73.206703, -39.826889 ] } },
{ "type": "Feature", "properties": { "anio": 2026, "establecimiento": "Instituto De Recursos Renovables Y Tecnología Los R\nRama", "rbd": 6757, "prueba": "Historia", "promedio": 482.5, "LATITUD": -39.826889, "LONGITUD": -73.206703 }, "geometry": { "type": "Point", "coordinates": [ -73.206703, -39.826889 ] } },
{ "type": "Feature", "properties": { "anio": 2026, "establecimiento": "Instituto De Recursos Renovables Y Tecnología Los R\nRama", "rbd": 6757, "prueba": "Ciencias", "promedio": 385.0, "LATITUD": -39.826889, "LONGITUD": -73.206703 }, "geometry": { "type": "Point", "coordinates": [ -73.206703, -39.826889 ] } },
{ "type": "Feature", "properties": { "anio": 2026, "establecimiento": "Instituto De Recursos Renovables Y Tecnología Los R\nRama", "rbd": 6757, "prueba": "Obligatoria", "promedio": 592.8, "LATITUD": -39.826889, "LONGITUD": -73.206703 }, "geometry": { "type": "Point", "coordinates": [ -73.206703, -39.826889 ] } },
{ "type": "Feature", "properties": { "anio": 2026, "establecimiento": "Instituto De Recursos Renovables Y Tecnología Los R\nRama", "rbd": 6757, "prueba": "Lenguaje", "promedio": 497.5, "LATITUD": -39.826889, "LONGITUD": -73.206703 }, "geometry": { "type": "Point", "coordinates": [ -73.206703, -39.826889 ] } },
{ "type": "Feature", "properties": { "anio": 2026, "establecimiento": "Instituto De Recursos Renovables Y Tecnología Los R\nRama", "rbd": 6757, "prueba": "M1", "promedio": 523.5, "LATITUD": -39.826889, "LONGITUD": -73.206703 }, "geometry": { "type": "Point", "coordinates": [ -73.206703, -39.826889 ] } },
{ "type": "Feature", "properties": { "anio": 2026, "establecimiento": "Instituto De Recursos Renovables Y Tecnología Los R\nRama", "rbd": 6757, "prueba": "M2", "promedio": 366.0, "LATITUD": -39.826889, "LONGITUD": -73.206703 }, "geometry": { "type": "Point", "coordinates": [ -73.206703, -39.826889 ] } },
{ "type": "Feature", "properties": { "anio": 2026, "establecimiento": "Instituto De Recursos Renovables Y Tecnología Los R\nRama", "rbd": 6757, "prueba": "Historia", "promedio": 387.0, "LATITUD": -39.826889, "LONGITUD": -73.206703 }, "geometry": { "type": "Point", "coordinates": [ -73.206703, -39.826889 ] } },
{ "type": "Feature", "properties": { "anio": 2026, "establecimiento": "Instituto De Recursos Renovables Y Tecnología Los R\nRama", "rbd": 6757, "prueba": "Ciencias", "promedio": 394.0, "LATITUD": -39.826889, "LONGITUD": -73.206703 }, "geometry": { "type": "Point", "coordinates": [ -73.206703, -39.826889 ] } },
{ "type": "Feature", "properties": { "anio": 2026, "establecimiento": "Instituto De Recursos Renovables Y Tecnología Los R\nRama", "rbd": 6757, "prueba": "Obligatoria", "promedio": 510.5, "LATITUD": -39.826889, "LONGITUD": -73.206703 }, "geometry": { "type": "Point", "coordinates": [ -73.206703, -39.826889 ] } },
{ "type": "Feature", "properties": { "anio": 2026, "establecimiento": "Colegio Teniente Hernan Merino Correa\nRama", "rbd": 6766, "prueba": "Lenguaje", "promedio": 561.6, "LATITUD": -39.83773, "LONGITUD": -73.215477 }, "geometry": { "type": "Point", "coordinates": [ -73.215477, -39.83773 ] } },
{ "type": "Feature", "properties": { "anio": 2026, "establecimiento": "Colegio Teniente Hernan Merino Correa\nRama", "rbd": 6766, "prueba": "M1", "promedio": 550.1, "LATITUD": -39.83773, "LONGITUD": -73.215477 }, "geometry": { "type": "Point", "coordinates": [ -73.215477, -39.83773 ] } },
{ "type": "Feature", "properties": { "anio": 2026, "establecimiento": "Colegio Teniente Hernan Merino Correa\nRama", "rbd": 6766, "prueba": "M2", "promedio": 372.1, "LATITUD": -39.83773, "LONGITUD": -73.215477 }, "geometry": { "type": "Point", "coordinates": [ -73.215477, -39.83773 ] } },
{ "type": "Feature", "properties": { "anio": 2026, "establecimiento": "Colegio Teniente Hernan Merino Correa\nRama", "rbd": 6766, "prueba": "Historia", "promedio": 463.4, "LATITUD": -39.83773, "LONGITUD": -73.215477 }, "geometry": { "type": "Point", "coordinates": [ -73.215477, -39.83773 ] } },
{ "type": "Feature", "properties": { "anio": 2026, "establecimiento": "Colegio Teniente Hernan Merino Correa\nRama", "rbd": 6766, "prueba": "Ciencias", "promedio": 405.1, "LATITUD": -39.83773, "LONGITUD": -73.215477 }, "geometry": { "type": "Point", "coordinates": [ -73.215477, -39.83773 ] } },
{ "type": "Feature", "properties": { "anio": 2026, "establecimiento": "Colegio Teniente Hernan Merino Correa\nRama", "rbd": 6766, "prueba": "Obligatoria", "promedio": 555.8, "LATITUD": -39.83773, "LONGITUD": -73.215477 }, "geometry": { "type": "Point", "coordinates": [ -73.215477, -39.83773 ] } },
{ "type": "Feature", "properties": { "anio": 2026, "establecimiento": "Colegio Bicentenario De Musica Juan Sebastian Bach\nRama", "rbd": 6770, "prueba": "Lenguaje", "promedio": 662.6, "LATITUD": -39.83084488, "LONGITUD": -73.22172546 }, "geometry": { "type": "Point", "coordinates": [ -73.22172546, -39.83084488 ] } },
{ "type": "Feature", "properties": { "anio": 2026, "establecimiento": "Colegio Bicentenario De Musica Juan Sebastian Bach\nRama", "rbd": 6770, "prueba": "M1", "promedio": 668.3, "LATITUD": -39.83084488, "LONGITUD": -73.22172546 }, "geometry": { "type": "Point", "coordinates": [ -73.22172546, -39.83084488 ] } },
{ "type": "Feature", "properties": { "anio": 2026, "establecimiento": "Colegio Bicentenario De Musica Juan Sebastian Bach\nRama", "rbd": 6770, "prueba": "M2", "promedio": 443.4, "LATITUD": -39.83084488, "LONGITUD": -73.22172546 }, "geometry": { "type": "Point", "coordinates": [ -73.22172546, -39.83084488 ] } },
{ "type": "Feature", "properties": { "anio": 2026, "establecimiento": "Colegio Bicentenario De Musica Juan Sebastian Bach\nRama", "rbd": 6770, "prueba": "Historia", "promedio": 528.2, "LATITUD": -39.83084488, "LONGITUD": -73.22172546 }, "geometry": { "type": "Point", "coordinates": [ -73.22172546, -39.83084488 ] } },
{ "type": "Feature", "properties": { "anio": 2026, "establecimiento": "Colegio Bicentenario De Musica Juan Sebastian Bach\nRama", "rbd": 6770, "prueba": "Ciencias", "promedio": 482.4, "LATITUD": -39.83084488, "LONGITUD": -73.22172546 }, "geometry": { "type": "Point", "coordinates": [ -73.22172546, -39.83084488 ] } },
{ "type": "Feature", "properties": { "anio": 2026, "establecimiento": "Colegio Bicentenario De Musica Juan Sebastian Bach\nRama", "rbd": 6770, "prueba": "Obligatoria", "promedio": 666.7, "LATITUD": -39.83084488, "LONGITUD": -73.22172546 }, "geometry": { "type": "Point", "coordinates": [ -73.22172546, -39.83084488 ] } },
{ "type": "Feature", "properties": { "anio": 2026, "establecimiento": "Centro Educ", "rbd": 6787, "prueba": "Lenguaje", "promedio": 502.6, "LATITUD": -39.83191299, "LONGITUD": -73.22041321 }, "geometry": { "type": "Point", "coordinates": [ -73.22041321, -39.83191299 ] } },
{ "type": "Feature", "properties": { "anio": 2026, "establecimiento": "Centro Educ", "rbd": 6787, "prueba": "M1", "promedio": 521.4, "LATITUD": -39.83191299, "LONGITUD": -73.22041321 }, "geometry": { "type": "Point", "coordinates": [ -73.22041321, -39.83191299 ] } },
{ "type": "Feature", "properties": { "anio": 2026, "establecimiento": "Centro Educ", "rbd": 6787, "prueba": "M2", "promedio": 487.5, "LATITUD": -39.83191299, "LONGITUD": -73.22041321 }, "geometry": { "type": "Point", "coordinates": [ -73.22041321, -39.83191299 ] } },
{ "type": "Feature", "properties": { "anio": 2026, "establecimiento": "Centro Educ", "rbd": 6787, "prueba": "Historia", "promedio": 416.6, "LATITUD": -39.83191299, "LONGITUD": -73.22041321 }, "geometry": { "type": "Point", "coordinates": [ -73.22041321, -39.83191299 ] } },
{ "type": "Feature", "properties": { "anio": 2026, "establecimiento": "Centro Educ", "rbd": 6787, "prueba": "Ciencias", "promedio": 382.2, "LATITUD": -39.83191299, "LONGITUD": -73.22041321 }, "geometry": { "type": "Point", "coordinates": [ -73.22041321, -39.83191299 ] } },
{ "type": "Feature", "properties": { "anio": 2026, "establecimiento": "Centro Educ", "rbd": 6787, "prueba": "Obligatoria", "promedio": 512.0, "LATITUD": -39.83191299, "LONGITUD": -73.22041321 }, "geometry": { "type": "Point", "coordinates": [ -73.22041321, -39.83191299 ] } },
{ "type": "Feature", "properties": { "anio": 2026, "establecimiento": "Escuela De Niebla Juan Bosch\nRama", "rbd": 6791, "prueba": "Lenguaje", "promedio": 455.0, "LATITUD": -39.873058, "LONGITUD": -73.398987 }, "geometry": { "type": "Point", "coordinates": [ -73.398987, -39.873058 ] } },
{ "type": "Feature", "properties": { "anio": 2026, "establecimiento": "Escuela De Niebla Juan Bosch\nRama", "rbd": 6791, "prueba": "M1", "promedio": 609.0, "LATITUD": -39.873058, "LONGITUD": -73.398987 }, "geometry": { "type": "Point", "coordinates": [ -73.398987, -39.873058 ] } },
{ "type": "Feature", "properties": { "anio": 2026, "establecimiento": "Escuela De Niebla Juan Bosch\nRama", "rbd": 6791, "prueba": "M2", "promedio": 382.0, "LATITUD": -39.873058, "LONGITUD": -73.398987 }, "geometry": { "type": "Point", "coordinates": [ -73.398987, -39.873058 ] } },
{ "type": "Feature", "properties": { "anio": 2026, "establecimiento": "Escuela De Niebla Juan Bosch\nRama", "rbd": 6791, "prueba": "Historia", "promedio": 0.0, "LATITUD": -39.873058, "LONGITUD": -73.398987 }, "geometry": { "type": "Point", "coordinates": [ -73.398987, -39.873058 ] } },
{ "type": "Feature", "properties": { "anio": 2026, "establecimiento": "Escuela De Niebla Juan Bosch\nRama", "rbd": 6791, "prueba": "Ciencias", "promedio": 409.0, "LATITUD": -39.873058, "LONGITUD": -73.398987 }, "geometry": { "type": "Point", "coordinates": [ -73.398987, -39.873058 ] } },
{ "type": "Feature", "properties": { "anio": 2026, "establecimiento": "Escuela De Niebla Juan Bosch\nRama", "rbd": 6791, "prueba": "Obligatoria", "promedio": 532.0, "LATITUD": -39.873058, "LONGITUD": -73.398987 }, "geometry": { "type": "Point", "coordinates": [ -73.398987, -39.873058 ] } },
{ "type": "Feature", "properties": { "anio": 2026, "establecimiento": "Colegio Santa Marta De Valdivia\nRama", "rbd": 6826, "prueba": "Lenguaje", "promedio": 614.9, "LATITUD": -39.828289, "LONGITUD": -73.210098 }, "geometry": { "type": "Point", "coordinates": [ -73.210098, -39.828289 ] } },
{ "type": "Feature", "properties": { "anio": 2026, "establecimiento": "Colegio Santa Marta De Valdivia\nRama", "rbd": 6826, "prueba": "M1", "promedio": 616.1, "LATITUD": -39.828289, "LONGITUD": -73.210098 }, "geometry": { "type": "Point", "coordinates": [ -73.210098, -39.828289 ] } },
{ "type": "Feature", "properties": { "anio": 2026, "establecimiento": "Colegio Santa Marta De Valdivia\nRama", "rbd": 6826, "prueba": "M2", "promedio": 415.3, "LATITUD": -39.828289, "LONGITUD": -73.210098 }, "geometry": { "type": "Point", "coordinates": [ -73.210098, -39.828289 ] } },
{ "type": "Feature", "properties": { "anio": 2026, "establecimiento": "Colegio Santa Marta De Valdivia\nRama", "rbd": 6826, "prueba": "Historia", "promedio": 516.2, "LATITUD": -39.828289, "LONGITUD": -73.210098 }, "geometry": { "type": "Point", "coordinates": [ -73.210098, -39.828289 ] } },
{ "type": "Feature", "properties": { "anio": 2026, "establecimiento": "Colegio Santa Marta De Valdivia\nRama", "rbd": 6826, "prueba": "Ciencias", "promedio": 449.8, "LATITUD": -39.828289, "LONGITUD": -73.210098 }, "geometry": { "type": "Point", "coordinates": [ -73.210098, -39.828289 ] } },
{ "type": "Feature", "properties": { "anio": 2026, "establecimiento": "Colegio Santa Marta De Valdivia\nRama", "rbd": 6826, "prueba": "Obligatoria", "promedio": 617.2, "LATITUD": -39.828289, "LONGITUD": -73.210098 }, "geometry": { "type": "Point", "coordinates": [ -73.210098, -39.828289 ] } },
{ "type": "Feature", "properties": { "anio": 2026, "establecimiento": "Colegio Austral\nRama", "rbd": 6828, "prueba": "Lenguaje", "promedio": 626.6, "LATITUD": -39.82061, "LONGITUD": -73.241203 }, "geometry": { "type": "Point", "coordinates": [ -73.241203, -39.82061 ] } },
{ "type": "Feature", "properties": { "anio": 2026, "establecimiento": "Colegio Austral\nRama", "rbd": 6828, "prueba": "M1", "promedio": 645.6, "LATITUD": -39.82061, "LONGITUD": -73.241203 }, "geometry": { "type": "Point", "coordinates": [ -73.241203, -39.82061 ] } },
{ "type": "Feature", "properties": { "anio": 2026, "establecimiento": "Colegio Austral\nRama", "rbd": 6828, "prueba": "M2", "promedio": 374.2, "LATITUD": -39.82061, "LONGITUD": -73.241203 }, "geometry": { "type": "Point", "coordinates": [ -73.241203, -39.82061 ] } },
{ "type": "Feature", "properties": { "anio": 2026, "establecimiento": "Colegio Austral\nRama", "rbd": 6828, "prueba": "Historia", "promedio": 544.1, "LATITUD": -39.82061, "LONGITUD": -73.241203 }, "geometry": { "type": "Point", "coordinates": [ -73.241203, -39.82061 ] } },
{ "type": "Feature", "properties": { "anio": 2026, "establecimiento": "Colegio Austral\nRama", "rbd": 6828, "prueba": "Ciencias", "promedio": 464.2, "LATITUD": -39.82061, "LONGITUD": -73.241203 }, "geometry": { "type": "Point", "coordinates": [ -73.241203, -39.82061 ] } },
{ "type": "Feature", "properties": { "anio": 2026, "establecimiento": "Colegio Austral\nRama", "rbd": 6828, "prueba": "Obligatoria", "promedio": 636.1, "LATITUD": -39.82061, "LONGITUD": -73.241203 }, "geometry": { "type": "Point", "coordinates": [ -73.241203, -39.82061 ] } },
{ "type": "Feature", "properties": { "anio": 2026, "establecimiento": "Instituto Salesiano\nRama", "rbd": 6829, "prueba": "Lenguaje", "promedio": 649.3, "LATITUD": -39.814991, "LONGITUD": -73.237907 }, "geometry": { "type": "Point", "coordinates": [ -73.237907, -39.814991 ] } },
{ "type": "Feature", "properties": { "anio": 2026, "establecimiento": "Instituto Salesiano\nRama", "rbd": 6829, "prueba": "M1", "promedio": 717.5, "LATITUD": -39.814991, "LONGITUD": -73.237907 }, "geometry": { "type": "Point", "coordinates": [ -73.237907, -39.814991 ] } },
{ "type": "Feature", "properties": { "anio": 2026, "establecimiento": "Instituto Salesiano\nRama", "rbd": 6829, "prueba": "M2", "promedio": 451.7, "LATITUD": -39.814991, "LONGITUD": -73.237907 }, "geometry": { "type": "Point", "coordinates": [ -73.237907, -39.814991 ] } },
{ "type": "Feature", "properties": { "anio": 2026, "establecimiento": "Instituto Salesiano\nRama", "rbd": 6829, "prueba": "Historia", "promedio": 558.2, "LATITUD": -39.814991, "LONGITUD": -73.237907 }, "geometry": { "type": "Point", "coordinates": [ -73.237907, -39.814991 ] } },
{ "type": "Feature", "properties": { "anio": 2026, "establecimiento": "Instituto Salesiano\nRama", "rbd": 6829, "prueba": "Ciencias", "promedio": 511.6, "LATITUD": -39.814991, "LONGITUD": -73.237907 }, "geometry": { "type": "Point", "coordinates": [ -73.237907, -39.814991 ] } },
{ "type": "Feature", "properties": { "anio": 2026, "establecimiento": "Instituto Salesiano\nRama", "rbd": 6829, "prueba": "Obligatoria", "promedio": 683.4, "LATITUD": -39.814991, "LONGITUD": -73.237907 }, "geometry": { "type": "Point", "coordinates": [ -73.237907, -39.814991 ] } },
{ "type": "Feature", "properties": { "anio": 2026, "establecimiento": "Colegio Nuestra Senora Del Carmen\nRama", "rbd": 6830, "prueba": "Lenguaje", "promedio": 611.0, "LATITUD": -39.82616, "LONGITUD": -73.230186 }, "geometry": { "type": "Point", "coordinates": [ -73.230186, -39.82616 ] } },
{ "type": "Feature", "properties": { "anio": 2026, "establecimiento": "Colegio Nuestra Senora Del Carmen\nRama", "rbd": 6830, "prueba": "M1", "promedio": 580.5, "LATITUD": -39.82616, "LONGITUD": -73.230186 }, "geometry": { "type": "Point", "coordinates": [ -73.230186, -39.82616 ] } },
{ "type": "Feature", "properties": { "anio": 2026, "establecimiento": "Colegio Nuestra Senora Del Carmen\nRama", "rbd": 6830, "prueba": "M2", "promedio": 415.3, "LATITUD": -39.82616, "LONGITUD": -73.230186 }, "geometry": { "type": "Point", "coordinates": [ -73.230186, -39.82616 ] } },
{ "type": "Feature", "properties": { "anio": 2026, "establecimiento": "Colegio Nuestra Senora Del Carmen\nRama", "rbd": 6830, "prueba": "Historia", "promedio": 505.4, "LATITUD": -39.82616, "LONGITUD": -73.230186 }, "geometry": { "type": "Point", "coordinates": [ -73.230186, -39.82616 ] } },
{ "type": "Feature", "properties": { "anio": 2026, "establecimiento": "Colegio Nuestra Senora Del Carmen\nRama", "rbd": 6830, "prueba": "Ciencias", "promedio": 446.5, "LATITUD": -39.82616, "LONGITUD": -73.230186 }, "geometry": { "type": "Point", "coordinates": [ -73.230186, -39.82616 ] } },
{ "type": "Feature", "properties": { "anio": 2026, "establecimiento": "Colegio Nuestra Senora Del Carmen\nRama", "rbd": 6830, "prueba": "Obligatoria", "promedio": 596.8, "LATITUD": -39.82616, "LONGITUD": -73.230186 }, "geometry": { "type": "Point", "coordinates": [ -73.230186, -39.82616 ] } },
{ "type": "Feature", "properties": { "anio": 2026, "establecimiento": "Colegio Maria Auxiliadora\nRama", "rbd": 6832, "prueba": "Lenguaje", "promedio": 652.9, "LATITUD": -39.817131, "LONGITUD": -73.233849 }, "geometry": { "type": "Point", "coordinates": [ -73.233849, -39.817131 ] } },
{ "type": "Feature", "properties": { "anio": 2026, "establecimiento": "Colegio Maria Auxiliadora\nRama", "rbd": 6832, "prueba": "M1", "promedio": 647.3, "LATITUD": -39.817131, "LONGITUD": -73.233849 }, "geometry": { "type": "Point", "coordinates": [ -73.233849, -39.817131 ] } },
{ "type": "Feature", "properties": { "anio": 2026, "establecimiento": "Colegio Maria Auxiliadora\nRama", "rbd": 6832, "prueba": "M2", "promedio": 396.2, "LATITUD": -39.817131, "LONGITUD": -73.233849 }, "geometry": { "type": "Point", "coordinates": [ -73.233849, -39.817131 ] } },
{ "type": "Feature", "properties": { "anio": 2026, "establecimiento": "Colegio Maria Auxiliadora\nRama", "rbd": 6832, "prueba": "Historia", "promedio": 543.7, "LATITUD": -39.817131, "LONGITUD": -73.233849 }, "geometry": { "type": "Point", "coordinates": [ -73.233849, -39.817131 ] } },
{ "type": "Feature", "properties": { "anio": 2026, "establecimiento": "Colegio Maria Auxiliadora\nRama", "rbd": 6832, "prueba": "Ciencias", "promedio": 491.0, "LATITUD": -39.817131, "LONGITUD": -73.233849 }, "geometry": { "type": "Point", "coordinates": [ -73.233849, -39.817131 ] } },
{ "type": "Feature", "properties": { "anio": 2026, "establecimiento": "Colegio Maria Auxiliadora\nRama", "rbd": 6832, "prueba": "Obligatoria", "promedio": 650.1, "LATITUD": -39.817131, "LONGITUD": -73.233849 }, "geometry": { "type": "Point", "coordinates": [ -73.233849, -39.817131 ] } },
{ "type": "Feature", "properties": { "anio": 2026, "establecimiento": "Colegio Metodista La Trinidad\nRama", "rbd": 6834, "prueba": "Lenguaje", "promedio": 594.8, "LATITUD": -39.828259, "LONGITUD": -73.205551 }, "geometry": { "type": "Point", "coordinates": [ -73.205551, -39.828259 ] } },
{ "type": "Feature", "properties": { "anio": 2026, "establecimiento": "Colegio Metodista La Trinidad\nRama", "rbd": 6834, "prueba": "M1", "promedio": 579.4, "LATITUD": -39.828259, "LONGITUD": -73.205551 }, "geometry": { "type": "Point", "coordinates": [ -73.205551, -39.828259 ] } },
{ "type": "Feature", "properties": { "anio": 2026, "establecimiento": "Colegio Metodista La Trinidad\nRama", "rbd": 6834, "prueba": "M2", "promedio": 366.0, "LATITUD": -39.828259, "LONGITUD": -73.205551 }, "geometry": { "type": "Point", "coordinates": [ -73.205551, -39.828259 ] } },
{ "type": "Feature", "properties": { "anio": 2026, "establecimiento": "Colegio Metodista La Trinidad\nRama", "rbd": 6834, "prueba": "Historia", "promedio": 695.0, "LATITUD": -39.828259, "LONGITUD": -73.205551 }, "geometry": { "type": "Point", "coordinates": [ -73.205551, -39.828259 ] } },
{ "type": "Feature", "properties": { "anio": 2026, "establecimiento": "Colegio Metodista La Trinidad\nRama", "rbd": 6834, "prueba": "Ciencias", "promedio": 458.3, "LATITUD": -39.828259, "LONGITUD": -73.205551 }, "geometry": { "type": "Point", "coordinates": [ -73.205551, -39.828259 ] } },
{ "type": "Feature", "properties": { "anio": 2026, "establecimiento": "Colegio Metodista La Trinidad\nRama", "rbd": 6834, "prueba": "Obligatoria", "promedio": 587.1, "LATITUD": -39.828259, "LONGITUD": -73.205551 }, "geometry": { "type": "Point", "coordinates": [ -73.205551, -39.828259 ] } },
{ "type": "Feature", "properties": { "anio": 2026, "establecimiento": "Colegio Adventista De Valdivia\nRama", "rbd": 6835, "prueba": "Lenguaje", "promedio": 603.4, "LATITUD": -39.830872, "LONGITUD": -73.221642 }, "geometry": { "type": "Point", "coordinates": [ -73.221642, -39.830872 ] } },
{ "type": "Feature", "properties": { "anio": 2026, "establecimiento": "Colegio Adventista De Valdivia\nRama", "rbd": 6835, "prueba": "M1", "promedio": 619.9, "LATITUD": -39.830872, "LONGITUD": -73.221642 }, "geometry": { "type": "Point", "coordinates": [ -73.221642, -39.830872 ] } },
{ "type": "Feature", "properties": { "anio": 2026, "establecimiento": "Colegio Adventista De Valdivia\nRama", "rbd": 6835, "prueba": "M2", "promedio": 411.6, "LATITUD": -39.830872, "LONGITUD": -73.221642 }, "geometry": { "type": "Point", "coordinates": [ -73.221642, -39.830872 ] } },
{ "type": "Feature", "properties": { "anio": 2026, "establecimiento": "Colegio Adventista De Valdivia\nRama", "rbd": 6835, "prueba": "Historia", "promedio": 482.9, "LATITUD": -39.830872, "LONGITUD": -73.221642 }, "geometry": { "type": "Point", "coordinates": [ -73.221642, -39.830872 ] } },
{ "type": "Feature", "properties": { "anio": 2026, "establecimiento": "Colegio Adventista De Valdivia\nRama", "rbd": 6835, "prueba": "Ciencias", "promedio": 483.4, "LATITUD": -39.830872, "LONGITUD": -73.221642 }, "geometry": { "type": "Point", "coordinates": [ -73.221642, -39.830872 ] } },
{ "type": "Feature", "properties": { "anio": 2026, "establecimiento": "Colegio Adventista De Valdivia\nRama", "rbd": 6835, "prueba": "Obligatoria", "promedio": 613.7, "LATITUD": -39.830872, "LONGITUD": -73.221642 }, "geometry": { "type": "Point", "coordinates": [ -73.221642, -39.830872 ] } },
{ "type": "Feature", "properties": { "anio": 2026, "establecimiento": "Colegio Alonso De Ercilla\nRama", "rbd": 6836, "prueba": "Lenguaje", "promedio": 627.0, "LATITUD": -39.819752, "LONGITUD": -73.248978 }, "geometry": { "type": "Point", "coordinates": [ -73.248978, -39.819752 ] } },
{ "type": "Feature", "properties": { "anio": 2026, "establecimiento": "Colegio Alonso De Ercilla\nRama", "rbd": 6836, "prueba": "M1", "promedio": 652.9, "LATITUD": -39.819752, "LONGITUD": -73.248978 }, "geometry": { "type": "Point", "coordinates": [ -73.248978, -39.819752 ] } },
{ "type": "Feature", "properties": { "anio": 2026, "establecimiento": "Colegio Alonso De Ercilla\nRama", "rbd": 6836, "prueba": "M2", "promedio": 460.4, "LATITUD": -39.819752, "LONGITUD": -73.248978 }, "geometry": { "type": "Point", "coordinates": [ -73.248978, -39.819752 ] } },
{ "type": "Feature", "properties": { "anio": 2026, "establecimiento": "Colegio Alonso De Ercilla\nRama", "rbd": 6836, "prueba": "Historia", "promedio": 538.8, "LATITUD": -39.819752, "LONGITUD": -73.248978 }, "geometry": { "type": "Point", "coordinates": [ -73.248978, -39.819752 ] } },
{ "type": "Feature", "properties": { "anio": 2026, "establecimiento": "Colegio Alonso De Ercilla\nRama", "rbd": 6836, "prueba": "Ciencias", "promedio": 486.5, "LATITUD": -39.819752, "LONGITUD": -73.248978 }, "geometry": { "type": "Point", "coordinates": [ -73.248978, -39.819752 ] } },
{ "type": "Feature", "properties": { "anio": 2026, "establecimiento": "Colegio Alonso De Ercilla\nRama", "rbd": 6836, "prueba": "Obligatoria", "promedio": 642.0, "LATITUD": -39.819752, "LONGITUD": -73.248978 }, "geometry": { "type": "Point", "coordinates": [ -73.248978, -39.819752 ] } },
{ "type": "Feature", "properties": { "anio": 2026, "establecimiento": "Colegio Windsor School\nRama", "rbd": 6843, "prueba": "Lenguaje", "promedio": 729.9, "LATITUD": -39.833375, "LONGITUD": -73.24143 }, "geometry": { "type": "Point", "coordinates": [ -73.24143, -39.833375 ] } },
{ "type": "Feature", "properties": { "anio": 2026, "establecimiento": "Colegio Windsor School\nRama", "rbd": 6843, "prueba": "M1", "promedio": 805.3, "LATITUD": -39.833375, "LONGITUD": -73.24143 }, "geometry": { "type": "Point", "coordinates": [ -73.24143, -39.833375 ] } },
{ "type": "Feature", "properties": { "anio": 2026, "establecimiento": "Colegio Windsor School\nRama", "rbd": 6843, "prueba": "M2", "promedio": 584.4, "LATITUD": -39.833375, "LONGITUD": -73.24143 }, "geometry": { "type": "Point", "coordinates": [ -73.24143, -39.833375 ] } },
{ "type": "Feature", "properties": { "anio": 2026, "establecimiento": "Colegio Windsor School\nRama", "rbd": 6843, "prueba": "Historia", "promedio": 610.7, "LATITUD": -39.833375, "LONGITUD": -73.24143 }, "geometry": { "type": "Point", "coordinates": [ -73.24143, -39.833375 ] } },
{ "type": "Feature", "properties": { "anio": 2026, "establecimiento": "Colegio Windsor School\nRama", "rbd": 6843, "prueba": "Ciencias", "promedio": 639.7, "LATITUD": -39.833375, "LONGITUD": -73.24143 }, "geometry": { "type": "Point", "coordinates": [ -73.24143, -39.833375 ] } },
{ "type": "Feature", "properties": { "anio": 2026, "establecimiento": "Colegio Windsor School\nRama", "rbd": 6843, "prueba": "Obligatoria", "promedio": 767.6, "LATITUD": -39.833375, "LONGITUD": -73.24143 }, "geometry": { "type": "Point", "coordinates": [ -73.24143, -39.833375 ] } },
{ "type": "Feature", "properties": { "anio": 2026, "establecimiento": "Instituto Aleman Carlos Anwandter\nRama", "rbd": 6844, "prueba": "Lenguaje", "promedio": 724.7, "LATITUD": -39.811772, "LONGITUD": -73.25277 }, "geometry": { "type": "Point", "coordinates": [ -73.25277, -39.811772 ] } },
{ "type": "Feature", "properties": { "anio": 2026, "establecimiento": "Instituto Aleman Carlos Anwandter\nRama", "rbd": 6844, "prueba": "M1", "promedio": 816.5, "LATITUD": -39.811772, "LONGITUD": -73.25277 }, "geometry": { "type": "Point", "coordinates": [ -73.25277, -39.811772 ] } },
{ "type": "Feature", "properties": { "anio": 2026, "establecimiento": "Instituto Aleman Carlos Anwandter\nRama", "rbd": 6844, "prueba": "M2", "promedio": 513.4, "LATITUD": -39.811772, "LONGITUD": -73.25277 }, "geometry": { "type": "Point", "coordinates": [ -73.25277, -39.811772 ] } },
{ "type": "Feature", "properties": { "anio": 2026, "establecimiento": "Instituto Aleman Carlos Anwandter\nRama", "rbd": 6844, "prueba": "Historia", "promedio": 578.4, "LATITUD": -39.811772, "LONGITUD": -73.25277 }, "geometry": { "type": "Point", "coordinates": [ -73.25277, -39.811772 ] } },
{ "type": "Feature", "properties": { "anio": 2026, "establecimiento": "Instituto Aleman Carlos Anwandter\nRama", "rbd": 6844, "prueba": "Ciencias", "promedio": 612.2, "LATITUD": -39.811772, "LONGITUD": -73.25277 }, "geometry": { "type": "Point", "coordinates": [ -73.25277, -39.811772 ] } },
{ "type": "Feature", "properties": { "anio": 2026, "establecimiento": "Instituto Aleman Carlos Anwandter\nRama", "rbd": 6844, "prueba": "Obligatoria", "promedio": 770.2, "LATITUD": -39.811772, "LONGITUD": -73.25277 }, "geometry": { "type": "Point", "coordinates": [ -73.25277, -39.811772 ] } },
{ "type": "Feature", "properties": { "anio": 2026, "establecimiento": "Liceo San Luis De Alba\nRama", "rbd": 6846, "prueba": "Lenguaje", "promedio": 603.8, "LATITUD": -39.537159, "LONGITUD": -72.958687 }, "geometry": { "type": "Point", "coordinates": [ -72.958687, -39.537159 ] } },
{ "type": "Feature", "properties": { "anio": 2026, "establecimiento": "Liceo San Luis De Alba\nRama", "rbd": 6846, "prueba": "M1", "promedio": 568.9, "LATITUD": -39.537159, "LONGITUD": -72.958687 }, "geometry": { "type": "Point", "coordinates": [ -72.958687, -39.537159 ] } },
{ "type": "Feature", "properties": { "anio": 2026, "establecimiento": "Liceo San Luis De Alba\nRama", "rbd": 6846, "prueba": "M2", "promedio": 359.0, "LATITUD": -39.537159, "LONGITUD": -72.958687 }, "geometry": { "type": "Point", "coordinates": [ -72.958687, -39.537159 ] } },
{ "type": "Feature", "properties": { "anio": 2026, "establecimiento": "Liceo San Luis De Alba\nRama", "rbd": 6846, "prueba": "Historia", "promedio": 452.7, "LATITUD": -39.537159, "LONGITUD": -72.958687 }, "geometry": { "type": "Point", "coordinates": [ -72.958687, -39.537159 ] } },
{ "type": "Feature", "properties": { "anio": 2026, "establecimiento": "Liceo San Luis De Alba\nRama", "rbd": 6846, "prueba": "Ciencias", "promedio": 427.1, "LATITUD": -39.537159, "LONGITUD": -72.958687 }, "geometry": { "type": "Point", "coordinates": [ -72.958687, -39.537159 ] } },
{ "type": "Feature", "properties": { "anio": 2026, "establecimiento": "Liceo San Luis De Alba\nRama", "rbd": 6846, "prueba": "Obligatoria", "promedio": 586.4, "LATITUD": -39.537159, "LONGITUD": -72.958687 }, "geometry": { "type": "Point", "coordinates": [ -72.958687, -39.537159 ] } },
{ "type": "Feature", "properties": { "anio": 2026, "establecimiento": "Liceo San Luis De Alba\nRama", "rbd": 6846, "prueba": "Lenguaje", "promedio": 466.8, "LATITUD": -39.537159, "LONGITUD": -72.958687 }, "geometry": { "type": "Point", "coordinates": [ -72.958687, -39.537159 ] } },
{ "type": "Feature", "properties": { "anio": 2026, "establecimiento": "Liceo San Luis De Alba\nRama", "rbd": 6846, "prueba": "M1", "promedio": 479.3, "LATITUD": -39.537159, "LONGITUD": -72.958687 }, "geometry": { "type": "Point", "coordinates": [ -72.958687, -39.537159 ] } },
{ "type": "Feature", "properties": { "anio": 2026, "establecimiento": "Liceo San Luis De Alba\nRama", "rbd": 6846, "prueba": "M2", "promedio": 350.0, "LATITUD": -39.537159, "LONGITUD": -72.958687 }, "geometry": { "type": "Point", "coordinates": [ -72.958687, -39.537159 ] } },
{ "type": "Feature", "properties": { "anio": 2026, "establecimiento": "Liceo San Luis De Alba\nRama", "rbd": 6846, "prueba": "Historia", "promedio": 408.7, "LATITUD": -39.537159, "LONGITUD": -72.958687 }, "geometry": { "type": "Point", "coordinates": [ -72.958687, -39.537159 ] } },
{ "type": "Feature", "properties": { "anio": 2026, "establecimiento": "Liceo San Luis De Alba\nRama", "rbd": 6846, "prueba": "Ciencias", "promedio": 378.9, "LATITUD": -39.537159, "LONGITUD": -72.958687 }, "geometry": { "type": "Point", "coordinates": [ -72.958687, -39.537159 ] } },
{ "type": "Feature", "properties": { "anio": 2026, "establecimiento": "Liceo San Luis De Alba\nRama", "rbd": 6846, "prueba": "Obligatoria", "promedio": 473.8, "LATITUD": -39.537159, "LONGITUD": -72.958687 }, "geometry": { "type": "Point", "coordinates": [ -72.958687, -39.537159 ] } },
{ "type": "Feature", "properties": { "anio": 2026, "establecimiento": "Liceo San Luis De Alba\nRama", "rbd": 6846, "prueba": "Lenguaje", "promedio": 452.5, "LATITUD": -39.537159, "LONGITUD": -72.958687 }, "geometry": { "type": "Point", "coordinates": [ -72.958687, -39.537159 ] } },
{ "type": "Feature", "properties": { "anio": 2026, "establecimiento": "Liceo San Luis De Alba\nRama", "rbd": 6846, "prueba": "M1", "promedio": 486.3, "LATITUD": -39.537159, "LONGITUD": -72.958687 }, "geometry": { "type": "Point", "coordinates": [ -72.958687, -39.537159 ] } },
{ "type": "Feature", "properties": { "anio": 2026, "establecimiento": "Liceo San Luis De Alba\nRama", "rbd": 6846, "prueba": "M2", "promedio": 366.0, "LATITUD": -39.537159, "LONGITUD": -72.958687 }, "geometry": { "type": "Point", "coordinates": [ -72.958687, -39.537159 ] } },
{ "type": "Feature", "properties": { "anio": 2026, "establecimiento": "Liceo San Luis De Alba\nRama", "rbd": 6846, "prueba": "Historia", "promedio": 360.0, "LATITUD": -39.537159, "LONGITUD": -72.958687 }, "geometry": { "type": "Point", "coordinates": [ -72.958687, -39.537159 ] } },
{ "type": "Feature", "properties": { "anio": 2026, "establecimiento": "Liceo San Luis De Alba\nRama", "rbd": 6846, "prueba": "Ciencias", "promedio": 0.0, "LATITUD": -39.537159, "LONGITUD": -72.958687 }, "geometry": { "type": "Point", "coordinates": [ -72.958687, -39.537159 ] } },
{ "type": "Feature", "properties": { "anio": 2026, "establecimiento": "Liceo San Luis De Alba\nRama", "rbd": 6846, "prueba": "Obligatoria", "promedio": 483.3, "LATITUD": -39.537159, "LONGITUD": -72.958687 }, "geometry": { "type": "Point", "coordinates": [ -72.958687, -39.537159 ] } },
{ "type": "Feature", "properties": { "anio": 2026, "establecimiento": "Liceo San Luis De Alba\nRama", "rbd": 6846, "prueba": "Lenguaje", "promedio": 650.0, "LATITUD": -39.537159, "LONGITUD": -72.958687 }, "geometry": { "type": "Point", "coordinates": [ -72.958687, -39.537159 ] } },
{ "type": "Feature", "properties": { "anio": 2026, "establecimiento": "Liceo San Luis De Alba\nRama", "rbd": 6846, "prueba": "M1", "promedio": 595.0, "LATITUD": -39.537159, "LONGITUD": -72.958687 }, "geometry": { "type": "Point", "coordinates": [ -72.958687, -39.537159 ] } },
{ "type": "Feature", "properties": { "anio": 2026, "establecimiento": "Liceo San Luis De Alba\nRama", "rbd": 6846, "prueba": "M2", "promedio": 423.0, "LATITUD": -39.537159, "LONGITUD": -72.958687 }, "geometry": { "type": "Point", "coordinates": [ -72.958687, -39.537159 ] } },
{ "type": "Feature", "properties": { "anio": 2026, "establecimiento": "Liceo San Luis De Alba\nRama", "rbd": 6846, "prueba": "Historia", "promedio": 0.0, "LATITUD": -39.537159, "LONGITUD": -72.958687 }, "geometry": { "type": "Point", "coordinates": [ -72.958687, -39.537159 ] } },
{ "type": "Feature", "properties": { "anio": 2026, "establecimiento": "Liceo San Luis De Alba\nRama", "rbd": 6846, "prueba": "Ciencias", "promedio": 402.0, "LATITUD": -39.537159, "LONGITUD": -72.958687 }, "geometry": { "type": "Point", "coordinates": [ -72.958687, -39.537159 ] } },
{ "type": "Feature", "properties": { "anio": 2026, "establecimiento": "Liceo San Luis De Alba\nRama", "rbd": 6846, "prueba": "Obligatoria", "promedio": 622.5, "LATITUD": -39.537159, "LONGITUD": -72.958687 }, "geometry": { "type": "Point", "coordinates": [ -72.958687, -39.537159 ] } },
{ "type": "Feature", "properties": { "anio": 2026, "establecimiento": "Liceo Politecnico Pesquero\nRama", "rbd": 6853, "prueba": "Lenguaje", "promedio": 421.0, "LATITUD": -39.435989, "LONGITUD": -73.211281 }, "geometry": { "type": "Point", "coordinates": [ -73.211281, -39.435989 ] } },
{ "type": "Feature", "properties": { "anio": 2026, "establecimiento": "Liceo Politecnico Pesquero\nRama", "rbd": 6853, "prueba": "M1", "promedio": 513.5, "LATITUD": -39.435989, "LONGITUD": -73.211281 }, "geometry": { "type": "Point", "coordinates": [ -73.211281, -39.435989 ] } },
{ "type": "Feature", "properties": { "anio": 2026, "establecimiento": "Liceo Politecnico Pesquero\nRama", "rbd": 6853, "prueba": "M2", "promedio": 349.0, "LATITUD": -39.435989, "LONGITUD": -73.211281 }, "geometry": { "type": "Point", "coordinates": [ -73.211281, -39.435989 ] } },
{ "type": "Feature", "properties": { "anio": 2026, "establecimiento": "Liceo Politecnico Pesquero\nRama", "rbd": 6853, "prueba": "Historia", "promedio": 476.0, "LATITUD": -39.435989, "LONGITUD": -73.211281 }, "geometry": { "type": "Point", "coordinates": [ -73.211281, -39.435989 ] } },
{ "type": "Feature", "properties": { "anio": 2026, "establecimiento": "Liceo Politecnico Pesquero\nRama", "rbd": 6853, "prueba": "Ciencias", "promedio": 360.5, "LATITUD": -39.435989, "LONGITUD": -73.211281 }, "geometry": { "type": "Point", "coordinates": [ -73.211281, -39.435989 ] } },
{ "type": "Feature", "properties": { "anio": 2026, "establecimiento": "Liceo Politecnico Pesquero\nRama", "rbd": 6853, "prueba": "Obligatoria", "promedio": 467.3, "LATITUD": -39.435989, "LONGITUD": -73.211281 }, "geometry": { "type": "Point", "coordinates": [ -73.211281, -39.435989 ] } },
{ "type": "Feature", "properties": { "anio": 2026, "establecimiento": "Liceo Bicentenario Santa Cruz\nRama", "rbd": 6895, "prueba": "Lenguaje", "promedio": 565.9, "LATITUD": -39.53957, "LONGITUD": -72.961937 }, "geometry": { "type": "Point", "coordinates": [ -72.961937, -39.53957 ] } },
{ "type": "Feature", "properties": { "anio": 2026, "establecimiento": "Liceo Bicentenario Santa Cruz\nRama", "rbd": 6895, "prueba": "M1", "promedio": 558.9, "LATITUD": -39.53957, "LONGITUD": -72.961937 }, "geometry": { "type": "Point", "coordinates": [ -72.961937, -39.53957 ] } },
{ "type": "Feature", "properties": { "anio": 2026, "establecimiento": "Liceo Bicentenario Santa Cruz\nRama", "rbd": 6895, "prueba": "M2", "promedio": 395.8, "LATITUD": -39.53957, "LONGITUD": -72.961937 }, "geometry": { "type": "Point", "coordinates": [ -72.961937, -39.53957 ] } },
{ "type": "Feature", "properties": { "anio": 2026, "establecimiento": "Liceo Bicentenario Santa Cruz\nRama", "rbd": 6895, "prueba": "Historia", "promedio": 482.3, "LATITUD": -39.53957, "LONGITUD": -72.961937 }, "geometry": { "type": "Point", "coordinates": [ -72.961937, -39.53957 ] } },
{ "type": "Feature", "properties": { "anio": 2026, "establecimiento": "Liceo Bicentenario Santa Cruz\nRama", "rbd": 6895, "prueba": "Ciencias", "promedio": 416.9, "LATITUD": -39.53957, "LONGITUD": -72.961937 }, "geometry": { "type": "Point", "coordinates": [ -72.961937, -39.53957 ] } },
{ "type": "Feature", "properties": { "anio": 2026, "establecimiento": "Liceo Bicentenario Santa Cruz\nRama", "rbd": 6895, "prueba": "Obligatoria", "promedio": 563.0, "LATITUD": -39.53957, "LONGITUD": -72.961937 }, "geometry": { "type": "Point", "coordinates": [ -72.961937, -39.53957 ] } },
{ "type": "Feature", "properties": { "anio": 2026, "establecimiento": "Seminario San Fidel\nRama", "rbd": 6896, "prueba": "Lenguaje", "promedio": 626.8, "LATITUD": -39.541981, "LONGITUD": -72.96991 }, "geometry": { "type": "Point", "coordinates": [ -72.96991, -39.541981 ] } },
{ "type": "Feature", "properties": { "anio": 2026, "establecimiento": "Seminario San Fidel\nRama", "rbd": 6896, "prueba": "M1", "promedio": 639.6, "LATITUD": -39.541981, "LONGITUD": -72.96991 }, "geometry": { "type": "Point", "coordinates": [ -72.96991, -39.541981 ] } },
{ "type": "Feature", "properties": { "anio": 2026, "establecimiento": "Seminario San Fidel\nRama", "rbd": 6896, "prueba": "M2", "promedio": 444.3, "LATITUD": -39.541981, "LONGITUD": -72.96991 }, "geometry": { "type": "Point", "coordinates": [ -72.96991, -39.541981 ] } },
{ "type": "Feature", "properties": { "anio": 2026, "establecimiento": "Seminario San Fidel\nRama", "rbd": 6896, "prueba": "Historia", "promedio": 542.5, "LATITUD": -39.541981, "LONGITUD": -72.96991 }, "geometry": { "type": "Point", "coordinates": [ -72.96991, -39.541981 ] } },
{ "type": "Feature", "properties": { "anio": 2026, "establecimiento": "Seminario San Fidel\nRama", "rbd": 6896, "prueba": "Ciencias", "promedio": 465.5, "LATITUD": -39.541981, "LONGITUD": -72.96991 }, "geometry": { "type": "Point", "coordinates": [ -72.96991, -39.541981 ] } },
{ "type": "Feature", "properties": { "anio": 2026, "establecimiento": "Seminario San Fidel\nRama", "rbd": 6896, "prueba": "Obligatoria", "promedio": 633.5, "LATITUD": -39.541981, "LONGITUD": -72.96991 }, "geometry": { "type": "Point", "coordinates": [ -72.96991, -39.541981 ] } },
{ "type": "Feature", "properties": { "anio": 2026, "establecimiento": "Liceo Bicentenario De Excelencia Camilo Henriquez G\nRama", "rbd": 6897, "prueba": "Lenguaje", "promedio": 574.1, "LATITUD": -39.45113, "LONGITUD": -72.771851 }, "geometry": { "type": "Point", "coordinates": [ -72.771851, -39.45113 ] } },
{ "type": "Feature", "properties": { "anio": 2026, "establecimiento": "Liceo Bicentenario De Excelencia Camilo Henriquez G\nRama", "rbd": 6897, "prueba": "M1", "promedio": 593.3, "LATITUD": -39.45113, "LONGITUD": -72.771851 }, "geometry": { "type": "Point", "coordinates": [ -72.771851, -39.45113 ] } },
{ "type": "Feature", "properties": { "anio": 2026, "establecimiento": "Liceo Bicentenario De Excelencia Camilo Henriquez G\nRama", "rbd": 6897, "prueba": "M2", "promedio": 392.2, "LATITUD": -39.45113, "LONGITUD": -72.771851 }, "geometry": { "type": "Point", "coordinates": [ -72.771851, -39.45113 ] } },
{ "type": "Feature", "properties": { "anio": 2026, "establecimiento": "Liceo Bicentenario De Excelencia Camilo Henriquez G\nRama", "rbd": 6897, "prueba": "Historia", "promedio": 460.5, "LATITUD": -39.45113, "LONGITUD": -72.771851 }, "geometry": { "type": "Point", "coordinates": [ -72.771851, -39.45113 ] } },
{ "type": "Feature", "properties": { "anio": 2026, "establecimiento": "Liceo Bicentenario De Excelencia Camilo Henriquez G\nRama", "rbd": 6897, "prueba": "Ciencias", "promedio": 426.2, "LATITUD": -39.45113, "LONGITUD": -72.771851 }, "geometry": { "type": "Point", "coordinates": [ -72.771851, -39.45113 ] } },
{ "type": "Feature", "properties": { "anio": 2026, "establecimiento": "Liceo Bicentenario De Excelencia Camilo Henriquez G\nRama", "rbd": 6897, "prueba": "Obligatoria", "promedio": 587.4, "LATITUD": -39.45113, "LONGITUD": -72.771851 }, "geometry": { "type": "Point", "coordinates": [ -72.771851, -39.45113 ] } },
{ "type": "Feature", "properties": { "anio": 2026, "establecimiento": "Liceo Bicentenario De Excelencia Camilo Henriquez G\nRama", "rbd": 6897, "prueba": "Lenguaje", "promedio": 517.7, "LATITUD": -39.45113, "LONGITUD": -72.771851 }, "geometry": { "type": "Point", "coordinates": [ -72.771851, -39.45113 ] } },
{ "type": "Feature", "properties": { "anio": 2026, "establecimiento": "Liceo Bicentenario De Excelencia Camilo Henriquez G\nRama", "rbd": 6897, "prueba": "M1", "promedio": 554.0, "LATITUD": -39.45113, "LONGITUD": -72.771851 }, "geometry": { "type": "Point", "coordinates": [ -72.771851, -39.45113 ] } },
{ "type": "Feature", "properties": { "anio": 2026, "establecimiento": "Liceo Bicentenario De Excelencia Camilo Henriquez G\nRama", "rbd": 6897, "prueba": "M2", "promedio": 374.0, "LATITUD": -39.45113, "LONGITUD": -72.771851 }, "geometry": { "type": "Point", "coordinates": [ -72.771851, -39.45113 ] } },
{ "type": "Feature", "properties": { "anio": 2026, "establecimiento": "Liceo Bicentenario De Excelencia Camilo Henriquez G\nRama", "rbd": 6897, "prueba": "Historia", "promedio": 449.3, "LATITUD": -39.45113, "LONGITUD": -72.771851 }, "geometry": { "type": "Point", "coordinates": [ -72.771851, -39.45113 ] } },
{ "type": "Feature", "properties": { "anio": 2026, "establecimiento": "Liceo Bicentenario De Excelencia Camilo Henriquez G\nRama", "rbd": 6897, "prueba": "Ciencias", "promedio": 388.8, "LATITUD": -39.45113, "LONGITUD": -72.771851 }, "geometry": { "type": "Point", "coordinates": [ -72.771851, -39.45113 ] } },
{ "type": "Feature", "properties": { "anio": 2026, "establecimiento": "Liceo Bicentenario De Excelencia Camilo Henriquez G\nRama", "rbd": 6897, "prueba": "Obligatoria", "promedio": 537.9, "LATITUD": -39.45113, "LONGITUD": -72.771851 }, "geometry": { "type": "Point", "coordinates": [ -72.771851, -39.45113 ] } },
{ "type": "Feature", "properties": { "anio": 2026, "establecimiento": "Liceo Bicentenario De Excelencia Camilo Henriquez G\nRama", "rbd": 6897, "prueba": "Lenguaje", "promedio": 500.1, "LATITUD": -39.45113, "LONGITUD": -72.771851 }, "geometry": { "type": "Point", "coordinates": [ -72.771851, -39.45113 ] } },
{ "type": "Feature", "properties": { "anio": 2026, "establecimiento": "Liceo Bicentenario De Excelencia Camilo Henriquez G\nRama", "rbd": 6897, "prueba": "M1", "promedio": 547.6, "LATITUD": -39.45113, "LONGITUD": -72.771851 }, "geometry": { "type": "Point", "coordinates": [ -72.771851, -39.45113 ] } },
{ "type": "Feature", "properties": { "anio": 2026, "establecimiento": "Liceo Bicentenario De Excelencia Camilo Henriquez G\nRama", "rbd": 6897, "prueba": "M2", "promedio": 390.0, "LATITUD": -39.45113, "LONGITUD": -72.771851 }, "geometry": { "type": "Point", "coordinates": [ -72.771851, -39.45113 ] } },
{ "type": "Feature", "properties": { "anio": 2026, "establecimiento": "Liceo Bicentenario De Excelencia Camilo Henriquez G\nRama", "rbd": 6897, "prueba": "Historia", "promedio": 390.6, "LATITUD": -39.45113, "LONGITUD": -72.771851 }, "geometry": { "type": "Point", "coordinates": [ -72.771851, -39.45113 ] } },
{ "type": "Feature", "properties": { "anio": 2026, "establecimiento": "Liceo Bicentenario De Excelencia Camilo Henriquez G\nRama", "rbd": 6897, "prueba": "Ciencias", "promedio": 377.6, "LATITUD": -39.45113, "LONGITUD": -72.771851 }, "geometry": { "type": "Point", "coordinates": [ -72.771851, -39.45113 ] } },
{ "type": "Feature", "properties": { "anio": 2026, "establecimiento": "Liceo Bicentenario De Excelencia Camilo Henriquez G\nRama", "rbd": 6897, "prueba": "Obligatoria", "promedio": 532.5, "LATITUD": -39.45113, "LONGITUD": -72.771851 }, "geometry": { "type": "Point", "coordinates": [ -72.771851, -39.45113 ] } },
{ "type": "Feature", "properties": { "anio": 2026, "establecimiento": "Liceo Bicentenario De Excelencia Camilo Henriquez G\nRama", "rbd": 6897, "prueba": "Lenguaje", "promedio": 489.4, "LATITUD": -39.45113, "LONGITUD": -72.771851 }, "geometry": { "type": "Point", "coordinates": [ -72.771851, -39.45113 ] } },
{ "type": "Feature", "properties": { "anio": 2026, "establecimiento": "Liceo Bicentenario De Excelencia Camilo Henriquez G\nRama", "rbd": 6897, "prueba": "M1", "promedio": 475.1, "LATITUD": -39.45113, "LONGITUD": -72.771851 }, "geometry": { "type": "Point", "coordinates": [ -72.771851, -39.45113 ] } },
{ "type": "Feature", "properties": { "anio": 2026, "establecimiento": "Liceo Bicentenario De Excelencia Camilo Henriquez G\nRama", "rbd": 6897, "prueba": "M2", "promedio": 413.7, "LATITUD": -39.45113, "LONGITUD": -72.771851 }, "geometry": { "type": "Point", "coordinates": [ -72.771851, -39.45113 ] } },
{ "type": "Feature", "properties": { "anio": 2026, "establecimiento": "Liceo Bicentenario De Excelencia Camilo Henriquez G\nRama", "rbd": 6897, "prueba": "Historia", "promedio": 427.0, "LATITUD": -39.45113, "LONGITUD": -72.771851 }, "geometry": { "type": "Point", "coordinates": [ -72.771851, -39.45113 ] } },
{ "type": "Feature", "properties": { "anio": 2026, "establecimiento": "Liceo Bicentenario De Excelencia Camilo Henriquez G\nRama", "rbd": 6897, "prueba": "Ciencias", "promedio": 383.2, "LATITUD": -39.45113, "LONGITUD": -72.771851 }, "geometry": { "type": "Point", "coordinates": [ -72.771851, -39.45113 ] } },
{ "type": "Feature", "properties": { "anio": 2026, "establecimiento": "Liceo Bicentenario De Excelencia Camilo Henriquez G\nRama", "rbd": 6897, "prueba": "Obligatoria", "promedio": 482.3, "LATITUD": -39.45113, "LONGITUD": -72.771851 }, "geometry": { "type": "Point", "coordinates": [ -72.771851, -39.45113 ] } },
{ "type": "Feature", "properties": { "anio": 2026, "establecimiento": "Liceo Republica Del Brasil\nRama", "rbd": 6899, "prueba": "Lenguaje", "promedio": 552.7, "LATITUD": -39.539982, "LONGITUD": -72.508507 }, "geometry": { "type": "Point", "coordinates": [ -72.508507, -39.539982 ] } },
{ "type": "Feature", "properties": { "anio": 2026, "establecimiento": "Liceo Republica Del Brasil\nRama", "rbd": 6899, "prueba": "M1", "promedio": 583.9, "LATITUD": -39.539982, "LONGITUD": -72.508507 }, "geometry": { "type": "Point", "coordinates": [ -72.508507, -39.539982 ] } },
{ "type": "Feature", "properties": { "anio": 2026, "establecimiento": "Liceo Republica Del Brasil\nRama", "rbd": 6899, "prueba": "M2", "promedio": 386.6, "LATITUD": -39.539982, "LONGITUD": -72.508507 }, "geometry": { "type": "Point", "coordinates": [ -72.508507, -39.539982 ] } },
{ "type": "Feature", "properties": { "anio": 2026, "establecimiento": "Liceo Republica Del Brasil\nRama", "rbd": 6899, "prueba": "Historia", "promedio": 497.2, "LATITUD": -39.539982, "LONGITUD": -72.508507 }, "geometry": { "type": "Point", "coordinates": [ -72.508507, -39.539982 ] } },
{ "type": "Feature", "properties": { "anio": 2026, "establecimiento": "Liceo Republica Del Brasil\nRama", "rbd": 6899, "prueba": "Ciencias", "promedio": 406.3, "LATITUD": -39.539982, "LONGITUD": -72.508507 }, "geometry": { "type": "Point", "coordinates": [ -72.508507, -39.539982 ] } },
{ "type": "Feature", "properties": { "anio": 2026, "establecimiento": "Liceo Republica Del Brasil\nRama", "rbd": 6899, "prueba": "Obligatoria", "promedio": 568.3, "LATITUD": -39.539982, "LONGITUD": -72.508507 }, "geometry": { "type": "Point", "coordinates": [ -72.508507, -39.539982 ] } },
{ "type": "Feature", "properties": { "anio": 2026, "establecimiento": "Liceo Padre Alcuino\nRama", "rbd": 6922, "prueba": "Lenguaje", "promedio": 515.5, "LATITUD": -39.538731, "LONGITUD": -72.508324 }, "geometry": { "type": "Point", "coordinates": [ -72.508324, -39.538731 ] } },
{ "type": "Feature", "properties": { "anio": 2026, "establecimiento": "Liceo Padre Alcuino\nRama", "rbd": 6922, "prueba": "M1", "promedio": 552.9, "LATITUD": -39.538731, "LONGITUD": -72.508324 }, "geometry": { "type": "Point", "coordinates": [ -72.508324, -39.538731 ] } },
{ "type": "Feature", "properties": { "anio": 2026, "establecimiento": "Liceo Padre Alcuino\nRama", "rbd": 6922, "prueba": "M2", "promedio": 384.9, "LATITUD": -39.538731, "LONGITUD": -72.508324 }, "geometry": { "type": "Point", "coordinates": [ -72.508324, -39.538731 ] } },
{ "type": "Feature", "properties": { "anio": 2026, "establecimiento": "Liceo Padre Alcuino\nRama", "rbd": 6922, "prueba": "Historia", "promedio": 439.1, "LATITUD": -39.538731, "LONGITUD": -72.508324 }, "geometry": { "type": "Point", "coordinates": [ -72.508324, -39.538731 ] } },
{ "type": "Feature", "properties": { "anio": 2026, "establecimiento": "Liceo Padre Alcuino\nRama", "rbd": 6922, "prueba": "Ciencias", "promedio": 419.4, "LATITUD": -39.538731, "LONGITUD": -72.508324 }, "geometry": { "type": "Point", "coordinates": [ -72.508324, -39.538731 ] } },
{ "type": "Feature", "properties": { "anio": 2026, "establecimiento": "Liceo Padre Alcuino\nRama", "rbd": 6922, "prueba": "Obligatoria", "promedio": 534.2, "LATITUD": -39.538731, "LONGITUD": -72.508324 }, "geometry": { "type": "Point", "coordinates": [ -72.508324, -39.538731 ] } },
{ "type": "Feature", "properties": { "anio": 2026, "establecimiento": "Liceo Padre Alcuino\nRama", "rbd": 6922, "prueba": "Lenguaje", "promedio": 569.0, "LATITUD": -39.538731, "LONGITUD": -72.508324 }, "geometry": { "type": "Point", "coordinates": [ -72.508324, -39.538731 ] } },
{ "type": "Feature", "properties": { "anio": 2026, "establecimiento": "Liceo Padre Alcuino\nRama", "rbd": 6922, "prueba": "M1", "promedio": 571.7, "LATITUD": -39.538731, "LONGITUD": -72.508324 }, "geometry": { "type": "Point", "coordinates": [ -72.508324, -39.538731 ] } },
{ "type": "Feature", "properties": { "anio": 2026, "establecimiento": "Liceo Padre Alcuino\nRama", "rbd": 6922, "prueba": "M2", "promedio": 393.5, "LATITUD": -39.538731, "LONGITUD": -72.508324 }, "geometry": { "type": "Point", "coordinates": [ -72.508324, -39.538731 ] } },
{ "type": "Feature", "properties": { "anio": 2026, "establecimiento": "Liceo Padre Alcuino\nRama", "rbd": 6922, "prueba": "Historia", "promedio": 415.7, "LATITUD": -39.538731, "LONGITUD": -72.508324 }, "geometry": { "type": "Point", "coordinates": [ -72.508324, -39.538731 ] } },
{ "type": "Feature", "properties": { "anio": 2026, "establecimiento": "Liceo Padre Alcuino\nRama", "rbd": 6922, "prueba": "Ciencias", "promedio": 398.5, "LATITUD": -39.538731, "LONGITUD": -72.508324 }, "geometry": { "type": "Point", "coordinates": [ -72.508324, -39.538731 ] } },
{ "type": "Feature", "properties": { "anio": 2026, "establecimiento": "Liceo Padre Alcuino\nRama", "rbd": 6922, "prueba": "Obligatoria", "promedio": 570.3, "LATITUD": -39.538731, "LONGITUD": -72.508324 }, "geometry": { "type": "Point", "coordinates": [ -72.508324, -39.538731 ] } },
{ "type": "Feature", "properties": { "anio": 2026, "establecimiento": "Colegio Maria Reina\nRama", "rbd": 6925, "prueba": "Lenguaje", "promedio": 453.8, "LATITUD": -39.480652, "LONGITUD": -72.694054 }, "geometry": { "type": "Point", "coordinates": [ -72.694054, -39.480652 ] } },
{ "type": "Feature", "properties": { "anio": 2026, "establecimiento": "Colegio Maria Reina\nRama", "rbd": 6925, "prueba": "M1", "promedio": 462.0, "LATITUD": -39.480652, "LONGITUD": -72.694054 }, "geometry": { "type": "Point", "coordinates": [ -72.694054, -39.480652 ] } },
{ "type": "Feature", "properties": { "anio": 2026, "establecimiento": "Colegio Maria Reina\nRama", "rbd": 6925, "prueba": "M2", "promedio": 349.0, "LATITUD": -39.480652, "LONGITUD": -72.694054 }, "geometry": { "type": "Point", "coordinates": [ -72.694054, -39.480652 ] } },
{ "type": "Feature", "properties": { "anio": 2026, "establecimiento": "Colegio Maria Reina\nRama", "rbd": 6925, "prueba": "Historia", "promedio": 377.0, "LATITUD": -39.480652, "LONGITUD": -72.694054 }, "geometry": { "type": "Point", "coordinates": [ -72.694054, -39.480652 ] } },
{ "type": "Feature", "properties": { "anio": 2026, "establecimiento": "Colegio Maria Reina\nRama", "rbd": 6925, "prueba": "Ciencias", "promedio": 394.0, "LATITUD": -39.480652, "LONGITUD": -72.694054 }, "geometry": { "type": "Point", "coordinates": [ -72.694054, -39.480652 ] } },
{ "type": "Feature", "properties": { "anio": 2026, "establecimiento": "Colegio Maria Reina\nRama", "rbd": 6925, "prueba": "Obligatoria", "promedio": 457.9, "LATITUD": -39.480652, "LONGITUD": -72.694054 }, "geometry": { "type": "Point", "coordinates": [ -72.694054, -39.480652 ] } },
{ "type": "Feature", "properties": { "anio": 2026, "establecimiento": "Liceo Bicentenario Alberto Blest Gana\nRama", "rbd": 6929, "prueba": "Lenguaje", "promedio": 559.0, "LATITUD": -39.864521, "LONGITUD": -72.80262 }, "geometry": { "type": "Point", "coordinates": [ -72.80262, -39.864521 ] } },
{ "type": "Feature", "properties": { "anio": 2026, "establecimiento": "Liceo Bicentenario Alberto Blest Gana\nRama", "rbd": 6929, "prueba": "M1", "promedio": 554.6, "LATITUD": -39.864521, "LONGITUD": -72.80262 }, "geometry": { "type": "Point", "coordinates": [ -72.80262, -39.864521 ] } },
{ "type": "Feature", "properties": { "anio": 2026, "establecimiento": "Liceo Bicentenario Alberto Blest Gana\nRama", "rbd": 6929, "prueba": "M2", "promedio": 399.8, "LATITUD": -39.864521, "LONGITUD": -72.80262 }, "geometry": { "type": "Point", "coordinates": [ -72.80262, -39.864521 ] } },
{ "type": "Feature", "properties": { "anio": 2026, "establecimiento": "Liceo Bicentenario Alberto Blest Gana\nRama", "rbd": 6929, "prueba": "Historia", "promedio": 458.6, "LATITUD": -39.864521, "LONGITUD": -72.80262 }, "geometry": { "type": "Point", "coordinates": [ -72.80262, -39.864521 ] } },
{ "type": "Feature", "properties": { "anio": 2026, "establecimiento": "Liceo Bicentenario Alberto Blest Gana\nRama", "rbd": 6929, "prueba": "Ciencias", "promedio": 418.6, "LATITUD": -39.864521, "LONGITUD": -72.80262 }, "geometry": { "type": "Point", "coordinates": [ -72.80262, -39.864521 ] } },
{ "type": "Feature", "properties": { "anio": 2026, "establecimiento": "Liceo Bicentenario Alberto Blest Gana\nRama", "rbd": 6929, "prueba": "Obligatoria", "promedio": 558.1, "LATITUD": -39.864521, "LONGITUD": -72.80262 }, "geometry": { "type": "Point", "coordinates": [ -72.80262, -39.864521 ] } },
{ "type": "Feature", "properties": { "anio": 2026, "establecimiento": "Liceo Bicentenario Alberto Blest Gana\nRama", "rbd": 6929, "prueba": "Lenguaje", "promedio": 506.8, "LATITUD": -39.864521, "LONGITUD": -72.80262 }, "geometry": { "type": "Point", "coordinates": [ -72.80262, -39.864521 ] } },
{ "type": "Feature", "properties": { "anio": 2026, "establecimiento": "Liceo Bicentenario Alberto Blest Gana\nRama", "rbd": 6929, "prueba": "M1", "promedio": 573.1, "LATITUD": -39.864521, "LONGITUD": -72.80262 }, "geometry": { "type": "Point", "coordinates": [ -72.80262, -39.864521 ] } },
{ "type": "Feature", "properties": { "anio": 2026, "establecimiento": "Liceo Bicentenario Alberto Blest Gana\nRama", "rbd": 6929, "prueba": "M2", "promedio": 374.1, "LATITUD": -39.864521, "LONGITUD": -72.80262 }, "geometry": { "type": "Point", "coordinates": [ -72.80262, -39.864521 ] } },
{ "type": "Feature", "properties": { "anio": 2026, "establecimiento": "Liceo Bicentenario Alberto Blest Gana\nRama", "rbd": 6929, "prueba": "Historia", "promedio": 468.4, "LATITUD": -39.864521, "LONGITUD": -72.80262 }, "geometry": { "type": "Point", "coordinates": [ -72.80262, -39.864521 ] } },
{ "type": "Feature", "properties": { "anio": 2026, "establecimiento": "Liceo Bicentenario Alberto Blest Gana\nRama", "rbd": 6929, "prueba": "Ciencias", "promedio": 369.5, "LATITUD": -39.864521, "LONGITUD": -72.80262 }, "geometry": { "type": "Point", "coordinates": [ -72.80262, -39.864521 ] } },
{ "type": "Feature", "properties": { "anio": 2026, "establecimiento": "Liceo Bicentenario Alberto Blest Gana\nRama", "rbd": 6929, "prueba": "Obligatoria", "promedio": 545.4, "LATITUD": -39.864521, "LONGITUD": -72.80262 }, "geometry": { "type": "Point", "coordinates": [ -72.80262, -39.864521 ] } },
{ "type": "Feature", "properties": { "anio": 2026, "establecimiento": "Colegio Jose Manuel Balmaceda Férnandez\nRama", "rbd": 6983, "prueba": "Lenguaje", "promedio": 569.6, "LATITUD": -40.13195, "LONGITUD": -72.38678 }, "geometry": { "type": "Point", "coordinates": [ -72.38678, -40.13195 ] } },
{ "type": "Feature", "properties": { "anio": 2026, "establecimiento": "Colegio Jose Manuel Balmaceda Férnandez\nRama", "rbd": 6983, "prueba": "M1", "promedio": 566.0, "LATITUD": -40.13195, "LONGITUD": -72.38678 }, "geometry": { "type": "Point", "coordinates": [ -72.38678, -40.13195 ] } },
{ "type": "Feature", "properties": { "anio": 2026, "establecimiento": "Colegio Jose Manuel Balmaceda Férnandez\nRama", "rbd": 6983, "prueba": "M2", "promedio": 418.8, "LATITUD": -40.13195, "LONGITUD": -72.38678 }, "geometry": { "type": "Point", "coordinates": [ -72.38678, -40.13195 ] } },
{ "type": "Feature", "properties": { "anio": 2026, "establecimiento": "Colegio Jose Manuel Balmaceda Férnandez\nRama", "rbd": 6983, "prueba": "Historia", "promedio": 480.0, "LATITUD": -40.13195, "LONGITUD": -72.38678 }, "geometry": { "type": "Point", "coordinates": [ -72.38678, -40.13195 ] } },
{ "type": "Feature", "properties": { "anio": 2026, "establecimiento": "Colegio Jose Manuel Balmaceda Férnandez\nRama", "rbd": 6983, "prueba": "Ciencias", "promedio": 408.5, "LATITUD": -40.13195, "LONGITUD": -72.38678 }, "geometry": { "type": "Point", "coordinates": [ -72.38678, -40.13195 ] } },
{ "type": "Feature", "properties": { "anio": 2026, "establecimiento": "Colegio Jose Manuel Balmaceda Férnandez\nRama", "rbd": 6983, "prueba": "Obligatoria", "promedio": 566.5, "LATITUD": -40.13195, "LONGITUD": -72.38678 }, "geometry": { "type": "Point", "coordinates": [ -72.38678, -40.13195 ] } },
{ "type": "Feature", "properties": { "anio": 2026, "establecimiento": "Colegio Maria Deogracia\nRama", "rbd": 7004, "prueba": "Lenguaje", "promedio": 564.7, "LATITUD": -40.131531, "LONGITUD": -72.388977 }, "geometry": { "type": "Point", "coordinates": [ -72.388977, -40.131531 ] } },
{ "type": "Feature", "properties": { "anio": 2026, "establecimiento": "Colegio Maria Deogracia\nRama", "rbd": 7004, "prueba": "M1", "promedio": 559.8, "LATITUD": -40.131531, "LONGITUD": -72.388977 }, "geometry": { "type": "Point", "coordinates": [ -72.388977, -40.131531 ] } },
{ "type": "Feature", "properties": { "anio": 2026, "establecimiento": "Colegio Maria Deogracia\nRama", "rbd": 7004, "prueba": "M2", "promedio": 391.7, "LATITUD": -40.131531, "LONGITUD": -72.388977 }, "geometry": { "type": "Point", "coordinates": [ -72.388977, -40.131531 ] } },
{ "type": "Feature", "properties": { "anio": 2026, "establecimiento": "Colegio Maria Deogracia\nRama", "rbd": 7004, "prueba": "Historia", "promedio": 484.9, "LATITUD": -40.131531, "LONGITUD": -72.388977 }, "geometry": { "type": "Point", "coordinates": [ -72.388977, -40.131531 ] } },
{ "type": "Feature", "properties": { "anio": 2026, "establecimiento": "Colegio Maria Deogracia\nRama", "rbd": 7004, "prueba": "Ciencias", "promedio": 409.4, "LATITUD": -40.131531, "LONGITUD": -72.388977 }, "geometry": { "type": "Point", "coordinates": [ -72.388977, -40.131531 ] } },
{ "type": "Feature", "properties": { "anio": 2026, "establecimiento": "Colegio Maria Deogracia\nRama", "rbd": 7004, "prueba": "Obligatoria", "promedio": 562.2, "LATITUD": -40.131531, "LONGITUD": -72.388977 }, "geometry": { "type": "Point", "coordinates": [ -72.388977, -40.131531 ] } },
{ "type": "Feature", "properties": { "anio": 2026, "establecimiento": "Liceo San Conrado De Futrono\nRama", "rbd": 7006, "prueba": "Lenguaje", "promedio": 586.6, "LATITUD": -40.128239, "LONGITUD": -72.387619 }, "geometry": { "type": "Point", "coordinates": [ -72.387619, -40.128239 ] } },
{ "type": "Feature", "properties": { "anio": 2026, "establecimiento": "Liceo San Conrado De Futrono\nRama", "rbd": 7006, "prueba": "M1", "promedio": 584.2, "LATITUD": -40.128239, "LONGITUD": -72.387619 }, "geometry": { "type": "Point", "coordinates": [ -72.387619, -40.128239 ] } },
{ "type": "Feature", "properties": { "anio": 2026, "establecimiento": "Liceo San Conrado De Futrono\nRama", "rbd": 7006, "prueba": "M2", "promedio": 410.9, "LATITUD": -40.128239, "LONGITUD": -72.387619 }, "geometry": { "type": "Point", "coordinates": [ -72.387619, -40.128239 ] } },
{ "type": "Feature", "properties": { "anio": 2026, "establecimiento": "Liceo San Conrado De Futrono\nRama", "rbd": 7006, "prueba": "Historia", "promedio": 488.2, "LATITUD": -40.128239, "LONGITUD": -72.387619 }, "geometry": { "type": "Point", "coordinates": [ -72.387619, -40.128239 ] } },
{ "type": "Feature", "properties": { "anio": 2026, "establecimiento": "Liceo San Conrado De Futrono\nRama", "rbd": 7006, "prueba": "Ciencias", "promedio": 426.7, "LATITUD": -40.128239, "LONGITUD": -72.387619 }, "geometry": { "type": "Point", "coordinates": [ -72.387619, -40.128239 ] } },
{ "type": "Feature", "properties": { "anio": 2026, "establecimiento": "Liceo San Conrado De Futrono\nRama", "rbd": 7006, "prueba": "Obligatoria", "promedio": 587.3, "LATITUD": -40.128239, "LONGITUD": -72.387619 }, "geometry": { "type": "Point", "coordinates": [ -72.387619, -40.128239 ] } },
{ "type": "Feature", "properties": { "anio": 2026, "establecimiento": "Liceo San Conrado De Futrono\nRama", "rbd": 7006, "prueba": "Lenguaje", "promedio": 525.3, "LATITUD": -40.128239, "LONGITUD": -72.387619 }, "geometry": { "type": "Point", "coordinates": [ -72.387619, -40.128239 ] } },
{ "type": "Feature", "properties": { "anio": 2026, "establecimiento": "Liceo San Conrado De Futrono\nRama", "rbd": 7006, "prueba": "M1", "promedio": 548.2, "LATITUD": -40.128239, "LONGITUD": -72.387619 }, "geometry": { "type": "Point", "coordinates": [ -72.387619, -40.128239 ] } },
{ "type": "Feature", "properties": { "anio": 2026, "establecimiento": "Liceo San Conrado De Futrono\nRama", "rbd": 7006, "prueba": "M2", "promedio": 390.3, "LATITUD": -40.128239, "LONGITUD": -72.387619 }, "geometry": { "type": "Point", "coordinates": [ -72.387619, -40.128239 ] } },
{ "type": "Feature", "properties": { "anio": 2026, "establecimiento": "Liceo San Conrado De Futrono\nRama", "rbd": 7006, "prueba": "Historia", "promedio": 414.9, "LATITUD": -40.128239, "LONGITUD": -72.387619 }, "geometry": { "type": "Point", "coordinates": [ -72.387619, -40.128239 ] } },
{ "type": "Feature", "properties": { "anio": 2026, "establecimiento": "Liceo San Conrado De Futrono\nRama", "rbd": 7006, "prueba": "Ciencias", "promedio": 374.4, "LATITUD": -40.128239, "LONGITUD": -72.387619 }, "geometry": { "type": "Point", "coordinates": [ -72.387619, -40.128239 ] } },
{ "type": "Feature", "properties": { "anio": 2026, "establecimiento": "Liceo San Conrado De Futrono\nRama", "rbd": 7006, "prueba": "Obligatoria", "promedio": 539.4, "LATITUD": -40.128239, "LONGITUD": -72.387619 }, "geometry": { "type": "Point", "coordinates": [ -72.387619, -40.128239 ] } },
{ "type": "Feature", "properties": { "anio": 2026, "establecimiento": "Liceo San Conrado De Futrono\nRama", "rbd": 7006, "prueba": "Lenguaje", "promedio": 478.6, "LATITUD": -40.128239, "LONGITUD": -72.387619 }, "geometry": { "type": "Point", "coordinates": [ -72.387619, -40.128239 ] } },
{ "type": "Feature", "properties": { "anio": 2026, "establecimiento": "Liceo San Conrado De Futrono\nRama", "rbd": 7006, "prueba": "M1", "promedio": 526.8, "LATITUD": -40.128239, "LONGITUD": -72.387619 }, "geometry": { "type": "Point", "coordinates": [ -72.387619, -40.128239 ] } },
{ "type": "Feature", "properties": { "anio": 2026, "establecimiento": "Liceo San Conrado De Futrono\nRama", "rbd": 7006, "prueba": "M2", "promedio": 357.5, "LATITUD": -40.128239, "LONGITUD": -72.387619 }, "geometry": { "type": "Point", "coordinates": [ -72.387619, -40.128239 ] } },
{ "type": "Feature", "properties": { "anio": 2026, "establecimiento": "Liceo San Conrado De Futrono\nRama", "rbd": 7006, "prueba": "Historia", "promedio": 458.5, "LATITUD": -40.128239, "LONGITUD": -72.387619 }, "geometry": { "type": "Point", "coordinates": [ -72.387619, -40.128239 ] } },
{ "type": "Feature", "properties": { "anio": 2026, "establecimiento": "Liceo San Conrado De Futrono\nRama", "rbd": 7006, "prueba": "Ciencias", "promedio": 369.8, "LATITUD": -40.128239, "LONGITUD": -72.387619 }, "geometry": { "type": "Point", "coordinates": [ -72.387619, -40.128239 ] } },
{ "type": "Feature", "properties": { "anio": 2026, "establecimiento": "Liceo San Conrado De Futrono\nRama", "rbd": 7006, "prueba": "Obligatoria", "promedio": 515.3, "LATITUD": -40.128239, "LONGITUD": -72.387619 }, "geometry": { "type": "Point", "coordinates": [ -72.387619, -40.128239 ] } },
{ "type": "Feature", "properties": { "anio": 2026, "establecimiento": "Liceo Bicentenario De Excelencia Carlos Haverbeck R\nRama", "rbd": 7015, "prueba": "Lenguaje", "promedio": 548.5, "LATITUD": -39.889389, "LONGITUD": -73.432877 }, "geometry": { "type": "Point", "coordinates": [ -73.432877, -39.889389 ] } },
{ "type": "Feature", "properties": { "anio": 2026, "establecimiento": "Liceo Bicentenario De Excelencia Carlos Haverbeck R\nRama", "rbd": 7015, "prueba": "M1", "promedio": 583.1, "LATITUD": -39.889389, "LONGITUD": -73.432877 }, "geometry": { "type": "Point", "coordinates": [ -73.432877, -39.889389 ] } },
{ "type": "Feature", "properties": { "anio": 2026, "establecimiento": "Liceo Bicentenario De Excelencia Carlos Haverbeck R\nRama", "rbd": 7015, "prueba": "M2", "promedio": 402.0, "LATITUD": -39.889389, "LONGITUD": -73.432877 }, "geometry": { "type": "Point", "coordinates": [ -73.432877, -39.889389 ] } },
{ "type": "Feature", "properties": { "anio": 2026, "establecimiento": "Liceo Bicentenario De Excelencia Carlos Haverbeck R\nRama", "rbd": 7015, "prueba": "Historia", "promedio": 430.1, "LATITUD": -39.889389, "LONGITUD": -73.432877 }, "geometry": { "type": "Point", "coordinates": [ -73.432877, -39.889389 ] } },
{ "type": "Feature", "properties": { "anio": 2026, "establecimiento": "Liceo Bicentenario De Excelencia Carlos Haverbeck R\nRama", "rbd": 7015, "prueba": "Ciencias", "promedio": 431.1, "LATITUD": -39.889389, "LONGITUD": -73.432877 }, "geometry": { "type": "Point", "coordinates": [ -73.432877, -39.889389 ] } },
{ "type": "Feature", "properties": { "anio": 2026, "establecimiento": "Liceo Bicentenario De Excelencia Carlos Haverbeck R\nRama", "rbd": 7015, "prueba": "Obligatoria", "promedio": 564.4, "LATITUD": -39.889389, "LONGITUD": -73.432877 }, "geometry": { "type": "Point", "coordinates": [ -73.432877, -39.889389 ] } },
{ "type": "Feature", "properties": { "anio": 2026, "establecimiento": "Liceo Bicentenario De Excelencia Carlos Haverbeck R\nRama", "rbd": 7015, "prueba": "Lenguaje", "promedio": 484.8, "LATITUD": -39.889389, "LONGITUD": -73.432877 }, "geometry": { "type": "Point", "coordinates": [ -73.432877, -39.889389 ] } },
{ "type": "Feature", "properties": { "anio": 2026, "establecimiento": "Liceo Bicentenario De Excelencia Carlos Haverbeck R\nRama", "rbd": 7015, "prueba": "M1", "promedio": 518.9, "LATITUD": -39.889389, "LONGITUD": -73.432877 }, "geometry": { "type": "Point", "coordinates": [ -73.432877, -39.889389 ] } },
{ "type": "Feature", "properties": { "anio": 2026, "establecimiento": "Liceo Bicentenario De Excelencia Carlos Haverbeck R\nRama", "rbd": 7015, "prueba": "M2", "promedio": 372.6, "LATITUD": -39.889389, "LONGITUD": -73.432877 }, "geometry": { "type": "Point", "coordinates": [ -73.432877, -39.889389 ] } },
{ "type": "Feature", "properties": { "anio": 2026, "establecimiento": "Liceo Bicentenario De Excelencia Carlos Haverbeck R\nRama", "rbd": 7015, "prueba": "Historia", "promedio": 389.0, "LATITUD": -39.889389, "LONGITUD": -73.432877 }, "geometry": { "type": "Point", "coordinates": [ -73.432877, -39.889389 ] } },
{ "type": "Feature", "properties": { "anio": 2026, "establecimiento": "Liceo Bicentenario De Excelencia Carlos Haverbeck R\nRama", "rbd": 7015, "prueba": "Ciencias", "promedio": 395.4, "LATITUD": -39.889389, "LONGITUD": -73.432877 }, "geometry": { "type": "Point", "coordinates": [ -73.432877, -39.889389 ] } },
{ "type": "Feature", "properties": { "anio": 2026, "establecimiento": "Liceo Bicentenario De Excelencia Carlos Haverbeck R\nRama", "rbd": 7015, "prueba": "Obligatoria", "promedio": 501.9, "LATITUD": -39.889389, "LONGITUD": -73.432877 }, "geometry": { "type": "Point", "coordinates": [ -73.432877, -39.889389 ] } },
{ "type": "Feature", "properties": { "anio": 2026, "establecimiento": "Liceo Bicentenario Gabriela Mistral\nRama", "rbd": 7031, "prueba": "Lenguaje", "promedio": 554.5, "LATITUD": -39.6665, "LONGITUD": -72.954781 }, "geometry": { "type": "Point", "coordinates": [ -72.954781, -39.6665 ] } },
{ "type": "Feature", "properties": { "anio": 2026, "establecimiento": "Liceo Bicentenario Gabriela Mistral\nRama", "rbd": 7031, "prueba": "M1", "promedio": 577.1, "LATITUD": -39.6665, "LONGITUD": -72.954781 }, "geometry": { "type": "Point", "coordinates": [ -72.954781, -39.6665 ] } },
{ "type": "Feature", "properties": { "anio": 2026, "establecimiento": "Liceo Bicentenario Gabriela Mistral\nRama", "rbd": 7031, "prueba": "M2", "promedio": 384.6, "LATITUD": -39.6665, "LONGITUD": -72.954781 }, "geometry": { "type": "Point", "coordinates": [ -72.954781, -39.6665 ] } },
{ "type": "Feature", "properties": { "anio": 2026, "establecimiento": "Liceo Bicentenario Gabriela Mistral\nRama", "rbd": 7031, "prueba": "Historia", "promedio": 505.5, "LATITUD": -39.6665, "LONGITUD": -72.954781 }, "geometry": { "type": "Point", "coordinates": [ -72.954781, -39.6665 ] } },
{ "type": "Feature", "properties": { "anio": 2026, "establecimiento": "Liceo Bicentenario Gabriela Mistral\nRama", "rbd": 7031, "prueba": "Ciencias", "promedio": 454.6, "LATITUD": -39.6665, "LONGITUD": -72.954781 }, "geometry": { "type": "Point", "coordinates": [ -72.954781, -39.6665 ] } },
{ "type": "Feature", "properties": { "anio": 2026, "establecimiento": "Liceo Bicentenario Gabriela Mistral\nRama", "rbd": 7031, "prueba": "Obligatoria", "promedio": 565.8, "LATITUD": -39.6665, "LONGITUD": -72.954781 }, "geometry": { "type": "Point", "coordinates": [ -72.954781, -39.6665 ] } },
{ "type": "Feature", "properties": { "anio": 2026, "establecimiento": "Liceo Bicentenario Gabriela Mistral\nRama", "rbd": 7031, "prueba": "Lenguaje", "promedio": 583.0, "LATITUD": -39.6665, "LONGITUD": -72.954781 }, "geometry": { "type": "Point", "coordinates": [ -72.954781, -39.6665 ] } },
{ "type": "Feature", "properties": { "anio": 2026, "establecimiento": "Liceo Bicentenario Gabriela Mistral\nRama", "rbd": 7031, "prueba": "M1", "promedio": 502.0, "LATITUD": -39.6665, "LONGITUD": -72.954781 }, "geometry": { "type": "Point", "coordinates": [ -72.954781, -39.6665 ] } },
{ "type": "Feature", "properties": { "anio": 2026, "establecimiento": "Liceo Bicentenario Gabriela Mistral\nRama", "rbd": 7031, "prueba": "M2", "promedio": 0.0, "LATITUD": -39.6665, "LONGITUD": -72.954781 }, "geometry": { "type": "Point", "coordinates": [ -72.954781, -39.6665 ] } },
{ "type": "Feature", "properties": { "anio": 2026, "establecimiento": "Liceo Bicentenario Gabriela Mistral\nRama", "rbd": 7031, "prueba": "Historia", "promedio": 331.0, "LATITUD": -39.6665, "LONGITUD": -72.954781 }, "geometry": { "type": "Point", "coordinates": [ -72.954781, -39.6665 ] } },
{ "type": "Feature", "properties": { "anio": 2026, "establecimiento": "Liceo Bicentenario Gabriela Mistral\nRama", "rbd": 7031, "prueba": "Ciencias", "promedio": 426.0, "LATITUD": -39.6665, "LONGITUD": -72.954781 }, "geometry": { "type": "Point", "coordinates": [ -72.954781, -39.6665 ] } },
{ "type": "Feature", "properties": { "anio": 2026, "establecimiento": "Liceo Bicentenario Gabriela Mistral\nRama", "rbd": 7031, "prueba": "Obligatoria", "promedio": 542.5, "LATITUD": -39.6665, "LONGITUD": -72.954781 }, "geometry": { "type": "Point", "coordinates": [ -72.954781, -39.6665 ] } },
{ "type": "Feature", "properties": { "anio": 2026, "establecimiento": "Liceo Bicentenario Gabriela Mistral\nRama", "rbd": 7031, "prueba": "Lenguaje", "promedio": 488.5, "LATITUD": -39.6665, "LONGITUD": -72.954781 }, "geometry": { "type": "Point", "coordinates": [ -72.954781, -39.6665 ] } },
{ "type": "Feature", "properties": { "anio": 2026, "establecimiento": "Liceo Bicentenario Gabriela Mistral\nRama", "rbd": 7031, "prueba": "M1", "promedio": 528.8, "LATITUD": -39.6665, "LONGITUD": -72.954781 }, "geometry": { "type": "Point", "coordinates": [ -72.954781, -39.6665 ] } },
{ "type": "Feature", "properties": { "anio": 2026, "establecimiento": "Liceo Bicentenario Gabriela Mistral\nRama", "rbd": 7031, "prueba": "M2", "promedio": 374.7, "LATITUD": -39.6665, "LONGITUD": -72.954781 }, "geometry": { "type": "Point", "coordinates": [ -72.954781, -39.6665 ] } },
{ "type": "Feature", "properties": { "anio": 2026, "establecimiento": "Liceo Bicentenario Gabriela Mistral\nRama", "rbd": 7031, "prueba": "Historia", "promedio": 394.2, "LATITUD": -39.6665, "LONGITUD": -72.954781 }, "geometry": { "type": "Point", "coordinates": [ -72.954781, -39.6665 ] } },
{ "type": "Feature", "properties": { "anio": 2026, "establecimiento": "Liceo Bicentenario Gabriela Mistral\nRama", "rbd": 7031, "prueba": "Ciencias", "promedio": 374.4, "LATITUD": -39.6665, "LONGITUD": -72.954781 }, "geometry": { "type": "Point", "coordinates": [ -72.954781, -39.6665 ] } },
{ "type": "Feature", "properties": { "anio": 2026, "establecimiento": "Liceo Bicentenario Gabriela Mistral\nRama", "rbd": 7031, "prueba": "Obligatoria", "promedio": 508.7, "LATITUD": -39.6665, "LONGITUD": -72.954781 }, "geometry": { "type": "Point", "coordinates": [ -72.954781, -39.6665 ] } },
{ "type": "Feature", "properties": { "anio": 2026, "establecimiento": "Liceo Bicentenario Gabriela Mistral\nRama", "rbd": 7031, "prueba": "Lenguaje", "promedio": 499.2, "LATITUD": -39.6665, "LONGITUD": -72.954781 }, "geometry": { "type": "Point", "coordinates": [ -72.954781, -39.6665 ] } },
{ "type": "Feature", "properties": { "anio": 2026, "establecimiento": "Liceo Bicentenario Gabriela Mistral\nRama", "rbd": 7031, "prueba": "M1", "promedio": 492.3, "LATITUD": -39.6665, "LONGITUD": -72.954781 }, "geometry": { "type": "Point", "coordinates": [ -72.954781, -39.6665 ] } },
{ "type": "Feature", "properties": { "anio": 2026, "establecimiento": "Liceo Bicentenario Gabriela Mistral\nRama", "rbd": 7031, "prueba": "M2", "promedio": 376.8, "LATITUD": -39.6665, "LONGITUD": -72.954781 }, "geometry": { "type": "Point", "coordinates": [ -72.954781, -39.6665 ] } },
{ "type": "Feature", "properties": { "anio": 2026, "establecimiento": "Liceo Bicentenario Gabriela Mistral\nRama", "rbd": 7031, "prueba": "Historia", "promedio": 381.2, "LATITUD": -39.6665, "LONGITUD": -72.954781 }, "geometry": { "type": "Point", "coordinates": [ -72.954781, -39.6665 ] } },
{ "type": "Feature", "properties": { "anio": 2026, "establecimiento": "Liceo Bicentenario Gabriela Mistral\nRama", "rbd": 7031, "prueba": "Ciencias", "promedio": 344.5, "LATITUD": -39.6665, "LONGITUD": -72.954781 }, "geometry": { "type": "Point", "coordinates": [ -72.954781, -39.6665 ] } },
{ "type": "Feature", "properties": { "anio": 2026, "establecimiento": "Liceo Bicentenario Gabriela Mistral\nRama", "rbd": 7031, "prueba": "Obligatoria", "promedio": 495.8, "LATITUD": -39.6665, "LONGITUD": -72.954781 }, "geometry": { "type": "Point", "coordinates": [ -72.954781, -39.6665 ] } },
{ "type": "Feature", "properties": { "anio": 2026, "establecimiento": "Liceo Santo Cura De Ars\nRama", "rbd": 7044, "prueba": "Lenguaje", "promedio": 588.1, "LATITUD": -39.66526, "LONGITUD": -72.953056 }, "geometry": { "type": "Point", "coordinates": [ -72.953056, -39.66526 ] } },
{ "type": "Feature", "properties": { "anio": 2026, "establecimiento": "Liceo Santo Cura De Ars\nRama", "rbd": 7044, "prueba": "M1", "promedio": 597.5, "LATITUD": -39.66526, "LONGITUD": -72.953056 }, "geometry": { "type": "Point", "coordinates": [ -72.953056, -39.66526 ] } },
{ "type": "Feature", "properties": { "anio": 2026, "establecimiento": "Liceo Santo Cura De Ars\nRama", "rbd": 7044, "prueba": "M2", "promedio": 370.3, "LATITUD": -39.66526, "LONGITUD": -72.953056 }, "geometry": { "type": "Point", "coordinates": [ -72.953056, -39.66526 ] } },
{ "type": "Feature", "properties": { "anio": 2026, "establecimiento": "Liceo Santo Cura De Ars\nRama", "rbd": 7044, "prueba": "Historia", "promedio": 465.9, "LATITUD": -39.66526, "LONGITUD": -72.953056 }, "geometry": { "type": "Point", "coordinates": [ -72.953056, -39.66526 ] } },
{ "type": "Feature", "properties": { "anio": 2026, "establecimiento": "Liceo Santo Cura De Ars\nRama", "rbd": 7044, "prueba": "Ciencias", "promedio": 432.2, "LATITUD": -39.66526, "LONGITUD": -72.953056 }, "geometry": { "type": "Point", "coordinates": [ -72.953056, -39.66526 ] } },
{ "type": "Feature", "properties": { "anio": 2026, "establecimiento": "Liceo Santo Cura De Ars\nRama", "rbd": 7044, "prueba": "Obligatoria", "promedio": 592.8, "LATITUD": -39.66526, "LONGITUD": -72.953056 }, "geometry": { "type": "Point", "coordinates": [ -72.953056, -39.66526 ] } },
{ "type": "Feature", "properties": { "anio": 2026, "establecimiento": "Liceo Santo Cura De Ars\nRama", "rbd": 7044, "prueba": "Lenguaje", "promedio": 569.5, "LATITUD": -39.66526, "LONGITUD": -72.953056 }, "geometry": { "type": "Point", "coordinates": [ -72.953056, -39.66526 ] } },
{ "type": "Feature", "properties": { "anio": 2026, "establecimiento": "Liceo Santo Cura De Ars\nRama", "rbd": 7044, "prueba": "M1", "promedio": 540.1, "LATITUD": -39.66526, "LONGITUD": -72.953056 }, "geometry": { "type": "Point", "coordinates": [ -72.953056, -39.66526 ] } },
{ "type": "Feature", "properties": { "anio": 2026, "establecimiento": "Liceo Santo Cura De Ars\nRama", "rbd": 7044, "prueba": "M2", "promedio": 409.5, "LATITUD": -39.66526, "LONGITUD": -72.953056 }, "geometry": { "type": "Point", "coordinates": [ -72.953056, -39.66526 ] } },
{ "type": "Feature", "properties": { "anio": 2026, "establecimiento": "Liceo Santo Cura De Ars\nRama", "rbd": 7044, "prueba": "Historia", "promedio": 423.0, "LATITUD": -39.66526, "LONGITUD": -72.953056 }, "geometry": { "type": "Point", "coordinates": [ -72.953056, -39.66526 ] } },
{ "type": "Feature", "properties": { "anio": 2026, "establecimiento": "Liceo Santo Cura De Ars\nRama", "rbd": 7044, "prueba": "Ciencias", "promedio": 393.8, "LATITUD": -39.66526, "LONGITUD": -72.953056 }, "geometry": { "type": "Point", "coordinates": [ -72.953056, -39.66526 ] } },
{ "type": "Feature", "properties": { "anio": 2026, "establecimiento": "Liceo Santo Cura De Ars\nRama", "rbd": 7044, "prueba": "Obligatoria", "promedio": 554.8, "LATITUD": -39.66526, "LONGITUD": -72.953056 }, "geometry": { "type": "Point", "coordinates": [ -72.953056, -39.66526 ] } },
{ "type": "Feature", "properties": { "anio": 2026, "establecimiento": "Liceo Santo Cura De Ars\nRama", "rbd": 7044, "prueba": "Lenguaje", "promedio": 527.2, "LATITUD": -39.66526, "LONGITUD": -72.953056 }, "geometry": { "type": "Point", "coordinates": [ -72.953056, -39.66526 ] } },
{ "type": "Feature", "properties": { "anio": 2026, "establecimiento": "Liceo Santo Cura De Ars\nRama", "rbd": 7044, "prueba": "M1", "promedio": 508.4, "LATITUD": -39.66526, "LONGITUD": -72.953056 }, "geometry": { "type": "Point", "coordinates": [ -72.953056, -39.66526 ] } },
{ "type": "Feature", "properties": { "anio": 2026, "establecimiento": "Liceo Santo Cura De Ars\nRama", "rbd": 7044, "prueba": "M2", "promedio": 384.3, "LATITUD": -39.66526, "LONGITUD": -72.953056 }, "geometry": { "type": "Point", "coordinates": [ -72.953056, -39.66526 ] } },
{ "type": "Feature", "properties": { "anio": 2026, "establecimiento": "Liceo Santo Cura De Ars\nRama", "rbd": 7044, "prueba": "Historia", "promedio": 397.0, "LATITUD": -39.66526, "LONGITUD": -72.953056 }, "geometry": { "type": "Point", "coordinates": [ -72.953056, -39.66526 ] } },
{ "type": "Feature", "properties": { "anio": 2026, "establecimiento": "Liceo Santo Cura De Ars\nRama", "rbd": 7044, "prueba": "Ciencias", "promedio": 398.1, "LATITUD": -39.66526, "LONGITUD": -72.953056 }, "geometry": { "type": "Point", "coordinates": [ -72.953056, -39.66526 ] } },
{ "type": "Feature", "properties": { "anio": 2026, "establecimiento": "Liceo Santo Cura De Ars\nRama", "rbd": 7044, "prueba": "Obligatoria", "promedio": 517.4, "LATITUD": -39.66526, "LONGITUD": -72.953056 }, "geometry": { "type": "Point", "coordinates": [ -72.953056, -39.66526 ] } },
{ "type": "Feature", "properties": { "anio": 2026, "establecimiento": "Centro Educativo Fernando Santivan\nRama", "rbd": 7049, "prueba": "Lenguaje", "promedio": 550.8, "LATITUD": -39.639389, "LONGITUD": -72.327049 }, "geometry": { "type": "Point", "coordinates": [ -72.327049, -39.639389 ] } },
{ "type": "Feature", "properties": { "anio": 2026, "establecimiento": "Centro Educativo Fernando Santivan\nRama", "rbd": 7049, "prueba": "M1", "promedio": 519.6, "LATITUD": -39.639389, "LONGITUD": -72.327049 }, "geometry": { "type": "Point", "coordinates": [ -72.327049, -39.639389 ] } },
{ "type": "Feature", "properties": { "anio": 2026, "establecimiento": "Centro Educativo Fernando Santivan\nRama", "rbd": 7049, "prueba": "M2", "promedio": 388.7, "LATITUD": -39.639389, "LONGITUD": -72.327049 }, "geometry": { "type": "Point", "coordinates": [ -72.327049, -39.639389 ] } },
{ "type": "Feature", "properties": { "anio": 2026, "establecimiento": "Centro Educativo Fernando Santivan\nRama", "rbd": 7049, "prueba": "Historia", "promedio": 447.2, "LATITUD": -39.639389, "LONGITUD": -72.327049 }, "geometry": { "type": "Point", "coordinates": [ -72.327049, -39.639389 ] } },
{ "type": "Feature", "properties": { "anio": 2026, "establecimiento": "Centro Educativo Fernando Santivan\nRama", "rbd": 7049, "prueba": "Ciencias", "promedio": 404.3, "LATITUD": -39.639389, "LONGITUD": -72.327049 }, "geometry": { "type": "Point", "coordinates": [ -72.327049, -39.639389 ] } },
{ "type": "Feature", "properties": { "anio": 2026, "establecimiento": "Centro Educativo Fernando Santivan\nRama", "rbd": 7049, "prueba": "Obligatoria", "promedio": 535.2, "LATITUD": -39.639389, "LONGITUD": -72.327049 }, "geometry": { "type": "Point", "coordinates": [ -72.327049, -39.639389 ] } },
{ "type": "Feature", "properties": { "anio": 2026, "establecimiento": "Centro Educativo Fernando Santivan\nRama", "rbd": 7049, "prueba": "Lenguaje", "promedio": 506.8, "LATITUD": -39.639389, "LONGITUD": -72.327049 }, "geometry": { "type": "Point", "coordinates": [ -72.327049, -39.639389 ] } },
{ "type": "Feature", "properties": { "anio": 2026, "establecimiento": "Centro Educativo Fernando Santivan\nRama", "rbd": 7049, "prueba": "M1", "promedio": 462.5, "LATITUD": -39.639389, "LONGITUD": -72.327049 }, "geometry": { "type": "Point", "coordinates": [ -72.327049, -39.639389 ] } },
{ "type": "Feature", "properties": { "anio": 2026, "establecimiento": "Centro Educativo Fernando Santivan\nRama", "rbd": 7049, "prueba": "M2", "promedio": 395.5, "LATITUD": -39.639389, "LONGITUD": -72.327049 }, "geometry": { "type": "Point", "coordinates": [ -72.327049, -39.639389 ] } },
{ "type": "Feature", "properties": { "anio": 2026, "establecimiento": "Centro Educativo Fernando Santivan\nRama", "rbd": 7049, "prueba": "Historia", "promedio": 392.3, "LATITUD": -39.639389, "LONGITUD": -72.327049 }, "geometry": { "type": "Point", "coordinates": [ -72.327049, -39.639389 ] } },
{ "type": "Feature", "properties": { "anio": 2026, "establecimiento": "Centro Educativo Fernando Santivan\nRama", "rbd": 7049, "prueba": "Ciencias", "promedio": 363.2, "LATITUD": -39.639389, "LONGITUD": -72.327049 }, "geometry": { "type": "Point", "coordinates": [ -72.327049, -39.639389 ] } },
{ "type": "Feature", "properties": { "anio": 2026, "establecimiento": "Centro Educativo Fernando Santivan\nRama", "rbd": 7049, "prueba": "Obligatoria", "promedio": 484.7, "LATITUD": -39.639389, "LONGITUD": -72.327049 }, "geometry": { "type": "Point", "coordinates": [ -72.327049, -39.639389 ] } },
{ "type": "Feature", "properties": { "anio": 2026, "establecimiento": "Complejo Educacional Tierra De Esperanza\nRama", "rbd": 7085, "prueba": "Lenguaje", "promedio": 544.0, "LATITUD": -39.84993, "LONGITUD": -71.945099 }, "geometry": { "type": "Point", "coordinates": [ -71.945099, -39.84993 ] } },
{ "type": "Feature", "properties": { "anio": 2026, "establecimiento": "Complejo Educacional Tierra De Esperanza\nRama", "rbd": 7085, "prueba": "M1", "promedio": 530.9, "LATITUD": -39.84993, "LONGITUD": -71.945099 }, "geometry": { "type": "Point", "coordinates": [ -71.945099, -39.84993 ] } },
{ "type": "Feature", "properties": { "anio": 2026, "establecimiento": "Complejo Educacional Tierra De Esperanza\nRama", "rbd": 7085, "prueba": "M2", "promedio": 369.3, "LATITUD": -39.84993, "LONGITUD": -71.945099 }, "geometry": { "type": "Point", "coordinates": [ -71.945099, -39.84993 ] } },
{ "type": "Feature", "properties": { "anio": 2026, "establecimiento": "Complejo Educacional Tierra De Esperanza\nRama", "rbd": 7085, "prueba": "Historia", "promedio": 407.0, "LATITUD": -39.84993, "LONGITUD": -71.945099 }, "geometry": { "type": "Point", "coordinates": [ -71.945099, -39.84993 ] } },
{ "type": "Feature", "properties": { "anio": 2026, "establecimiento": "Complejo Educacional Tierra De Esperanza\nRama", "rbd": 7085, "prueba": "Ciencias", "promedio": 362.8, "LATITUD": -39.84993, "LONGITUD": -71.945099 }, "geometry": { "type": "Point", "coordinates": [ -71.945099, -39.84993 ] } },
{ "type": "Feature", "properties": { "anio": 2026, "establecimiento": "Complejo Educacional Tierra De Esperanza\nRama", "rbd": 7085, "prueba": "Obligatoria", "promedio": 537.4, "LATITUD": -39.84993, "LONGITUD": -71.945099 }, "geometry": { "type": "Point", "coordinates": [ -71.945099, -39.84993 ] } },
{ "type": "Feature", "properties": { "anio": 2026, "establecimiento": "Liceo Padre Sigisfredo\nRama", "rbd": 7102, "prueba": "Lenguaje", "promedio": 547.7, "LATITUD": -39.641479, "LONGITUD": -72.333076 }, "geometry": { "type": "Point", "coordinates": [ -72.333076, -39.641479 ] } },
{ "type": "Feature", "properties": { "anio": 2026, "establecimiento": "Liceo Padre Sigisfredo\nRama", "rbd": 7102, "prueba": "M1", "promedio": 532.2, "LATITUD": -39.641479, "LONGITUD": -72.333076 }, "geometry": { "type": "Point", "coordinates": [ -72.333076, -39.641479 ] } },
{ "type": "Feature", "properties": { "anio": 2026, "establecimiento": "Liceo Padre Sigisfredo\nRama", "rbd": 7102, "prueba": "M2", "promedio": 381.8, "LATITUD": -39.641479, "LONGITUD": -72.333076 }, "geometry": { "type": "Point", "coordinates": [ -72.333076, -39.641479 ] } },
{ "type": "Feature", "properties": { "anio": 2026, "establecimiento": "Liceo Padre Sigisfredo\nRama", "rbd": 7102, "prueba": "Historia", "promedio": 444.2, "LATITUD": -39.641479, "LONGITUD": -72.333076 }, "geometry": { "type": "Point", "coordinates": [ -72.333076, -39.641479 ] } },
{ "type": "Feature", "properties": { "anio": 2026, "establecimiento": "Liceo Padre Sigisfredo\nRama", "rbd": 7102, "prueba": "Ciencias", "promedio": 394.8, "LATITUD": -39.641479, "LONGITUD": -72.333076 }, "geometry": { "type": "Point", "coordinates": [ -72.333076, -39.641479 ] } },
{ "type": "Feature", "properties": { "anio": 2026, "establecimiento": "Liceo Padre Sigisfredo\nRama", "rbd": 7102, "prueba": "Obligatoria", "promedio": 539.9, "LATITUD": -39.641479, "LONGITUD": -72.333076 }, "geometry": { "type": "Point", "coordinates": [ -72.333076, -39.641479 ] } },
{ "type": "Feature", "properties": { "anio": 2026, "establecimiento": "Liceo Padre Sigisfredo\nRama", "rbd": 7102, "prueba": "Lenguaje", "promedio": 528.0, "LATITUD": -39.641479, "LONGITUD": -72.333076 }, "geometry": { "type": "Point", "coordinates": [ -72.333076, -39.641479 ] } },
{ "type": "Feature", "properties": { "anio": 2026, "establecimiento": "Liceo Padre Sigisfredo\nRama", "rbd": 7102, "prueba": "M1", "promedio": 495.2, "LATITUD": -39.641479, "LONGITUD": -72.333076 }, "geometry": { "type": "Point", "coordinates": [ -72.333076, -39.641479 ] } },
{ "type": "Feature", "properties": { "anio": 2026, "establecimiento": "Liceo Padre Sigisfredo\nRama", "rbd": 7102, "prueba": "M2", "promedio": 370.6, "LATITUD": -39.641479, "LONGITUD": -72.333076 }, "geometry": { "type": "Point", "coordinates": [ -72.333076, -39.641479 ] } },
{ "type": "Feature", "properties": { "anio": 2026, "establecimiento": "Liceo Padre Sigisfredo\nRama", "rbd": 7102, "prueba": "Historia", "promedio": 426.7, "LATITUD": -39.641479, "LONGITUD": -72.333076 }, "geometry": { "type": "Point", "coordinates": [ -72.333076, -39.641479 ] } },
{ "type": "Feature", "properties": { "anio": 2026, "establecimiento": "Liceo Padre Sigisfredo\nRama", "rbd": 7102, "prueba": "Ciencias", "promedio": 380.0, "LATITUD": -39.641479, "LONGITUD": -72.333076 }, "geometry": { "type": "Point", "coordinates": [ -72.333076, -39.641479 ] } },
{ "type": "Feature", "properties": { "anio": 2026, "establecimiento": "Liceo Padre Sigisfredo\nRama", "rbd": 7102, "prueba": "Obligatoria", "promedio": 511.6, "LATITUD": -39.641479, "LONGITUD": -72.333076 }, "geometry": { "type": "Point", "coordinates": [ -72.333076, -39.641479 ] } },
{ "type": "Feature", "properties": { "anio": 2026, "establecimiento": "Colegio De Cultura Y Difusion Artistica\nRama", "rbd": 7128, "prueba": "Lenguaje", "promedio": 546.3, "LATITUD": -40.29660034, "LONGITUD": -73.07873535 }, "geometry": { "type": "Point", "coordinates": [ -73.07873535, -40.29660034 ] } },
{ "type": "Feature", "properties": { "anio": 2026, "establecimiento": "Colegio De Cultura Y Difusion Artistica\nRama", "rbd": 7128, "prueba": "M1", "promedio": 550.7, "LATITUD": -40.29660034, "LONGITUD": -73.07873535 }, "geometry": { "type": "Point", "coordinates": [ -73.07873535, -40.29660034 ] } },
{ "type": "Feature", "properties": { "anio": 2026, "establecimiento": "Colegio De Cultura Y Difusion Artistica\nRama", "rbd": 7128, "prueba": "M2", "promedio": 381.0, "LATITUD": -40.29660034, "LONGITUD": -73.07873535 }, "geometry": { "type": "Point", "coordinates": [ -73.07873535, -40.29660034 ] } },
{ "type": "Feature", "properties": { "anio": 2026, "establecimiento": "Colegio De Cultura Y Difusion Artistica\nRama", "rbd": 7128, "prueba": "Historia", "promedio": 482.5, "LATITUD": -40.29660034, "LONGITUD": -73.07873535 }, "geometry": { "type": "Point", "coordinates": [ -73.07873535, -40.29660034 ] } },
{ "type": "Feature", "properties": { "anio": 2026, "establecimiento": "Colegio De Cultura Y Difusion Artistica\nRama", "rbd": 7128, "prueba": "Ciencias", "promedio": 422.9, "LATITUD": -40.29660034, "LONGITUD": -73.07873535 }, "geometry": { "type": "Point", "coordinates": [ -73.07873535, -40.29660034 ] } },
{ "type": "Feature", "properties": { "anio": 2026, "establecimiento": "Colegio De Cultura Y Difusion Artistica\nRama", "rbd": 7128, "prueba": "Obligatoria", "promedio": 549.3, "LATITUD": -40.29660034, "LONGITUD": -73.07873535 }, "geometry": { "type": "Point", "coordinates": [ -73.07873535, -40.29660034 ] } },
{ "type": "Feature", "properties": { "anio": 2026, "establecimiento": "Liceo Bicentenario Rector Abdon Andrade Coloma\nRama", "rbd": 7129, "prueba": "Lenguaje", "promedio": 621.0, "LATITUD": -40.29813, "LONGITUD": -73.083611 }, "geometry": { "type": "Point", "coordinates": [ -73.083611, -40.29813 ] } },
{ "type": "Feature", "properties": { "anio": 2026, "establecimiento": "Liceo Bicentenario Rector Abdon Andrade Coloma\nRama", "rbd": 7129, "prueba": "M1", "promedio": 647.8, "LATITUD": -40.29813, "LONGITUD": -73.083611 }, "geometry": { "type": "Point", "coordinates": [ -73.083611, -40.29813 ] } },
{ "type": "Feature", "properties": { "anio": 2026, "establecimiento": "Liceo Bicentenario Rector Abdon Andrade Coloma\nRama", "rbd": 7129, "prueba": "M2", "promedio": 420.0, "LATITUD": -40.29813, "LONGITUD": -73.083611 }, "geometry": { "type": "Point", "coordinates": [ -73.083611, -40.29813 ] } },
{ "type": "Feature", "properties": { "anio": 2026, "establecimiento": "Liceo Bicentenario Rector Abdon Andrade Coloma\nRama", "rbd": 7129, "prueba": "Historia", "promedio": 489.3, "LATITUD": -40.29813, "LONGITUD": -73.083611 }, "geometry": { "type": "Point", "coordinates": [ -73.083611, -40.29813 ] } },
{ "type": "Feature", "properties": { "anio": 2026, "establecimiento": "Liceo Bicentenario Rector Abdon Andrade Coloma\nRama", "rbd": 7129, "prueba": "Ciencias", "promedio": 456.9, "LATITUD": -40.29813, "LONGITUD": -73.083611 }, "geometry": { "type": "Point", "coordinates": [ -73.083611, -40.29813 ] } },
{ "type": "Feature", "properties": { "anio": 2026, "establecimiento": "Liceo Bicentenario Rector Abdon Andrade Coloma\nRama", "rbd": 7129, "prueba": "Obligatoria", "promedio": 634.9, "LATITUD": -40.29813, "LONGITUD": -73.083611 }, "geometry": { "type": "Point", "coordinates": [ -73.083611, -40.29813 ] } },
{ "type": "Feature", "properties": { "anio": 2026, "establecimiento": "Liceo Bicentenario Rector Abdon Andrade Coloma\nRama", "rbd": 7129, "prueba": "Lenguaje", "promedio": 575.4, "LATITUD": -40.29813, "LONGITUD": -73.083611 }, "geometry": { "type": "Point", "coordinates": [ -73.083611, -40.29813 ] } },
{ "type": "Feature", "properties": { "anio": 2026, "establecimiento": "Liceo Bicentenario Rector Abdon Andrade Coloma\nRama", "rbd": 7129, "prueba": "M1", "promedio": 587.2, "LATITUD": -40.29813, "LONGITUD": -73.083611 }, "geometry": { "type": "Point", "coordinates": [ -73.083611, -40.29813 ] } },
{ "type": "Feature", "properties": { "anio": 2026, "establecimiento": "Liceo Bicentenario Rector Abdon Andrade Coloma\nRama", "rbd": 7129, "prueba": "M2", "promedio": 383.5, "LATITUD": -40.29813, "LONGITUD": -73.083611 }, "geometry": { "type": "Point", "coordinates": [ -73.083611, -40.29813 ] } },
{ "type": "Feature", "properties": { "anio": 2026, "establecimiento": "Liceo Bicentenario Rector Abdon Andrade Coloma\nRama", "rbd": 7129, "prueba": "Historia", "promedio": 440.7, "LATITUD": -40.29813, "LONGITUD": -73.083611 }, "geometry": { "type": "Point", "coordinates": [ -73.083611, -40.29813 ] } },
{ "type": "Feature", "properties": { "anio": 2026, "establecimiento": "Liceo Bicentenario Rector Abdon Andrade Coloma\nRama", "rbd": 7129, "prueba": "Ciencias", "promedio": 400.0, "LATITUD": -40.29813, "LONGITUD": -73.083611 }, "geometry": { "type": "Point", "coordinates": [ -73.083611, -40.29813 ] } },
{ "type": "Feature", "properties": { "anio": 2026, "establecimiento": "Liceo Bicentenario Rector Abdon Andrade Coloma\nRama", "rbd": 7129, "prueba": "Obligatoria", "promedio": 583.5, "LATITUD": -40.29813, "LONGITUD": -73.083611 }, "geometry": { "type": "Point", "coordinates": [ -73.083611, -40.29813 ] } },
{ "type": "Feature", "properties": { "anio": 2026, "establecimiento": "Liceo Bicentenario Rector Abdon Andrade Coloma\nRama", "rbd": 7129, "prueba": "Lenguaje", "promedio": 521.4, "LATITUD": -40.29813, "LONGITUD": -73.083611 }, "geometry": { "type": "Point", "coordinates": [ -73.083611, -40.29813 ] } },
{ "type": "Feature", "properties": { "anio": 2026, "establecimiento": "Liceo Bicentenario Rector Abdon Andrade Coloma\nRama", "rbd": 7129, "prueba": "M1", "promedio": 609.6, "LATITUD": -40.29813, "LONGITUD": -73.083611 }, "geometry": { "type": "Point", "coordinates": [ -73.083611, -40.29813 ] } },
{ "type": "Feature", "properties": { "anio": 2026, "establecimiento": "Liceo Bicentenario Rector Abdon Andrade Coloma\nRama", "rbd": 7129, "prueba": "M2", "promedio": 370.9, "LATITUD": -40.29813, "LONGITUD": -73.083611 }, "geometry": { "type": "Point", "coordinates": [ -73.083611, -40.29813 ] } },
{ "type": "Feature", "properties": { "anio": 2026, "establecimiento": "Liceo Bicentenario Rector Abdon Andrade Coloma\nRama", "rbd": 7129, "prueba": "Historia", "promedio": 399.0, "LATITUD": -40.29813, "LONGITUD": -73.083611 }, "geometry": { "type": "Point", "coordinates": [ -73.083611, -40.29813 ] } },
{ "type": "Feature", "properties": { "anio": 2026, "establecimiento": "Liceo Bicentenario Rector Abdon Andrade Coloma\nRama", "rbd": 7129, "prueba": "Ciencias", "promedio": 443.3, "LATITUD": -40.29813, "LONGITUD": -73.083611 }, "geometry": { "type": "Point", "coordinates": [ -73.083611, -40.29813 ] } },
{ "type": "Feature", "properties": { "anio": 2026, "establecimiento": "Liceo Bicentenario Rector Abdon Andrade Coloma\nRama", "rbd": 7129, "prueba": "Obligatoria", "promedio": 564.7, "LATITUD": -40.29813, "LONGITUD": -73.083611 }, "geometry": { "type": "Point", "coordinates": [ -73.083611, -40.29813 ] } },
{ "type": "Feature", "properties": { "anio": 2026, "establecimiento": "Colegio Tecnico Profesional N", "rbd": 7135, "prueba": "Lenguaje", "promedio": 514.7, "LATITUD": -40.292339, "LONGITUD": -73.079422 }, "geometry": { "type": "Point", "coordinates": [ -73.079422, -40.292339 ] } },
{ "type": "Feature", "properties": { "anio": 2026, "establecimiento": "Colegio Tecnico Profesional N", "rbd": 7135, "prueba": "M1", "promedio": 660.3, "LATITUD": -40.292339, "LONGITUD": -73.079422 }, "geometry": { "type": "Point", "coordinates": [ -73.079422, -40.292339 ] } },
{ "type": "Feature", "properties": { "anio": 2026, "establecimiento": "Colegio Tecnico Profesional N", "rbd": 7135, "prueba": "M2", "promedio": 347.0, "LATITUD": -40.292339, "LONGITUD": -73.079422 }, "geometry": { "type": "Point", "coordinates": [ -73.079422, -40.292339 ] } },
{ "type": "Feature", "properties": { "anio": 2026, "establecimiento": "Colegio Tecnico Profesional N", "rbd": 7135, "prueba": "Historia", "promedio": 348.0, "LATITUD": -40.292339, "LONGITUD": -73.079422 }, "geometry": { "type": "Point", "coordinates": [ -73.079422, -40.292339 ] } },
{ "type": "Feature", "properties": { "anio": 2026, "establecimiento": "Colegio Tecnico Profesional N", "rbd": 7135, "prueba": "Ciencias", "promedio": 378.7, "LATITUD": -40.292339, "LONGITUD": -73.079422 }, "geometry": { "type": "Point", "coordinates": [ -73.079422, -40.292339 ] } },
{ "type": "Feature", "properties": { "anio": 2026, "establecimiento": "Colegio Tecnico Profesional N", "rbd": 7135, "prueba": "Obligatoria", "promedio": 587.5, "LATITUD": -40.292339, "LONGITUD": -73.079422 }, "geometry": { "type": "Point", "coordinates": [ -73.079422, -40.292339 ] } },
{ "type": "Feature", "properties": { "anio": 2026, "establecimiento": "Colegio Tecnico Profesional N", "rbd": 7135, "prueba": "Lenguaje", "promedio": 515.6, "LATITUD": -40.292339, "LONGITUD": -73.079422 }, "geometry": { "type": "Point", "coordinates": [ -73.079422, -40.292339 ] } },
{ "type": "Feature", "properties": { "anio": 2026, "establecimiento": "Colegio Tecnico Profesional N", "rbd": 7135, "prueba": "M1", "promedio": 505.6, "LATITUD": -40.292339, "LONGITUD": -73.079422 }, "geometry": { "type": "Point", "coordinates": [ -73.079422, -40.292339 ] } },
{ "type": "Feature", "properties": { "anio": 2026, "establecimiento": "Colegio Tecnico Profesional N", "rbd": 7135, "prueba": "M2", "promedio": 360.0, "LATITUD": -40.292339, "LONGITUD": -73.079422 }, "geometry": { "type": "Point", "coordinates": [ -73.079422, -40.292339 ] } },
{ "type": "Feature", "properties": { "anio": 2026, "establecimiento": "Colegio Tecnico Profesional N", "rbd": 7135, "prueba": "Historia", "promedio": 405.0, "LATITUD": -40.292339, "LONGITUD": -73.079422 }, "geometry": { "type": "Point", "coordinates": [ -73.079422, -40.292339 ] } },
{ "type": "Feature", "properties": { "anio": 2026, "establecimiento": "Colegio Tecnico Profesional N", "rbd": 7135, "prueba": "Ciencias", "promedio": 377.4, "LATITUD": -40.292339, "LONGITUD": -73.079422 }, "geometry": { "type": "Point", "coordinates": [ -73.079422, -40.292339 ] } },
{ "type": "Feature", "properties": { "anio": 2026, "establecimiento": "Colegio Tecnico Profesional N", "rbd": 7135, "prueba": "Obligatoria", "promedio": 514.4, "LATITUD": -40.292339, "LONGITUD": -73.079422 }, "geometry": { "type": "Point", "coordinates": [ -73.079422, -40.292339 ] } },
{ "type": "Feature", "properties": { "anio": 2026, "establecimiento": "Colegio Aleman R", "rbd": 7180, "prueba": "Lenguaje", "promedio": 720.8, "LATITUD": -40.294868, "LONGITUD": -73.08438 }, "geometry": { "type": "Point", "coordinates": [ -73.08438, -40.294868 ] } },
{ "type": "Feature", "properties": { "anio": 2026, "establecimiento": "Colegio Aleman R", "rbd": 7180, "prueba": "M1", "promedio": 769.2, "LATITUD": -40.294868, "LONGITUD": -73.08438 }, "geometry": { "type": "Point", "coordinates": [ -73.08438, -40.294868 ] } },
{ "type": "Feature", "properties": { "anio": 2026, "establecimiento": "Colegio Aleman R", "rbd": 7180, "prueba": "M2", "promedio": 471.3, "LATITUD": -40.294868, "LONGITUD": -73.08438 }, "geometry": { "type": "Point", "coordinates": [ -73.08438, -40.294868 ] } },
{ "type": "Feature", "properties": { "anio": 2026, "establecimiento": "Colegio Aleman R", "rbd": 7180, "prueba": "Historia", "promedio": 654.3, "LATITUD": -40.294868, "LONGITUD": -73.08438 }, "geometry": { "type": "Point", "coordinates": [ -73.08438, -40.294868 ] } },
{ "type": "Feature", "properties": { "anio": 2026, "establecimiento": "Colegio Aleman R", "rbd": 7180, "prueba": "Ciencias", "promedio": 583.3, "LATITUD": -40.294868, "LONGITUD": -73.08438 }, "geometry": { "type": "Point", "coordinates": [ -73.08438, -40.294868 ] } },
{ "type": "Feature", "properties": { "anio": 2026, "establecimiento": "Colegio Aleman R", "rbd": 7180, "prueba": "Obligatoria", "promedio": 745.0, "LATITUD": -40.294868, "LONGITUD": -73.08438 }, "geometry": { "type": "Point", "coordinates": [ -73.08438, -40.294868 ] } },
{ "type": "Feature", "properties": { "anio": 2026, "establecimiento": "Colegio Santa Marta\nRama", "rbd": 7181, "prueba": "Lenguaje", "promedio": 638.1, "LATITUD": -40.297359, "LONGITUD": -73.083801 }, "geometry": { "type": "Point", "coordinates": [ -73.083801, -40.297359 ] } },
{ "type": "Feature", "properties": { "anio": 2026, "establecimiento": "Colegio Santa Marta\nRama", "rbd": 7181, "prueba": "M1", "promedio": 637.9, "LATITUD": -40.297359, "LONGITUD": -73.083801 }, "geometry": { "type": "Point", "coordinates": [ -73.083801, -40.297359 ] } },
{ "type": "Feature", "properties": { "anio": 2026, "establecimiento": "Colegio Santa Marta\nRama", "rbd": 7181, "prueba": "M2", "promedio": 418.8, "LATITUD": -40.297359, "LONGITUD": -73.083801 }, "geometry": { "type": "Point", "coordinates": [ -73.083801, -40.297359 ] } },
{ "type": "Feature", "properties": { "anio": 2026, "establecimiento": "Colegio Santa Marta\nRama", "rbd": 7181, "prueba": "Historia", "promedio": 531.9, "LATITUD": -40.297359, "LONGITUD": -73.083801 }, "geometry": { "type": "Point", "coordinates": [ -73.083801, -40.297359 ] } },
{ "type": "Feature", "properties": { "anio": 2026, "establecimiento": "Colegio Santa Marta\nRama", "rbd": 7181, "prueba": "Ciencias", "promedio": 454.0, "LATITUD": -40.297359, "LONGITUD": -73.083801 }, "geometry": { "type": "Point", "coordinates": [ -73.083801, -40.297359 ] } },
{ "type": "Feature", "properties": { "anio": 2026, "establecimiento": "Colegio Santa Marta\nRama", "rbd": 7181, "prueba": "Obligatoria", "promedio": 638.0, "LATITUD": -40.297359, "LONGITUD": -73.083801 }, "geometry": { "type": "Point", "coordinates": [ -73.083801, -40.297359 ] } },
{ "type": "Feature", "properties": { "anio": 2026, "establecimiento": "Colegio Padre Damian\nRama", "rbd": 7183, "prueba": "Lenguaje", "promedio": 577.0, "LATITUD": -40.299389, "LONGITUD": -73.0737 }, "geometry": { "type": "Point", "coordinates": [ -73.0737, -40.299389 ] } },
{ "type": "Feature", "properties": { "anio": 2026, "establecimiento": "Colegio Padre Damian\nRama", "rbd": 7183, "prueba": "M1", "promedio": 586.5, "LATITUD": -40.299389, "LONGITUD": -73.0737 }, "geometry": { "type": "Point", "coordinates": [ -73.0737, -40.299389 ] } },
{ "type": "Feature", "properties": { "anio": 2026, "establecimiento": "Colegio Padre Damian\nRama", "rbd": 7183, "prueba": "M2", "promedio": 383.8, "LATITUD": -40.299389, "LONGITUD": -73.0737 }, "geometry": { "type": "Point", "coordinates": [ -73.0737, -40.299389 ] } },
{ "type": "Feature", "properties": { "anio": 2026, "establecimiento": "Colegio Padre Damian\nRama", "rbd": 7183, "prueba": "Historia", "promedio": 511.3, "LATITUD": -40.299389, "LONGITUD": -73.0737 }, "geometry": { "type": "Point", "coordinates": [ -73.0737, -40.299389 ] } },
{ "type": "Feature", "properties": { "anio": 2026, "establecimiento": "Colegio Padre Damian\nRama", "rbd": 7183, "prueba": "Ciencias", "promedio": 434.6, "LATITUD": -40.299389, "LONGITUD": -73.0737 }, "geometry": { "type": "Point", "coordinates": [ -73.0737, -40.299389 ] } },
{ "type": "Feature", "properties": { "anio": 2026, "establecimiento": "Colegio Padre Damian\nRama", "rbd": 7183, "prueba": "Obligatoria", "promedio": 581.8, "LATITUD": -40.299389, "LONGITUD": -73.0737 }, "geometry": { "type": "Point", "coordinates": [ -73.0737, -40.299389 ] } },
{ "type": "Feature", "properties": { "anio": 2026, "establecimiento": "Liceo Rodulfo Amando Philippi\nRama", "rbd": 7200, "prueba": "Lenguaje", "promedio": 575.4, "LATITUD": -40.069962, "LONGITUD": -72.866417 }, "geometry": { "type": "Point", "coordinates": [ -72.866417, -40.069962 ] } },
{ "type": "Feature", "properties": { "anio": 2026, "establecimiento": "Liceo Rodulfo Amando Philippi\nRama", "rbd": 7200, "prueba": "M1", "promedio": 577.6, "LATITUD": -40.069962, "LONGITUD": -72.866417 }, "geometry": { "type": "Point", "coordinates": [ -72.866417, -40.069962 ] } },
{ "type": "Feature", "properties": { "anio": 2026, "establecimiento": "Liceo Rodulfo Amando Philippi\nRama", "rbd": 7200, "prueba": "M2", "promedio": 388.6, "LATITUD": -40.069962, "LONGITUD": -72.866417 }, "geometry": { "type": "Point", "coordinates": [ -72.866417, -40.069962 ] } },
{ "type": "Feature", "properties": { "anio": 2026, "establecimiento": "Liceo Rodulfo Amando Philippi\nRama", "rbd": 7200, "prueba": "Historia", "promedio": 470.8, "LATITUD": -40.069962, "LONGITUD": -72.866417 }, "geometry": { "type": "Point", "coordinates": [ -72.866417, -40.069962 ] } },
{ "type": "Feature", "properties": { "anio": 2026, "establecimiento": "Liceo Rodulfo Amando Philippi\nRama", "rbd": 7200, "prueba": "Ciencias", "promedio": 425.3, "LATITUD": -40.069962, "LONGITUD": -72.866417 }, "geometry": { "type": "Point", "coordinates": [ -72.866417, -40.069962 ] } },
{ "type": "Feature", "properties": { "anio": 2026, "establecimiento": "Liceo Rodulfo Amando Philippi\nRama", "rbd": 7200, "prueba": "Obligatoria", "promedio": 577.8, "LATITUD": -40.069962, "LONGITUD": -72.866417 }, "geometry": { "type": "Point", "coordinates": [ -72.866417, -40.069962 ] } },
{ "type": "Feature", "properties": { "anio": 2026, "establecimiento": "Liceo Rodulfo Amando Philippi\nRama", "rbd": 7200, "prueba": "Lenguaje", "promedio": 478.7, "LATITUD": -40.069962, "LONGITUD": -72.866417 }, "geometry": { "type": "Point", "coordinates": [ -72.866417, -40.069962 ] } },
{ "type": "Feature", "properties": { "anio": 2026, "establecimiento": "Liceo Rodulfo Amando Philippi\nRama", "rbd": 7200, "prueba": "M1", "promedio": 421.7, "LATITUD": -40.069962, "LONGITUD": -72.866417 }, "geometry": { "type": "Point", "coordinates": [ -72.866417, -40.069962 ] } },
{ "type": "Feature", "properties": { "anio": 2026, "establecimiento": "Liceo Rodulfo Amando Philippi\nRama", "rbd": 7200, "prueba": "M2", "promedio": 369.5, "LATITUD": -40.069962, "LONGITUD": -72.866417 }, "geometry": { "type": "Point", "coordinates": [ -72.866417, -40.069962 ] } },
{ "type": "Feature", "properties": { "anio": 2026, "establecimiento": "Liceo Rodulfo Amando Philippi\nRama", "rbd": 7200, "prueba": "Historia", "promedio": 459.0, "LATITUD": -40.069962, "LONGITUD": -72.866417 }, "geometry": { "type": "Point", "coordinates": [ -72.866417, -40.069962 ] } },
{ "type": "Feature", "properties": { "anio": 2026, "establecimiento": "Liceo Rodulfo Amando Philippi\nRama", "rbd": 7200, "prueba": "Ciencias", "promedio": 344.0, "LATITUD": -40.069962, "LONGITUD": -72.866417 }, "geometry": { "type": "Point", "coordinates": [ -72.866417, -40.069962 ] } },
{ "type": "Feature", "properties": { "anio": 2026, "establecimiento": "Liceo Rodulfo Amando Philippi\nRama", "rbd": 7200, "prueba": "Obligatoria", "promedio": 450.2, "LATITUD": -40.069962, "LONGITUD": -72.866417 }, "geometry": { "type": "Point", "coordinates": [ -72.866417, -40.069962 ] } },
{ "type": "Feature", "properties": { "anio": 2026, "establecimiento": "Liceo Rodulfo Amando Philippi\nRama", "rbd": 7200, "prueba": "Lenguaje", "promedio": 555.8, "LATITUD": -40.069962, "LONGITUD": -72.866417 }, "geometry": { "type": "Point", "coordinates": [ -72.866417, -40.069962 ] } },
{ "type": "Feature", "properties": { "anio": 2026, "establecimiento": "Liceo Rodulfo Amando Philippi\nRama", "rbd": 7200, "prueba": "M1", "promedio": 562.8, "LATITUD": -40.069962, "LONGITUD": -72.866417 }, "geometry": { "type": "Point", "coordinates": [ -72.866417, -40.069962 ] } },
{ "type": "Feature", "properties": { "anio": 2026, "establecimiento": "Liceo Rodulfo Amando Philippi\nRama", "rbd": 7200, "prueba": "M2", "promedio": 352.3, "LATITUD": -40.069962, "LONGITUD": -72.866417 }, "geometry": { "type": "Point", "coordinates": [ -72.866417, -40.069962 ] } },
{ "type": "Feature", "properties": { "anio": 2026, "establecimiento": "Liceo Rodulfo Amando Philippi\nRama", "rbd": 7200, "prueba": "Historia", "promedio": 457.8, "LATITUD": -40.069962, "LONGITUD": -72.866417 }, "geometry": { "type": "Point", "coordinates": [ -72.866417, -40.069962 ] } },
{ "type": "Feature", "properties": { "anio": 2026, "establecimiento": "Liceo Rodulfo Amando Philippi\nRama", "rbd": 7200, "prueba": "Ciencias", "promedio": 471.0, "LATITUD": -40.069962, "LONGITUD": -72.866417 }, "geometry": { "type": "Point", "coordinates": [ -72.866417, -40.069962 ] } },
{ "type": "Feature", "properties": { "anio": 2026, "establecimiento": "Liceo Rodulfo Amando Philippi\nRama", "rbd": 7200, "prueba": "Obligatoria", "promedio": 559.3, "LATITUD": -40.069962, "LONGITUD": -72.866417 }, "geometry": { "type": "Point", "coordinates": [ -72.866417, -40.069962 ] } },
{ "type": "Feature", "properties": { "anio": 2026, "establecimiento": "Liceo Rodulfo Amando Philippi\nRama", "rbd": 7200, "prueba": "Lenguaje", "promedio": 480.0, "LATITUD": -40.069962, "LONGITUD": -72.866417 }, "geometry": { "type": "Point", "coordinates": [ -72.866417, -40.069962 ] } },
{ "type": "Feature", "properties": { "anio": 2026, "establecimiento": "Liceo Rodulfo Amando Philippi\nRama", "rbd": 7200, "prueba": "M1", "promedio": 526.8, "LATITUD": -40.069962, "LONGITUD": -72.866417 }, "geometry": { "type": "Point", "coordinates": [ -72.866417, -40.069962 ] } },
{ "type": "Feature", "properties": { "anio": 2026, "establecimiento": "Liceo Rodulfo Amando Philippi\nRama", "rbd": 7200, "prueba": "M2", "promedio": 396.2, "LATITUD": -40.069962, "LONGITUD": -72.866417 }, "geometry": { "type": "Point", "coordinates": [ -72.866417, -40.069962 ] } },
{ "type": "Feature", "properties": { "anio": 2026, "establecimiento": "Liceo Rodulfo Amando Philippi\nRama", "rbd": 7200, "prueba": "Historia", "promedio": 391.8, "LATITUD": -40.069962, "LONGITUD": -72.866417 }, "geometry": { "type": "Point", "coordinates": [ -72.866417, -40.069962 ] } },
{ "type": "Feature", "properties": { "anio": 2026, "establecimiento": "Liceo Rodulfo Amando Philippi\nRama", "rbd": 7200, "prueba": "Ciencias", "promedio": 383.6, "LATITUD": -40.069962, "LONGITUD": -72.866417 }, "geometry": { "type": "Point", "coordinates": [ -72.866417, -40.069962 ] } },
{ "type": "Feature", "properties": { "anio": 2026, "establecimiento": "Liceo Rodulfo Amando Philippi\nRama", "rbd": 7200, "prueba": "Obligatoria", "promedio": 506.7, "LATITUD": -40.069962, "LONGITUD": -72.866417 }, "geometry": { "type": "Point", "coordinates": [ -72.866417, -40.069962 ] } },
{ "type": "Feature", "properties": { "anio": 2026, "establecimiento": "Liceo Rodulfo Amando Philippi\nRama", "rbd": 7200, "prueba": "Lenguaje", "promedio": 540.5, "LATITUD": -40.069962, "LONGITUD": -72.866417 }, "geometry": { "type": "Point", "coordinates": [ -72.866417, -40.069962 ] } },
{ "type": "Feature", "properties": { "anio": 2026, "establecimiento": "Liceo Rodulfo Amando Philippi\nRama", "rbd": 7200, "prueba": "M1", "promedio": 518.2, "LATITUD": -40.069962, "LONGITUD": -72.866417 }, "geometry": { "type": "Point", "coordinates": [ -72.866417, -40.069962 ] } },
{ "type": "Feature", "properties": { "anio": 2026, "establecimiento": "Liceo Rodulfo Amando Philippi\nRama", "rbd": 7200, "prueba": "M2", "promedio": 342.7, "LATITUD": -40.069962, "LONGITUD": -72.866417 }, "geometry": { "type": "Point", "coordinates": [ -72.866417, -40.069962 ] } },
{ "type": "Feature", "properties": { "anio": 2026, "establecimiento": "Liceo Rodulfo Amando Philippi\nRama", "rbd": 7200, "prueba": "Historia", "promedio": 516.0, "LATITUD": -40.069962, "LONGITUD": -72.866417 }, "geometry": { "type": "Point", "coordinates": [ -72.866417, -40.069962 ] } },
{ "type": "Feature", "properties": { "anio": 2026, "establecimiento": "Liceo Rodulfo Amando Philippi\nRama", "rbd": 7200, "prueba": "Ciencias", "promedio": 372.3, "LATITUD": -40.069962, "LONGITUD": -72.866417 }, "geometry": { "type": "Point", "coordinates": [ -72.866417, -40.069962 ] } },
{ "type": "Feature", "properties": { "anio": 2026, "establecimiento": "Liceo Rodulfo Amando Philippi\nRama", "rbd": 7200, "prueba": "Obligatoria", "promedio": 529.3, "LATITUD": -40.069962, "LONGITUD": -72.866417 }, "geometry": { "type": "Point", "coordinates": [ -72.866417, -40.069962 ] } },
{ "type": "Feature", "properties": { "anio": 2026, "establecimiento": "Colegio Proyecto De Futuro\nRama", "rbd": 7202, "prueba": "Lenguaje", "promedio": 573.8, "LATITUD": -40.072399, "LONGITUD": -72.869247 }, "geometry": { "type": "Point", "coordinates": [ -72.869247, -40.072399 ] } },
{ "type": "Feature", "properties": { "anio": 2026, "establecimiento": "Colegio Proyecto De Futuro\nRama", "rbd": 7202, "prueba": "M1", "promedio": 578.3, "LATITUD": -40.072399, "LONGITUD": -72.869247 }, "geometry": { "type": "Point", "coordinates": [ -72.869247, -40.072399 ] } },
{ "type": "Feature", "properties": { "anio": 2026, "establecimiento": "Colegio Proyecto De Futuro\nRama", "rbd": 7202, "prueba": "M2", "promedio": 389.3, "LATITUD": -40.072399, "LONGITUD": -72.869247 }, "geometry": { "type": "Point", "coordinates": [ -72.869247, -40.072399 ] } },
{ "type": "Feature", "properties": { "anio": 2026, "establecimiento": "Colegio Proyecto De Futuro\nRama", "rbd": 7202, "prueba": "Historia", "promedio": 458.6, "LATITUD": -40.072399, "LONGITUD": -72.869247 }, "geometry": { "type": "Point", "coordinates": [ -72.869247, -40.072399 ] } },
{ "type": "Feature", "properties": { "anio": 2026, "establecimiento": "Colegio Proyecto De Futuro\nRama", "rbd": 7202, "prueba": "Ciencias", "promedio": 455.7, "LATITUD": -40.072399, "LONGITUD": -72.869247 }, "geometry": { "type": "Point", "coordinates": [ -72.869247, -40.072399 ] } },
{ "type": "Feature", "properties": { "anio": 2026, "establecimiento": "Colegio Proyecto De Futuro\nRama", "rbd": 7202, "prueba": "Obligatoria", "promedio": 576.1, "LATITUD": -40.072399, "LONGITUD": -72.869247 }, "geometry": { "type": "Point", "coordinates": [ -72.869247, -40.072399 ] } },
{ "type": "Feature", "properties": { "anio": 2026, "establecimiento": "Escuela Particular Alemana\nRama", "rbd": 7231, "prueba": "Lenguaje", "promedio": 553.3, "LATITUD": -40.073292, "LONGITUD": -72.875511 }, "geometry": { "type": "Point", "coordinates": [ -72.875511, -40.073292 ] } },
{ "type": "Feature", "properties": { "anio": 2026, "establecimiento": "Escuela Particular Alemana\nRama", "rbd": 7231, "prueba": "M1", "promedio": 576.9, "LATITUD": -40.073292, "LONGITUD": -72.875511 }, "geometry": { "type": "Point", "coordinates": [ -72.875511, -40.073292 ] } },
{ "type": "Feature", "properties": { "anio": 2026, "establecimiento": "Escuela Particular Alemana\nRama", "rbd": 7231, "prueba": "M2", "promedio": 440.5, "LATITUD": -40.073292, "LONGITUD": -72.875511 }, "geometry": { "type": "Point", "coordinates": [ -72.875511, -40.073292 ] } },
{ "type": "Feature", "properties": { "anio": 2026, "establecimiento": "Escuela Particular Alemana\nRama", "rbd": 7231, "prueba": "Historia", "promedio": 497.6, "LATITUD": -40.073292, "LONGITUD": -72.875511 }, "geometry": { "type": "Point", "coordinates": [ -72.875511, -40.073292 ] } },
{ "type": "Feature", "properties": { "anio": 2026, "establecimiento": "Escuela Particular Alemana\nRama", "rbd": 7231, "prueba": "Ciencias", "promedio": 417.8, "LATITUD": -40.073292, "LONGITUD": -72.875511 }, "geometry": { "type": "Point", "coordinates": [ -72.875511, -40.073292 ] } },
{ "type": "Feature", "properties": { "anio": 2026, "establecimiento": "Escuela Particular Alemana\nRama", "rbd": 7231, "prueba": "Obligatoria", "promedio": 565.1, "LATITUD": -40.073292, "LONGITUD": -72.875511 }, "geometry": { "type": "Point", "coordinates": [ -72.875511, -40.073292 ] } },
{ "type": "Feature", "properties": { "anio": 2026, "establecimiento": "Liceo Bicentenario Vicente Pérez Rosales\nRama", "rbd": 7236, "prueba": "Lenguaje", "promedio": 591.1, "LATITUD": -40.336208, "LONGITUD": -72.94957 }, "geometry": { "type": "Point", "coordinates": [ -72.94957, -40.336208 ] } },
{ "type": "Feature", "properties": { "anio": 2026, "establecimiento": "Liceo Bicentenario Vicente Pérez Rosales\nRama", "rbd": 7236, "prueba": "M1", "promedio": 575.6, "LATITUD": -40.336208, "LONGITUD": -72.94957 }, "geometry": { "type": "Point", "coordinates": [ -72.94957, -40.336208 ] } },
{ "type": "Feature", "properties": { "anio": 2026, "establecimiento": "Liceo Bicentenario Vicente Pérez Rosales\nRama", "rbd": 7236, "prueba": "M2", "promedio": 377.5, "LATITUD": -40.336208, "LONGITUD": -72.94957 }, "geometry": { "type": "Point", "coordinates": [ -72.94957, -40.336208 ] } },
{ "type": "Feature", "properties": { "anio": 2026, "establecimiento": "Liceo Bicentenario Vicente Pérez Rosales\nRama", "rbd": 7236, "prueba": "Historia", "promedio": 482.3, "LATITUD": -40.336208, "LONGITUD": -72.94957 }, "geometry": { "type": "Point", "coordinates": [ -72.94957, -40.336208 ] } },
{ "type": "Feature", "properties": { "anio": 2026, "establecimiento": "Liceo Bicentenario Vicente Pérez Rosales\nRama", "rbd": 7236, "prueba": "Ciencias", "promedio": 430.3, "LATITUD": -40.336208, "LONGITUD": -72.94957 }, "geometry": { "type": "Point", "coordinates": [ -72.94957, -40.336208 ] } },
{ "type": "Feature", "properties": { "anio": 2026, "establecimiento": "Liceo Bicentenario Vicente Pérez Rosales\nRama", "rbd": 7236, "prueba": "Obligatoria", "promedio": 583.3, "LATITUD": -40.336208, "LONGITUD": -72.94957 }, "geometry": { "type": "Point", "coordinates": [ -72.94957, -40.336208 ] } },
{ "type": "Feature", "properties": { "anio": 2026, "establecimiento": "Colegio Bicentenario Crucero Oscar Daniel\nRama", "rbd": 7240, "prueba": "Lenguaje", "promedio": 510.0, "LATITUD": -40.41819, "LONGITUD": -72.805367 }, "geometry": { "type": "Point", "coordinates": [ -72.805367, -40.41819 ] } },
{ "type": "Feature", "properties": { "anio": 2026, "establecimiento": "Colegio Bicentenario Crucero Oscar Daniel\nRama", "rbd": 7240, "prueba": "M1", "promedio": 490.7, "LATITUD": -40.41819, "LONGITUD": -72.805367 }, "geometry": { "type": "Point", "coordinates": [ -72.805367, -40.41819 ] } },
{ "type": "Feature", "properties": { "anio": 2026, "establecimiento": "Colegio Bicentenario Crucero Oscar Daniel\nRama", "rbd": 7240, "prueba": "M2", "promedio": 360.6, "LATITUD": -40.41819, "LONGITUD": -72.805367 }, "geometry": { "type": "Point", "coordinates": [ -72.805367, -40.41819 ] } },
{ "type": "Feature", "properties": { "anio": 2026, "establecimiento": "Colegio Bicentenario Crucero Oscar Daniel\nRama", "rbd": 7240, "prueba": "Historia", "promedio": 465.3, "LATITUD": -40.41819, "LONGITUD": -72.805367 }, "geometry": { "type": "Point", "coordinates": [ -72.805367, -40.41819 ] } },
{ "type": "Feature", "properties": { "anio": 2026, "establecimiento": "Colegio Bicentenario Crucero Oscar Daniel\nRama", "rbd": 7240, "prueba": "Ciencias", "promedio": 402.8, "LATITUD": -40.41819, "LONGITUD": -72.805367 }, "geometry": { "type": "Point", "coordinates": [ -72.805367, -40.41819 ] } },
{ "type": "Feature", "properties": { "anio": 2026, "establecimiento": "Colegio Bicentenario Crucero Oscar Daniel\nRama", "rbd": 7240, "prueba": "Obligatoria", "promedio": 502.0, "LATITUD": -40.41819, "LONGITUD": -72.805367 }, "geometry": { "type": "Point", "coordinates": [ -72.805367, -40.41819 ] } },
{ "type": "Feature", "properties": { "anio": 2026, "establecimiento": "Colegio Santa Cruz\nRama", "rbd": 7276, "prueba": "Lenguaje", "promedio": 613.5, "LATITUD": -40.334301, "LONGITUD": -72.956741 }, "geometry": { "type": "Point", "coordinates": [ -72.956741, -40.334301 ] } },
{ "type": "Feature", "properties": { "anio": 2026, "establecimiento": "Colegio Santa Cruz\nRama", "rbd": 7276, "prueba": "M1", "promedio": 619.5, "LATITUD": -40.334301, "LONGITUD": -72.956741 }, "geometry": { "type": "Point", "coordinates": [ -72.956741, -40.334301 ] } },
{ "type": "Feature", "properties": { "anio": 2026, "establecimiento": "Colegio Santa Cruz\nRama", "rbd": 7276, "prueba": "M2", "promedio": 423.1, "LATITUD": -40.334301, "LONGITUD": -72.956741 }, "geometry": { "type": "Point", "coordinates": [ -72.956741, -40.334301 ] } },
{ "type": "Feature", "properties": { "anio": 2026, "establecimiento": "Colegio Santa Cruz\nRama", "rbd": 7276, "prueba": "Historia", "promedio": 472.0, "LATITUD": -40.334301, "LONGITUD": -72.956741 }, "geometry": { "type": "Point", "coordinates": [ -72.956741, -40.334301 ] } },
{ "type": "Feature", "properties": { "anio": 2026, "establecimiento": "Colegio Santa Cruz\nRama", "rbd": 7276, "prueba": "Ciencias", "promedio": 443.1, "LATITUD": -40.334301, "LONGITUD": -72.956741 }, "geometry": { "type": "Point", "coordinates": [ -72.956741, -40.334301 ] } },
{ "type": "Feature", "properties": { "anio": 2026, "establecimiento": "Colegio Santa Cruz\nRama", "rbd": 7276, "prueba": "Obligatoria", "promedio": 616.5, "LATITUD": -40.334301, "LONGITUD": -72.956741 }, "geometry": { "type": "Point", "coordinates": [ -72.956741, -40.334301 ] } },
{ "type": "Feature", "properties": { "anio": 2026, "establecimiento": "Liceo Antonio Varas\nRama", "rbd": 7299, "prueba": "Lenguaje", "promedio": 603.7, "LATITUD": -40.32111, "LONGITUD": -72.47612 }, "geometry": { "type": "Point", "coordinates": [ -72.47612, -40.32111 ] } },
{ "type": "Feature", "properties": { "anio": 2026, "establecimiento": "Liceo Antonio Varas\nRama", "rbd": 7299, "prueba": "M1", "promedio": 614.6, "LATITUD": -40.32111, "LONGITUD": -72.47612 }, "geometry": { "type": "Point", "coordinates": [ -72.47612, -40.32111 ] } },
{ "type": "Feature", "properties": { "anio": 2026, "establecimiento": "Liceo Antonio Varas\nRama", "rbd": 7299, "prueba": "M2", "promedio": 401.5, "LATITUD": -40.32111, "LONGITUD": -72.47612 }, "geometry": { "type": "Point", "coordinates": [ -72.47612, -40.32111 ] } },
{ "type": "Feature", "properties": { "anio": 2026, "establecimiento": "Liceo Antonio Varas\nRama", "rbd": 7299, "prueba": "Historia", "promedio": 505.1, "LATITUD": -40.32111, "LONGITUD": -72.47612 }, "geometry": { "type": "Point", "coordinates": [ -72.47612, -40.32111 ] } },
{ "type": "Feature", "properties": { "anio": 2026, "establecimiento": "Liceo Antonio Varas\nRama", "rbd": 7299, "prueba": "Ciencias", "promedio": 420.4, "LATITUD": -40.32111, "LONGITUD": -72.47612 }, "geometry": { "type": "Point", "coordinates": [ -72.47612, -40.32111 ] } },
{ "type": "Feature", "properties": { "anio": 2026, "establecimiento": "Liceo Antonio Varas\nRama", "rbd": 7299, "prueba": "Obligatoria", "promedio": 609.1, "LATITUD": -40.32111, "LONGITUD": -72.47612 }, "geometry": { "type": "Point", "coordinates": [ -72.47612, -40.32111 ] } }
]
}
