anio,establecimiento,rbd,prueba,promedio,NOM_RBD,LATITUD,LONGITUD
2024,"Escuela Hospitalaria Puerto Montt
Rama",20409,Lenguaje,479.0,ESCUELA HOSPITALARIA PUERTO MONTT,"-41,44917","-72,95726"
2024,"Escuela Hospitalaria Puerto Montt
Rama",20409,M1,480.7,ESCUELA HOSPITALARIA PUERTO MONTT,"-41,44917","-72,95726"
2024,"Escuela Hospitalaria Puerto Montt
Rama",20409,M2,0.0,ESCUELA HOSPITALARIA PUERTO MONTT,"-41,44917","-72,95726"
2024,"Escuela Hospitalaria Puerto Montt
Rama",20409,Historia,447.0,ESCUELA HOSPITALARIA PUERTO MONTT,"-41,44917","-72,95726"
2024,"Escuela Hospitalaria Puerto Montt
Rama",20409,Ciencias,379.5,ESCUELA HOSPITALARIA PUERTO MONTT,"-41,44917","-72,95726"
2024,"Escuela Hospitalaria Puerto Montt
Rama",20409,Obligatoria,479.8,ESCUELA HOSPITALARIA PUERTO MONTT,"-41,44917","-72,95726"
2024,"Escuela Particular El Prado
Rama",22158,Lenguaje,473.0,ESCUELA PARTICULAR EL PRADO,"-40,255901","-72,948174"
2024,"Escuela Particular El Prado
Rama",22158,M1,392.0,ESCUELA PARTICULAR EL PRADO,"-40,255901","-72,948174"
2024,"Escuela Particular El Prado
Rama",22158,M2,348.0,ESCUELA PARTICULAR EL PRADO,"-40,255901","-72,948174"
2024,"Escuela Particular El Prado
Rama",22158,Historia,0.0,ESCUELA PARTICULAR EL PRADO,"-40,255901","-72,948174"
2024,"Escuela Particular El Prado
Rama",22158,Ciencias,425.0,ESCUELA PARTICULAR EL PRADO,"-40,255901","-72,948174"
2024,"Escuela Particular El Prado
Rama",22158,Obligatoria,432.5,ESCUELA PARTICULAR EL PRADO,"-40,255901","-72,948174"
2024,"Colegio Luis Pasteur
Rama",22271,Lenguaje,561.4,COLEGIO LUIS PASTEUR,"-40,571178","-73,131599"
2024,"Colegio Luis Pasteur
Rama",22271,M1,527.2,COLEGIO LUIS PASTEUR,"-40,571178","-73,131599"
2024,"Colegio Luis Pasteur
Rama",22271,M2,361.0,COLEGIO LUIS PASTEUR,"-40,571178","-73,131599"
2024,"Colegio Luis Pasteur
Rama",22271,Historia,446.2,COLEGIO LUIS PASTEUR,"-40,571178","-73,131599"
2024,"Colegio Luis Pasteur
Rama",22271,Ciencias,433.9,COLEGIO LUIS PASTEUR,"-40,571178","-73,131599"
2024,"Colegio Luis Pasteur
Rama",22271,Obligatoria,544.3,COLEGIO LUIS PASTEUR,"-40,571178","-73,131599"
2024,"Colegio San Antonio
Rama",22317,Lenguaje,409.0,COLEGIO SAN ANTONIO,"-40,063461","-72,759003"
2024,"Colegio San Antonio
Rama",22317,M1,424.0,COLEGIO SAN ANTONIO,"-40,063461","-72,759003"
2024,"Colegio San Antonio
Rama",22317,M2,0.0,COLEGIO SAN ANTONIO,"-40,063461","-72,759003"
2024,"Colegio San Antonio
Rama",22317,Historia,0.0,COLEGIO SAN ANTONIO,"-40,063461","-72,759003"
2024,"Colegio San Antonio
Rama",22317,Ciencias,0.0,COLEGIO SAN ANTONIO,"-40,063461","-72,759003"
2024,"Colegio San Antonio
Rama",22317,Obligatoria,416.5,COLEGIO SAN ANTONIO,"-40,063461","-72,759003"
2024,"Escuela El Maiten
Rama",22354,Lenguaje,439.3,ESCUELA EL MAITEN,"-40,306862","-73,086807"
2024,"Escuela El Maiten
Rama",22354,M1,403.8,ESCUELA EL MAITEN,"-40,306862","-73,086807"
2024,"Escuela El Maiten
Rama",22354,M2,0.0,ESCUELA EL MAITEN,"-40,306862","-73,086807"
2024,"Escuela El Maiten
Rama",22354,Historia,398.0,ESCUELA EL MAITEN,"-40,306862","-73,086807"
2024,"Escuela El Maiten
Rama",22354,Ciencias,359.0,ESCUELA EL MAITEN,"-40,306862","-73,086807"
2024,"Escuela El Maiten
Rama",22354,Obligatoria,421.5,ESCUELA EL MAITEN,"-40,306862","-73,086807"
2024,"Colegio Particular Antares De Alerce
Rama",22361,Lenguaje,489.0,COLEGIO PARTICULAR ANTARES DE ALERCE,"-41,39912","-72,910263"
2024,"Colegio Particular Antares De Alerce
Rama",22361,M1,513.0,COLEGIO PARTICULAR ANTARES DE ALERCE,"-41,39912","-72,910263"
2024,"Colegio Particular Antares De Alerce
Rama",22361,M2,309.0,COLEGIO PARTICULAR ANTARES DE ALERCE,"-41,39912","-72,910263"
2024,"Colegio Particular Antares De Alerce
Rama",22361,Historia,0.0,COLEGIO PARTICULAR ANTARES DE ALERCE,"-41,39912","-72,910263"
2024,"Colegio Particular Antares De Alerce
Rama",22361,Ciencias,413.0,COLEGIO PARTICULAR ANTARES DE ALERCE,"-41,39912","-72,910263"
2024,"Colegio Particular Antares De Alerce
Rama",22361,Obligatoria,501.0,COLEGIO PARTICULAR ANTARES DE ALERCE,"-41,39912","-72,910263"
2024,Centro De Educ,22445,Lenguaje,388.0,CENTRO DE EDUC. DE ADULTOS ELIER,"-40,30125","-73,13982"
2024,Centro De Educ,22445,M1,465.0,CENTRO DE EDUC. DE ADULTOS ELIER,"-40,30125","-73,13982"
2024,Centro De Educ,22445,M2,0.0,CENTRO DE EDUC. DE ADULTOS ELIER,"-40,30125","-73,13982"
2024,Centro De Educ,22445,Historia,0.0,CENTRO DE EDUC. DE ADULTOS ELIER,"-40,30125","-73,13982"
2024,Centro De Educ,22445,Ciencias,418.0,CENTRO DE EDUC. DE ADULTOS ELIER,"-40,30125","-73,13982"
2024,Centro De Educ,22445,Obligatoria,426.5,CENTRO DE EDUC. DE ADULTOS ELIER,"-40,30125","-73,13982"
2024,"Liceo Bicentenario De Excelencia De Dalcahue
Rama",22464,Lenguaje,471.5,LICEO BICENTENARIO DE EXCELENCIA DE DALCAHUE,"-42,373409","-73,653458"
2024,"Liceo Bicentenario De Excelencia De Dalcahue
Rama",22464,M1,493.0,LICEO BICENTENARIO DE EXCELENCIA DE DALCAHUE,"-42,373409","-73,653458"
2024,"Liceo Bicentenario De Excelencia De Dalcahue
Rama",22464,M2,328.0,LICEO BICENTENARIO DE EXCELENCIA DE DALCAHUE,"-42,373409","-73,653458"
2024,"Liceo Bicentenario De Excelencia De Dalcahue
Rama",22464,Historia,387.8,LICEO BICENTENARIO DE EXCELENCIA DE DALCAHUE,"-42,373409","-73,653458"
2024,"Liceo Bicentenario De Excelencia De Dalcahue
Rama",22464,Ciencias,434.5,LICEO BICENTENARIO DE EXCELENCIA DE DALCAHUE,"-42,373409","-73,653458"
2024,"Liceo Bicentenario De Excelencia De Dalcahue
Rama",22464,Obligatoria,488.5,LICEO BICENTENARIO DE EXCELENCIA DE DALCAHUE,"-42,373409","-73,653458"
2024,"Instituto Aprender
Rama",22604,Lenguaje,707.0,INSTITUTO APRENDER,"-41,967567","-72,46924"
2024,"Instituto Aprender
Rama",22604,M1,585.0,INSTITUTO APRENDER,"-41,967567","-72,46924"
2024,"Instituto Aprender
Rama",22604,M2,393.0,INSTITUTO APRENDER,"-41,967567","-72,46924"
2024,"Instituto Aprender
Rama",22604,Historia,0.0,INSTITUTO APRENDER,"-41,967567","-72,46924"
2024,"Instituto Aprender
Rama",22604,Ciencias,0.0,INSTITUTO APRENDER,"-41,967567","-72,46924"
2024,"Instituto Aprender
Rama",22604,Obligatoria,646.0,INSTITUTO APRENDER,"-41,967567","-72,46924"
2024,"Liceo Politecnico Benjamin Vicuna Mackenna
Rama",6757,Lenguaje,378.0,INSTITUTO DE RECURSOS RENOVABLES Y TECNOLOGÍA LOS RÍOS,"-39,826889","-73,206703"
2024,"Liceo Politecnico Benjamin Vicuna Mackenna
Rama",6757,M1,436.0,INSTITUTO DE RECURSOS RENOVABLES Y TECNOLOGÍA LOS RÍOS,"-39,826889","-73,206703"
2024,"Liceo Politecnico Benjamin Vicuna Mackenna
Rama",6757,M2,290.0,INSTITUTO DE RECURSOS RENOVABLES Y TECNOLOGÍA LOS RÍOS,"-39,826889","-73,206703"
2024,"Liceo Politecnico Benjamin Vicuna Mackenna
Rama",6757,Historia,0.0,INSTITUTO DE RECURSOS RENOVABLES Y TECNOLOGÍA LOS RÍOS,"-39,826889","-73,206703"
2024,"Liceo Politecnico Benjamin Vicuna Mackenna
Rama",6757,Ciencias,0.0,INSTITUTO DE RECURSOS RENOVABLES Y TECNOLOGÍA LOS RÍOS,"-39,826889","-73,206703"
2024,"Liceo Politecnico Benjamin Vicuna Mackenna
Rama",6757,Obligatoria,407.0,INSTITUTO DE RECURSOS RENOVABLES Y TECNOLOGÍA LOS RÍOS,"-39,826889","-73,206703"
2024,"Liceo Bicentenario Vicente Pérez Rosales
Rama",7236,Lenguaje,483.5,LICEO BICENTENARIO VICENTE PÉREZ ROSALES,"-40,336208","-72,94957"
2024,"Liceo Bicentenario Vicente Pérez Rosales
Rama",7236,M1,499.5,LICEO BICENTENARIO VICENTE PÉREZ ROSALES,"-40,336208","-72,94957"
2024,"Liceo Bicentenario Vicente Pérez Rosales
Rama",7236,M2,0.0,LICEO BICENTENARIO VICENTE PÉREZ ROSALES,"-40,336208","-72,94957"
2024,"Liceo Bicentenario Vicente Pérez Rosales
Rama",7236,Historia,396.0,LICEO BICENTENARIO VICENTE PÉREZ ROSALES,"-40,336208","-72,94957"
2024,"Liceo Bicentenario Vicente Pérez Rosales
Rama",7236,Ciencias,556.0,LICEO BICENTENARIO VICENTE PÉREZ ROSALES,"-40,336208","-72,94957"
2024,"Liceo Bicentenario Vicente Pérez Rosales
Rama",7236,Obligatoria,491.5,LICEO BICENTENARIO VICENTE PÉREZ ROSALES,"-40,336208","-72,94957"
2024,"Colegio Rene Soriano Borquez
Rama",7404,Lenguaje,449.0,COLEGIO RENE SORIANO BORQUEZ,"-40,580471","-73,154091"
2024,"Colegio Rene Soriano Borquez
Rama",7404,M1,489.0,COLEGIO RENE SORIANO BORQUEZ,"-40,580471","-73,154091"
2024,"Colegio Rene Soriano Borquez
Rama",7404,M2,379.0,COLEGIO RENE SORIANO BORQUEZ,"-40,580471","-73,154091"
2024,"Colegio Rene Soriano Borquez
Rama",7404,Historia,393.0,COLEGIO RENE SORIANO BORQUEZ,"-40,580471","-73,154091"
2024,"Colegio Rene Soriano Borquez
Rama",7404,Ciencias,376.0,COLEGIO RENE SORIANO BORQUEZ,"-40,580471","-73,154091"
2024,"Colegio Rene Soriano Borquez
Rama",7404,Obligatoria,469.0,COLEGIO RENE SORIANO BORQUEZ,"-40,580471","-73,154091"
2025,Escuela Particular N,12182,Lenguaje,605.0,ESCUELA PARTICULAR N.303 LUIS CRUZ MARTINEZ,"-40,58707","-73,177841"
2025,Escuela Particular N,12182,M1,738.0,ESCUELA PARTICULAR N.303 LUIS CRUZ MARTINEZ,"-40,58707","-73,177841"
2025,Escuela Particular N,12182,M2,378.0,ESCUELA PARTICULAR N.303 LUIS CRUZ MARTINEZ,"-40,58707","-73,177841"
2025,Escuela Particular N,12182,Historia,0.0,ESCUELA PARTICULAR N.303 LUIS CRUZ MARTINEZ,"-40,58707","-73,177841"
2025,Escuela Particular N,12182,Ciencias,452.0,ESCUELA PARTICULAR N.303 LUIS CRUZ MARTINEZ,"-40,58707","-73,177841"
2025,Escuela Particular N,12182,Obligatoria,671.5,ESCUELA PARTICULAR N.303 LUIS CRUZ MARTINEZ,"-40,58707","-73,177841"
2025,"Centro De Educacion De Adultos Andres Bello
Rama",20411,Lenguaje,473.0,CENTRO DE EDUCACION DE ADULTOS ANDRES BELLO,"-40,59114678","-73,16854551"
2025,"Centro De Educacion De Adultos Andres Bello
Rama",20411,M1,328.0,CENTRO DE EDUCACION DE ADULTOS ANDRES BELLO,"-40,59114678","-73,16854551"
2025,"Centro De Educacion De Adultos Andres Bello
Rama",20411,M2,344.0,CENTRO DE EDUCACION DE ADULTOS ANDRES BELLO,"-40,59114678","-73,16854551"
2025,"Centro De Educacion De Adultos Andres Bello
Rama",20411,Historia,444.0,CENTRO DE EDUCACION DE ADULTOS ANDRES BELLO,"-40,59114678","-73,16854551"
2025,"Centro De Educacion De Adultos Andres Bello
Rama",20411,Ciencias,364.5,CENTRO DE EDUCACION DE ADULTOS ANDRES BELLO,"-40,59114678","-73,16854551"
2025,"Centro De Educacion De Adultos Andres Bello
Rama",20411,Obligatoria,400.5,CENTRO DE EDUCACION DE ADULTOS ANDRES BELLO,"-40,59114678","-73,16854551"
2025,"Colegio Juan Xxiii
Rama",22230,Lenguaje,446.0,COLEGIO JUAN XXIII,"-40,582729","-73,164787"
2025,"Colegio Juan Xxiii
Rama",22230,M1,557.0,COLEGIO JUAN XXIII,"-40,582729","-73,164787"
2025,"Colegio Juan Xxiii
Rama",22230,M2,0.0,COLEGIO JUAN XXIII,"-40,582729","-73,164787"
2025,"Colegio Juan Xxiii
Rama",22230,Historia,311.0,COLEGIO JUAN XXIII,"-40,582729","-73,164787"
2025,"Colegio Juan Xxiii
Rama",22230,Ciencias,423.0,COLEGIO JUAN XXIII,"-40,582729","-73,164787"
2025,"Colegio Juan Xxiii
Rama",22230,Obligatoria,501.5,COLEGIO JUAN XXIII,"-40,582729","-73,164787"
2025,"Colegio Cardenal Raul Silva Henriquez
Rama",22313,Lenguaje,572.3,COLEGIO CARDENAL RAUL SILVA HENRIQUEZ,"-40,06955","-72,863388"
2025,"Colegio Cardenal Raul Silva Henriquez
Rama",22313,M1,614.3,COLEGIO CARDENAL RAUL SILVA HENRIQUEZ,"-40,06955","-72,863388"
2025,"Colegio Cardenal Raul Silva Henriquez
Rama",22313,M2,0.0,COLEGIO CARDENAL RAUL SILVA HENRIQUEZ,"-40,06955","-72,863388"
2025,"Colegio Cardenal Raul Silva Henriquez
Rama",22313,Historia,416.2,COLEGIO CARDENAL RAUL SILVA HENRIQUEZ,"-40,06955","-72,863388"
2025,"Colegio Cardenal Raul Silva Henriquez
Rama",22313,Ciencias,482.8,COLEGIO CARDENAL RAUL SILVA HENRIQUEZ,"-40,06955","-72,863388"
2025,"Colegio Cardenal Raul Silva Henriquez
Rama",22313,Obligatoria,593.3,COLEGIO CARDENAL RAUL SILVA HENRIQUEZ,"-40,06955","-72,863388"
2025,"Colegio San Andres
Rama",22355,Lenguaje,446.0,COLEGIO SAN ANDRES,"-40,584381","-73,111313"
2025,"Colegio San Andres
Rama",22355,M1,481.5,COLEGIO SAN ANDRES,"-40,584381","-73,111313"
2025,"Colegio San Andres
Rama",22355,M2,326.0,COLEGIO SAN ANDRES,"-40,584381","-73,111313"
2025,"Colegio San Andres
Rama",22355,Historia,415.0,COLEGIO SAN ANDRES,"-40,584381","-73,111313"
2025,"Colegio San Andres
Rama",22355,Ciencias,329.0,COLEGIO SAN ANDRES,"-40,584381","-73,111313"
2025,"Colegio San Andres
Rama",22355,Obligatoria,463.8,COLEGIO SAN ANDRES,"-40,584381","-73,111313"
2025,"Colegio De Adultos Pudeto
Rama",22485,Lenguaje,715.0,COLEGIO DE ADULTOS PUDETO,"-41,86451","-73,82203"
2025,"Colegio De Adultos Pudeto
Rama",22485,M1,767.0,COLEGIO DE ADULTOS PUDETO,"-41,86451","-73,82203"
2025,"Colegio De Adultos Pudeto
Rama",22485,M2,0.0,COLEGIO DE ADULTOS PUDETO,"-41,86451","-73,82203"
2025,"Colegio De Adultos Pudeto
Rama",22485,Historia,0.0,COLEGIO DE ADULTOS PUDETO,"-41,86451","-73,82203"
2025,"Colegio De Adultos Pudeto
Rama",22485,Ciencias,595.0,COLEGIO DE ADULTOS PUDETO,"-41,86451","-73,82203"
2025,"Colegio De Adultos Pudeto
Rama",22485,Obligatoria,741.0,COLEGIO DE ADULTOS PUDETO,"-41,86451","-73,82203"
2025,"Colegio Particular Cardenal Raul Silva Henriq
Rama",22495,Lenguaje,542.5,COLEGIO PARTICULAR CARDENAL RAUL SILVA HENRIQ,"-40,33329","-72,949303"
2025,"Colegio Particular Cardenal Raul Silva Henriq
Rama",22495,M1,547.0,COLEGIO PARTICULAR CARDENAL RAUL SILVA HENRIQ,"-40,33329","-72,949303"
2025,"Colegio Particular Cardenal Raul Silva Henriq
Rama",22495,M2,354.3,COLEGIO PARTICULAR CARDENAL RAUL SILVA HENRIQ,"-40,33329","-72,949303"
2025,"Colegio Particular Cardenal Raul Silva Henriq
Rama",22495,Historia,441.5,COLEGIO PARTICULAR CARDENAL RAUL SILVA HENRIQ,"-40,33329","-72,949303"
2025,"Colegio Particular Cardenal Raul Silva Henriq
Rama",22495,Ciencias,436.9,COLEGIO PARTICULAR CARDENAL RAUL SILVA HENRIQ,"-40,33329","-72,949303"
2025,"Colegio Particular Cardenal Raul Silva Henriq
Rama",22495,Obligatoria,546.8,COLEGIO PARTICULAR CARDENAL RAUL SILVA HENRIQ,"-40,33329","-72,949303"
2025,"Colegio De Adultos Bonilla
Rama",22624,Lenguaje,486.0,COLEGIO DE ADULTOS BONILLA,"-41,86162526","-73,81933775"
2025,"Colegio De Adultos Bonilla
Rama",22624,M1,496.0,COLEGIO DE ADULTOS BONILLA,"-41,86162526","-73,81933775"
2025,"Colegio De Adultos Bonilla
Rama",22624,M2,289.0,COLEGIO DE ADULTOS BONILLA,"-41,86162526","-73,81933775"
2025,"Colegio De Adultos Bonilla
Rama",22624,Historia,385.0,COLEGIO DE ADULTOS BONILLA,"-41,86162526","-73,81933775"
2025,"Colegio De Adultos Bonilla
Rama",22624,Ciencias,0.0,COLEGIO DE ADULTOS BONILLA,"-41,86162526","-73,81933775"
2025,"Colegio De Adultos Bonilla
Rama",22624,Obligatoria,491.0,COLEGIO DE ADULTOS BONILLA,"-41,86162526","-73,81933775"
2025,"Instituto Comercial De Valdivia
Rama",6751,Lenguaje,498.0,INSTITUTO COMERCIAL DE VALDIVIA,"-39,817619","-73,246964"
2025,"Instituto Comercial De Valdivia
Rama",6751,M1,491.5,INSTITUTO COMERCIAL DE VALDIVIA,"-39,817619","-73,246964"
2025,"Instituto Comercial De Valdivia
Rama",6751,M2,378.0,INSTITUTO COMERCIAL DE VALDIVIA,"-39,817619","-73,246964"
2025,"Instituto Comercial De Valdivia
Rama",6751,Historia,484.0,INSTITUTO COMERCIAL DE VALDIVIA,"-39,817619","-73,246964"
2025,"Instituto Comercial De Valdivia
Rama",6751,Ciencias,452.0,INSTITUTO COMERCIAL DE VALDIVIA,"-39,817619","-73,246964"
2025,"Instituto Comercial De Valdivia
Rama",6751,Obligatoria,494.8,INSTITUTO COMERCIAL DE VALDIVIA,"-39,817619","-73,246964"
2025,"Liceo Politecnico Pesquero
Rama",6853,Lenguaje,570.7,LICEO POLITECNICO PESQUERO,"-39,435989","-73,211281"
2025,"Liceo Politecnico Pesquero
Rama",6853,M1,585.6,LICEO POLITECNICO PESQUERO,"-39,435989","-73,211281"
2025,"Liceo Politecnico Pesquero
Rama",6853,M2,433.5,LICEO POLITECNICO PESQUERO,"-39,435989","-73,211281"
2025,"Liceo Politecnico Pesquero
Rama",6853,Historia,558.0,LICEO POLITECNICO PESQUERO,"-39,435989","-73,211281"
2025,"Liceo Politecnico Pesquero
Rama",6853,Ciencias,430.2,LICEO POLITECNICO PESQUERO,"-39,435989","-73,211281"
2025,"Liceo Politecnico Pesquero
Rama",6853,Obligatoria,578.1,LICEO POLITECNICO PESQUERO,"-39,435989","-73,211281"
2025,"Escuela Alberto Cordova Latorre
Rama",6916,Lenguaje,471.0,ESCUELA ALBERTO CORDOVA LATORRE,"-39,45153","-72,772774"
2025,"Escuela Alberto Cordova Latorre
Rama",6916,M1,362.0,ESCUELA ALBERTO CORDOVA LATORRE,"-39,45153","-72,772774"
2025,"Escuela Alberto Cordova Latorre
Rama",6916,M2,0.0,ESCUELA ALBERTO CORDOVA LATORRE,"-39,45153","-72,772774"
2025,"Escuela Alberto Cordova Latorre
Rama",6916,Historia,0.0,ESCUELA ALBERTO CORDOVA LATORRE,"-39,45153","-72,772774"
2025,"Escuela Alberto Cordova Latorre
Rama",6916,Ciencias,0.0,ESCUELA ALBERTO CORDOVA LATORRE,"-39,45153","-72,772774"
2025,"Escuela Alberto Cordova Latorre
Rama",6916,Obligatoria,416.5,ESCUELA ALBERTO CORDOVA LATORRE,"-39,45153","-72,772774"
2025,"Centro Educativo Fernando Santivan
Rama",7049,Lenguaje,451.6,CENTRO EDUCATIVO FERNANDO SANTIVAN,"-39,639389","-72,327049"
2025,"Centro Educativo Fernando Santivan
Rama",7049,M1,466.8,CENTRO EDUCATIVO FERNANDO SANTIVAN,"-39,639389","-72,327049"
2025,"Centro Educativo Fernando Santivan
Rama",7049,M2,300.7,CENTRO EDUCATIVO FERNANDO SANTIVAN,"-39,639389","-72,327049"
2025,"Centro Educativo Fernando Santivan
Rama",7049,Historia,360.0,CENTRO EDUCATIVO FERNANDO SANTIVAN,"-39,639389","-72,327049"
2025,"Centro Educativo Fernando Santivan
Rama",7049,Ciencias,387.0,CENTRO EDUCATIVO FERNANDO SANTIVAN,"-39,639389","-72,327049"
2025,"Centro Educativo Fernando Santivan
Rama",7049,Obligatoria,465.4,CENTRO EDUCATIVO FERNANDO SANTIVAN,"-39,639389","-72,327049"
2025,"Escuela Rural Estacion Nuevo Porvenir
Rama",7459,Lenguaje,569.0,ESCUELA RURAL ESTACION NUEVO PORVENIR,"-40,693829","-72,606903"
2025,"Escuela Rural Estacion Nuevo Porvenir
Rama",7459,M1,476.0,ESCUELA RURAL ESTACION NUEVO PORVENIR,"-40,693829","-72,606903"
2025,"Escuela Rural Estacion Nuevo Porvenir
Rama",7459,M2,0.0,ESCUELA RURAL ESTACION NUEVO PORVENIR,"-40,693829","-72,606903"
2025,"Escuela Rural Estacion Nuevo Porvenir
Rama",7459,Historia,557.0,ESCUELA RURAL ESTACION NUEVO PORVENIR,"-40,693829","-72,606903"
2025,"Escuela Rural Estacion Nuevo Porvenir
Rama",7459,Ciencias,0.0,ESCUELA RURAL ESTACION NUEVO PORVENIR,"-40,693829","-72,606903"
2025,"Escuela Rural Estacion Nuevo Porvenir
Rama",7459,Obligatoria,522.5,ESCUELA RURAL ESTACION NUEVO PORVENIR,"-40,693829","-72,606903"
2025,"Liceo Jose Toribio Medina
Rama",7542,Lenguaje,562.3,LICEO JOSE TORIBIO MEDINA,"-40,790031","-73,213387"
2025,"Liceo Jose Toribio Medina
Rama",7542,M1,499.0,LICEO JOSE TORIBIO MEDINA,"-40,790031","-73,213387"
2025,"Liceo Jose Toribio Medina
Rama",7542,M2,0.0,LICEO JOSE TORIBIO MEDINA,"-40,790031","-73,213387"
2025,"Liceo Jose Toribio Medina
Rama",7542,Historia,524.8,LICEO JOSE TORIBIO MEDINA,"-40,790031","-73,213387"
2025,"Liceo Jose Toribio Medina
Rama",7542,Ciencias,0.0,LICEO JOSE TORIBIO MEDINA,"-40,790031","-73,213387"
2025,"Liceo Jose Toribio Medina
Rama",7542,Obligatoria,530.6,LICEO JOSE TORIBIO MEDINA,"-40,790031","-73,213387"
2025,"Escuela De Adultos Reloncavi
Rama",7624,Lenguaje,541.7,ESCUELA DE ADULTOS RELONCAVI,"-41,3874151","-72,897395"
2025,"Escuela De Adultos Reloncavi
Rama",7624,M1,513.0,ESCUELA DE ADULTOS RELONCAVI,"-41,3874151","-72,897395"
2025,"Escuela De Adultos Reloncavi
Rama",7624,M2,383.5,ESCUELA DE ADULTOS RELONCAVI,"-41,3874151","-72,897395"
2025,"Escuela De Adultos Reloncavi
Rama",7624,Historia,484.0,ESCUELA DE ADULTOS RELONCAVI,"-41,3874151","-72,897395"
2025,"Escuela De Adultos Reloncavi
Rama",7624,Ciencias,417.7,ESCUELA DE ADULTOS RELONCAVI,"-41,3874151","-72,897395"
2025,"Escuela De Adultos Reloncavi
Rama",7624,Obligatoria,527.3,ESCUELA DE ADULTOS RELONCAVI,"-41,3874151","-72,897395"
2025,"Liceo Polivalente De Ancud
Rama",8044,Lenguaje,460.1,LICEO POLIVALENTE DE ANCUD,"-41,866901","-73,817543"
2025,"Liceo Polivalente De Ancud
Rama",8044,M1,508.4,LICEO POLIVALENTE DE ANCUD,"-41,866901","-73,817543"
2025,"Liceo Polivalente De Ancud
Rama",8044,M2,347.0,LICEO POLIVALENTE DE ANCUD,"-41,866901","-73,817543"
2025,"Liceo Polivalente De Ancud
Rama",8044,Historia,360.0,LICEO POLIVALENTE DE ANCUD,"-41,866901","-73,817543"
2025,"Liceo Polivalente De Ancud
Rama",8044,Ciencias,363.3,LICEO POLIVALENTE DE ANCUD,"-41,866901","-73,817543"
2025,"Liceo Polivalente De Ancud
Rama",8044,Obligatoria,488.9,LICEO POLIVALENTE DE ANCUD,"-41,866901","-73,817543"
2025,"Escuela Puqueldon
Rama",8195,Lenguaje,631.0,ESCUELA PUQUELDON,"-42,602039","-73,671967"
2025,"Escuela Puqueldon
Rama",8195,M1,476.0,ESCUELA PUQUELDON,"-42,602039","-73,671967"
2025,"Escuela Puqueldon
Rama",8195,M2,0.0,ESCUELA PUQUELDON,"-42,602039","-73,671967"
2025,"Escuela Puqueldon
Rama",8195,Historia,473.0,ESCUELA PUQUELDON,"-42,602039","-73,671967"
2025,"Escuela Puqueldon
Rama",8195,Ciencias,477.0,ESCUELA PUQUELDON,"-42,602039","-73,671967"
2025,"Escuela Puqueldon
Rama",8195,Obligatoria,553.5,ESCUELA PUQUELDON,"-42,602039","-73,671967"
2026,"Escuela De Adultos De Rio Bueno
Rama",11554,Lenguaje,477.0,ESCUELA DE ADULTOS DE RIO BUENO,"-40,33508","-72,962395"
2026,"Escuela De Adultos De Rio Bueno
Rama",11554,M1,508.0,ESCUELA DE ADULTOS DE RIO BUENO,"-40,33508","-72,962395"
2026,"Escuela De Adultos De Rio Bueno
Rama",11554,M2,0.0,ESCUELA DE ADULTOS DE RIO BUENO,"-40,33508","-72,962395"
2026,"Escuela De Adultos De Rio Bueno
Rama",11554,Historia,486.0,ESCUELA DE ADULTOS DE RIO BUENO,"-40,33508","-72,962395"
2026,"Escuela De Adultos De Rio Bueno
Rama",11554,Ciencias,402.0,ESCUELA DE ADULTOS DE RIO BUENO,"-40,33508","-72,962395"
2026,"Escuela De Adultos De Rio Bueno
Rama",11554,Obligatoria,492.5,ESCUELA DE ADULTOS DE RIO BUENO,"-40,33508","-72,962395"
2026,"Instituto Tecnico Profesional Llifen
Rama",11591,Lenguaje,573.1,INSTITUTO TECNICO PROFESIONAL LLIFEN,"-40,198139","-72,258698"
2026,"Instituto Tecnico Profesional Llifen
Rama",11591,M1,543.4,INSTITUTO TECNICO PROFESIONAL LLIFEN,"-40,198139","-72,258698"
2026,"Instituto Tecnico Profesional Llifen
Rama",11591,M2,388.0,INSTITUTO TECNICO PROFESIONAL LLIFEN,"-40,198139","-72,258698"
2026,"Instituto Tecnico Profesional Llifen
Rama",11591,Historia,496.5,INSTITUTO TECNICO PROFESIONAL LLIFEN,"-40,198139","-72,258698"
2026,"Instituto Tecnico Profesional Llifen
Rama",11591,Ciencias,380.0,INSTITUTO TECNICO PROFESIONAL LLIFEN,"-40,198139","-72,258698"
2026,"Instituto Tecnico Profesional Llifen
Rama",11591,Obligatoria,558.3,INSTITUTO TECNICO PROFESIONAL LLIFEN,"-40,198139","-72,258698"
2026,"Instituto Tecnico Profesional Llifen
Rama",11591,Lenguaje,487.8,INSTITUTO TECNICO PROFESIONAL LLIFEN,"-40,198139","-72,258698"
2026,"Instituto Tecnico Profesional Llifen
Rama",11591,M1,493.5,INSTITUTO TECNICO PROFESIONAL LLIFEN,"-40,198139","-72,258698"
2026,"Instituto Tecnico Profesional Llifen
Rama",11591,M2,399.3,INSTITUTO TECNICO PROFESIONAL LLIFEN,"-40,198139","-72,258698"
2026,"Instituto Tecnico Profesional Llifen
Rama",11591,Historia,385.0,INSTITUTO TECNICO PROFESIONAL LLIFEN,"-40,198139","-72,258698"
2026,"Instituto Tecnico Profesional Llifen
Rama",11591,Ciencias,370.0,INSTITUTO TECNICO PROFESIONAL LLIFEN,"-40,198139","-72,258698"
2026,"Instituto Tecnico Profesional Llifen
Rama",11591,Obligatoria,492.1,INSTITUTO TECNICO PROFESIONAL LLIFEN,"-40,198139","-72,258698"
2026,"Instituto Tecnico Profesional Llifen
Rama",11591,Lenguaje,513.0,INSTITUTO TECNICO PROFESIONAL LLIFEN,"-40,198139","-72,258698"
2026,"Instituto Tecnico Profesional Llifen
Rama",11591,M1,521.1,INSTITUTO TECNICO PROFESIONAL LLIFEN,"-40,198139","-72,258698"
2026,"Instituto Tecnico Profesional Llifen
Rama",11591,M2,389.1,INSTITUTO TECNICO PROFESIONAL LLIFEN,"-40,198139","-72,258698"
2026,"Instituto Tecnico Profesional Llifen
Rama",11591,Historia,412.7,INSTITUTO TECNICO PROFESIONAL LLIFEN,"-40,198139","-72,258698"
2026,"Instituto Tecnico Profesional Llifen
Rama",11591,Ciencias,388.2,INSTITUTO TECNICO PROFESIONAL LLIFEN,"-40,198139","-72,258698"
2026,"Instituto Tecnico Profesional Llifen
Rama",11591,Obligatoria,519.2,INSTITUTO TECNICO PROFESIONAL LLIFEN,"-40,198139","-72,258698"
2026,"Colegio Saint Thomas College
Rama",12183,Lenguaje,674.0,COLEGIO SAINT THOMAS COLLEGE,"-40,589199","-73,105507"
2026,"Colegio Saint Thomas College
Rama",12183,M1,732.4,COLEGIO SAINT THOMAS COLLEGE,"-40,589199","-73,105507"
2026,"Colegio Saint Thomas College
Rama",12183,M2,547.7,COLEGIO SAINT THOMAS COLLEGE,"-40,589199","-73,105507"
2026,"Colegio Saint Thomas College
Rama",12183,Historia,586.6,COLEGIO SAINT THOMAS COLLEGE,"-40,589199","-73,105507"
2026,"Colegio Saint Thomas College
Rama",12183,Ciencias,506.3,COLEGIO SAINT THOMAS COLLEGE,"-40,589199","-73,105507"
2026,"Colegio Saint Thomas College
Rama",12183,Obligatoria,710.0,COLEGIO SAINT THOMAS COLLEGE,"-40,589199","-73,105507"
2026,"Colegio Bicentenario Helvecia
Rama",12185,Lenguaje,600.9,COLEGIO BICENTENARIO HELVECIA,"-39,843781","-73,216957"
2026,"Colegio Bicentenario Helvecia
Rama",12185,M1,588.6,COLEGIO BICENTENARIO HELVECIA,"-39,843781","-73,216957"
2026,"Colegio Bicentenario Helvecia
Rama",12185,M2,422.4,COLEGIO BICENTENARIO HELVECIA,"-39,843781","-73,216957"
2026,"Colegio Bicentenario Helvecia
Rama",12185,Historia,491.5,COLEGIO BICENTENARIO HELVECIA,"-39,843781","-73,216957"
2026,"Colegio Bicentenario Helvecia
Rama",12185,Ciencias,438.1,COLEGIO BICENTENARIO HELVECIA,"-39,843781","-73,216957"
2026,"Colegio Bicentenario Helvecia
Rama",12185,Obligatoria,601.4,COLEGIO BICENTENARIO HELVECIA,"-39,843781","-73,216957"
2026,"Colegio Bicentenario Helvecia
Rama",12185,Lenguaje,485.7,COLEGIO BICENTENARIO HELVECIA,"-39,843781","-73,216957"
2026,"Colegio Bicentenario Helvecia
Rama",12185,M1,470.8,COLEGIO BICENTENARIO HELVECIA,"-39,843781","-73,216957"
2026,"Colegio Bicentenario Helvecia
Rama",12185,M2,0.0,COLEGIO BICENTENARIO HELVECIA,"-39,843781","-73,216957"
2026,"Colegio Bicentenario Helvecia
Rama",12185,Historia,417.0,COLEGIO BICENTENARIO HELVECIA,"-39,843781","-73,216957"
2026,"Colegio Bicentenario Helvecia
Rama",12185,Ciencias,392.3,COLEGIO BICENTENARIO HELVECIA,"-39,843781","-73,216957"
2026,"Colegio Bicentenario Helvecia
Rama",12185,Obligatoria,481.3,COLEGIO BICENTENARIO HELVECIA,"-39,843781","-73,216957"
2026,"Instituto Del Mar Bicentenario Capitan Williams
Rama",12192,Lenguaje,582.6,INSTITUTO DEL MAR BICENTENARIO CAPITAN WILLIAMS,"-42,618481","-73,774643"
2026,"Instituto Del Mar Bicentenario Capitan Williams
Rama",12192,M1,596.0,INSTITUTO DEL MAR BICENTENARIO CAPITAN WILLIAMS,"-42,618481","-73,774643"
2026,"Instituto Del Mar Bicentenario Capitan Williams
Rama",12192,M2,398.7,INSTITUTO DEL MAR BICENTENARIO CAPITAN WILLIAMS,"-42,618481","-73,774643"
2026,"Instituto Del Mar Bicentenario Capitan Williams
Rama",12192,Historia,433.4,INSTITUTO DEL MAR BICENTENARIO CAPITAN WILLIAMS,"-42,618481","-73,774643"
2026,"Instituto Del Mar Bicentenario Capitan Williams
Rama",12192,Ciencias,407.4,INSTITUTO DEL MAR BICENTENARIO CAPITAN WILLIAMS,"-42,618481","-73,774643"
2026,"Instituto Del Mar Bicentenario Capitan Williams
Rama",12192,Obligatoria,589.3,INSTITUTO DEL MAR BICENTENARIO CAPITAN WILLIAMS,"-42,618481","-73,774643"
2026,"Instituto Del Mar Bicentenario Capitan Williams
Rama",12192,Lenguaje,582.8,INSTITUTO DEL MAR BICENTENARIO CAPITAN WILLIAMS,"-42,618481","-73,774643"
2026,"Instituto Del Mar Bicentenario Capitan Williams
Rama",12192,M1,473.8,INSTITUTO DEL MAR BICENTENARIO CAPITAN WILLIAMS,"-42,618481","-73,774643"
2026,"Instituto Del Mar Bicentenario Capitan Williams
Rama",12192,M2,354.0,INSTITUTO DEL MAR BICENTENARIO CAPITAN WILLIAMS,"-42,618481","-73,774643"
2026,"Instituto Del Mar Bicentenario Capitan Williams
Rama",12192,Historia,474.5,INSTITUTO DEL MAR BICENTENARIO CAPITAN WILLIAMS,"-42,618481","-73,774643"
2026,"Instituto Del Mar Bicentenario Capitan Williams
Rama",12192,Ciencias,413.3,INSTITUTO DEL MAR BICENTENARIO CAPITAN WILLIAMS,"-42,618481","-73,774643"
2026,"Instituto Del Mar Bicentenario Capitan Williams
Rama",12192,Obligatoria,528.3,INSTITUTO DEL MAR BICENTENARIO CAPITAN WILLIAMS,"-42,618481","-73,774643"
2026,"Instituto Del Mar Bicentenario Capitan Williams
Rama",12192,Lenguaje,566.8,INSTITUTO DEL MAR BICENTENARIO CAPITAN WILLIAMS,"-42,618481","-73,774643"
2026,"Instituto Del Mar Bicentenario Capitan Williams
Rama",12192,M1,538.8,INSTITUTO DEL MAR BICENTENARIO CAPITAN WILLIAMS,"-42,618481","-73,774643"
2026,"Instituto Del Mar Bicentenario Capitan Williams
Rama",12192,M2,333.5,INSTITUTO DEL MAR BICENTENARIO CAPITAN WILLIAMS,"-42,618481","-73,774643"
2026,"Instituto Del Mar Bicentenario Capitan Williams
Rama",12192,Historia,513.8,INSTITUTO DEL MAR BICENTENARIO CAPITAN WILLIAMS,"-42,618481","-73,774643"
2026,"Instituto Del Mar Bicentenario Capitan Williams
Rama",12192,Ciencias,362.5,INSTITUTO DEL MAR BICENTENARIO CAPITAN WILLIAMS,"-42,618481","-73,774643"
2026,"Instituto Del Mar Bicentenario Capitan Williams
Rama",12192,Obligatoria,547.9,INSTITUTO DEL MAR BICENTENARIO CAPITAN WILLIAMS,"-42,618481","-73,774643"
2026,"Liceo Bicentenario De Excelencia Tecnico Profesiona
Rama",16843,Lenguaje,572.7,LICEO BICENTENARIO DE EXCELENCIA TECNICO PROFESIONAL PEOPLE HELP PEOPLE DE PANGUIPULLI,"-39,638439","-72,324013"
2026,"Liceo Bicentenario De Excelencia Tecnico Profesiona
Rama",16843,M1,598.5,LICEO BICENTENARIO DE EXCELENCIA TECNICO PROFESIONAL PEOPLE HELP PEOPLE DE PANGUIPULLI,"-39,638439","-72,324013"
2026,"Liceo Bicentenario De Excelencia Tecnico Profesiona
Rama",16843,M2,389.6,LICEO BICENTENARIO DE EXCELENCIA TECNICO PROFESIONAL PEOPLE HELP PEOPLE DE PANGUIPULLI,"-39,638439","-72,324013"
2026,"Liceo Bicentenario De Excelencia Tecnico Profesiona
Rama",16843,Historia,427.8,LICEO BICENTENARIO DE EXCELENCIA TECNICO PROFESIONAL PEOPLE HELP PEOPLE DE PANGUIPULLI,"-39,638439","-72,324013"
2026,"Liceo Bicentenario De Excelencia Tecnico Profesiona
Rama",16843,Ciencias,406.5,LICEO BICENTENARIO DE EXCELENCIA TECNICO PROFESIONAL PEOPLE HELP PEOPLE DE PANGUIPULLI,"-39,638439","-72,324013"
2026,"Liceo Bicentenario De Excelencia Tecnico Profesiona
Rama",16843,Obligatoria,587.3,LICEO BICENTENARIO DE EXCELENCIA TECNICO PROFESIONAL PEOPLE HELP PEOPLE DE PANGUIPULLI,"-39,638439","-72,324013"
2026,"Liceo Bicentenario De Excelencia Tecnico Profesiona
Rama",16843,Lenguaje,567.9,LICEO BICENTENARIO DE EXCELENCIA TECNICO PROFESIONAL PEOPLE HELP PEOPLE DE PANGUIPULLI,"-39,638439","-72,324013"
2026,"Liceo Bicentenario De Excelencia Tecnico Profesiona
Rama",16843,M1,590.4,LICEO BICENTENARIO DE EXCELENCIA TECNICO PROFESIONAL PEOPLE HELP PEOPLE DE PANGUIPULLI,"-39,638439","-72,324013"
2026,"Liceo Bicentenario De Excelencia Tecnico Profesiona
Rama",16843,M2,373.1,LICEO BICENTENARIO DE EXCELENCIA TECNICO PROFESIONAL PEOPLE HELP PEOPLE DE PANGUIPULLI,"-39,638439","-72,324013"
2026,"Liceo Bicentenario De Excelencia Tecnico Profesiona
Rama",16843,Historia,440.7,LICEO BICENTENARIO DE EXCELENCIA TECNICO PROFESIONAL PEOPLE HELP PEOPLE DE PANGUIPULLI,"-39,638439","-72,324013"
2026,"Liceo Bicentenario De Excelencia Tecnico Profesiona
Rama",16843,Ciencias,403.7,LICEO BICENTENARIO DE EXCELENCIA TECNICO PROFESIONAL PEOPLE HELP PEOPLE DE PANGUIPULLI,"-39,638439","-72,324013"
2026,"Liceo Bicentenario De Excelencia Tecnico Profesiona
Rama",16843,Obligatoria,581.7,LICEO BICENTENARIO DE EXCELENCIA TECNICO PROFESIONAL PEOPLE HELP PEOPLE DE PANGUIPULLI,"-39,638439","-72,324013"
2026,"Liceo Tecnico Profesional People Help People Pullin
Rama",16844,Lenguaje,532.2,LICEO TECNICO PROFESIONAL PEOPLE HELP PEOPLE PULLINQUE,"-39,599049","-72,230392"
2026,"Liceo Tecnico Profesional People Help People Pullin
Rama",16844,M1,575.7,LICEO TECNICO PROFESIONAL PEOPLE HELP PEOPLE PULLINQUE,"-39,599049","-72,230392"
2026,"Liceo Tecnico Profesional People Help People Pullin
Rama",16844,M2,376.8,LICEO TECNICO PROFESIONAL PEOPLE HELP PEOPLE PULLINQUE,"-39,599049","-72,230392"
2026,"Liceo Tecnico Profesional People Help People Pullin
Rama",16844,Historia,421.1,LICEO TECNICO PROFESIONAL PEOPLE HELP PEOPLE PULLINQUE,"-39,599049","-72,230392"
2026,"Liceo Tecnico Profesional People Help People Pullin
Rama",16844,Ciencias,402.9,LICEO TECNICO PROFESIONAL PEOPLE HELP PEOPLE PULLINQUE,"-39,599049","-72,230392"
2026,"Liceo Tecnico Profesional People Help People Pullin
Rama",16844,Obligatoria,554.4,LICEO TECNICO PROFESIONAL PEOPLE HELP PEOPLE PULLINQUE,"-39,599049","-72,230392"
2026,"Liceo Tecnico Profesional People Help People Pullin
Rama",16844,Lenguaje,510.0,LICEO TECNICO PROFESIONAL PEOPLE HELP PEOPLE PULLINQUE,"-39,599049","-72,230392"
2026,"Liceo Tecnico Profesional People Help People Pullin
Rama",16844,M1,525.7,LICEO TECNICO PROFESIONAL PEOPLE HELP PEOPLE PULLINQUE,"-39,599049","-72,230392"
2026,"Liceo Tecnico Profesional People Help People Pullin
Rama",16844,M2,404.6,LICEO TECNICO PROFESIONAL PEOPLE HELP PEOPLE PULLINQUE,"-39,599049","-72,230392"
2026,"Liceo Tecnico Profesional People Help People Pullin
Rama",16844,Historia,455.0,LICEO TECNICO PROFESIONAL PEOPLE HELP PEOPLE PULLINQUE,"-39,599049","-72,230392"
2026,"Liceo Tecnico Profesional People Help People Pullin
Rama",16844,Ciencias,405.3,LICEO TECNICO PROFESIONAL PEOPLE HELP PEOPLE PULLINQUE,"-39,599049","-72,230392"
2026,"Liceo Tecnico Profesional People Help People Pullin
Rama",16844,Obligatoria,517.8,LICEO TECNICO PROFESIONAL PEOPLE HELP PEOPLE PULLINQUE,"-39,599049","-72,230392"
2026,"Liceo Tecnico Profesional De Adultos Chiloe
Rama",16922,Lenguaje,560.7,LICEO TECNICO PROFESIONAL DE ADULTOS CHILOE,"-42,482262","-73,761207"
2026,"Liceo Tecnico Profesional De Adultos Chiloe
Rama",16922,M1,549.3,LICEO TECNICO PROFESIONAL DE ADULTOS CHILOE,"-42,482262","-73,761207"
2026,"Liceo Tecnico Profesional De Adultos Chiloe
Rama",16922,M2,418.3,LICEO TECNICO PROFESIONAL DE ADULTOS CHILOE,"-42,482262","-73,761207"
2026,"Liceo Tecnico Profesional De Adultos Chiloe
Rama",16922,Historia,0.0,LICEO TECNICO PROFESIONAL DE ADULTOS CHILOE,"-42,482262","-73,761207"
2026,"Liceo Tecnico Profesional De Adultos Chiloe
Rama",16922,Ciencias,365.3,LICEO TECNICO PROFESIONAL DE ADULTOS CHILOE,"-42,482262","-73,761207"
2026,"Liceo Tecnico Profesional De Adultos Chiloe
Rama",16922,Obligatoria,555.0,LICEO TECNICO PROFESIONAL DE ADULTOS CHILOE,"-42,482262","-73,761207"
2026,"The British School Patagonia
Rama",16923,Lenguaje,648.4,THE BRITISH SCHOOL PATAGONIA,"-41,442249","-72,938507"
2026,"The British School Patagonia
Rama",16923,M1,657.7,THE BRITISH SCHOOL PATAGONIA,"-41,442249","-72,938507"
2026,"The British School Patagonia
Rama",16923,M2,462.5,THE BRITISH SCHOOL PATAGONIA,"-41,442249","-72,938507"
2026,"The British School Patagonia
Rama",16923,Historia,542.0,THE BRITISH SCHOOL PATAGONIA,"-41,442249","-72,938507"
2026,"The British School Patagonia
Rama",16923,Ciencias,477.1,THE BRITISH SCHOOL PATAGONIA,"-41,442249","-72,938507"
2026,"The British School Patagonia
Rama",16923,Obligatoria,653.0,THE BRITISH SCHOOL PATAGONIA,"-41,442249","-72,938507"
2026,"Colegio Kopernikus
Rama",16978,Lenguaje,737.1,COLEGIO KOPERNIKUS,"-41,1351","-73,02744"
2026,"Colegio Kopernikus
Rama",16978,M1,784.0,COLEGIO KOPERNIKUS,"-41,1351","-73,02744"
2026,"Colegio Kopernikus
Rama",16978,M2,463.6,COLEGIO KOPERNIKUS,"-41,1351","-73,02744"
2026,"Colegio Kopernikus
Rama",16978,Historia,652.8,COLEGIO KOPERNIKUS,"-41,1351","-73,02744"
2026,"Colegio Kopernikus
Rama",16978,Ciencias,560.0,COLEGIO KOPERNIKUS,"-41,1351","-73,02744"
2026,"Colegio Kopernikus
Rama",16978,Obligatoria,764.5,COLEGIO KOPERNIKUS,"-41,1351","-73,02744"
2026,"Liceo Bicentenario Paulo Freire
Rama",16985,Lenguaje,615.9,LICEO BICENTENARIO PAULO FREIRE,"-43,120121","-73,615433"
2026,"Liceo Bicentenario Paulo Freire
Rama",16985,M1,626.3,LICEO BICENTENARIO PAULO FREIRE,"-43,120121","-73,615433"
2026,"Liceo Bicentenario Paulo Freire
Rama",16985,M2,472.4,LICEO BICENTENARIO PAULO FREIRE,"-43,120121","-73,615433"
2026,"Liceo Bicentenario Paulo Freire
Rama",16985,Historia,526.2,LICEO BICENTENARIO PAULO FREIRE,"-43,120121","-73,615433"
2026,"Liceo Bicentenario Paulo Freire
Rama",16985,Ciencias,444.6,LICEO BICENTENARIO PAULO FREIRE,"-43,120121","-73,615433"
2026,"Liceo Bicentenario Paulo Freire
Rama",16985,Obligatoria,624.6,LICEO BICENTENARIO PAULO FREIRE,"-43,120121","-73,615433"
2026,"Colegio Nueva Alerce
Rama",20376,Lenguaje,578.3,COLEGIO NUEVA ALERCE,"-41,3862","-72,897202"
2026,"Colegio Nueva Alerce
Rama",20376,M1,557.9,COLEGIO NUEVA ALERCE,"-41,3862","-72,897202"
2026,"Colegio Nueva Alerce
Rama",20376,M2,395.1,COLEGIO NUEVA ALERCE,"-41,3862","-72,897202"
2026,"Colegio Nueva Alerce
Rama",20376,Historia,404.7,COLEGIO NUEVA ALERCE,"-41,3862","-72,897202"
2026,"Colegio Nueva Alerce
Rama",20376,Ciencias,401.5,COLEGIO NUEVA ALERCE,"-41,3862","-72,897202"
2026,"Colegio Nueva Alerce
Rama",20376,Obligatoria,573.6,COLEGIO NUEVA ALERCE,"-41,3862","-72,897202"
2026,"Colegio Genesis
Rama",20410,Lenguaje,520.1,COLEGIO GENESIS,"-40,910599","-73,168701"
2026,"Colegio Genesis
Rama",20410,M1,530.5,COLEGIO GENESIS,"-40,910599","-73,168701"
2026,"Colegio Genesis
Rama",20410,M2,389.0,COLEGIO GENESIS,"-40,910599","-73,168701"
2026,"Colegio Genesis
Rama",20410,Historia,425.0,COLEGIO GENESIS,"-40,910599","-73,168701"
2026,"Colegio Genesis
Rama",20410,Ciencias,403.5,COLEGIO GENESIS,"-40,910599","-73,168701"
2026,"Colegio Genesis
Rama",20410,Obligatoria,525.3,COLEGIO GENESIS,"-40,910599","-73,168701"
2026,"Colegio Terravida
Rama",20601,Lenguaje,650.9,COLEGIO TERRAVIDA,"-41,3186951","-72,9883057"
2026,"Colegio Terravida
Rama",20601,M1,680.4,COLEGIO TERRAVIDA,"-41,3186951","-72,9883057"
2026,"Colegio Terravida
Rama",20601,M2,418.6,COLEGIO TERRAVIDA,"-41,3186951","-72,9883057"
2026,"Colegio Terravida
Rama",20601,Historia,559.8,COLEGIO TERRAVIDA,"-41,3186951","-72,9883057"
2026,"Colegio Terravida
Rama",20601,Ciencias,452.2,COLEGIO TERRAVIDA,"-41,3186951","-72,9883057"
2026,"Colegio Terravida
Rama",20601,Obligatoria,668.9,COLEGIO TERRAVIDA,"-41,3186951","-72,9883057"
2026,"Colegio Artistico Santa Cecilia
Rama",22007,Lenguaje,612.9,COLEGIO ARTISTICO SANTA CECILIA,"-40,56474304","-73,1124115"
2026,"Colegio Artistico Santa Cecilia
Rama",22007,M1,630.4,COLEGIO ARTISTICO SANTA CECILIA,"-40,56474304","-73,1124115"
2026,"Colegio Artistico Santa Cecilia
Rama",22007,M2,388.2,COLEGIO ARTISTICO SANTA CECILIA,"-40,56474304","-73,1124115"
2026,"Colegio Artistico Santa Cecilia
Rama",22007,Historia,467.5,COLEGIO ARTISTICO SANTA CECILIA,"-40,56474304","-73,1124115"
2026,"Colegio Artistico Santa Cecilia
Rama",22007,Ciencias,442.5,COLEGIO ARTISTICO SANTA CECILIA,"-40,56474304","-73,1124115"
2026,"Colegio Artistico Santa Cecilia
Rama",22007,Obligatoria,620.9,COLEGIO ARTISTICO SANTA CECILIA,"-40,56474304","-73,1124115"
2026,"Liceo Punta De Rieles
Rama",22012,Lenguaje,483.5,LICEO PUNTA DE RIELES,"-41,398571","-73,461952"
2026,"Liceo Punta De Rieles
Rama",22012,M1,500.8,LICEO PUNTA DE RIELES,"-41,398571","-73,461952"
2026,"Liceo Punta De Rieles
Rama",22012,M2,378.6,LICEO PUNTA DE RIELES,"-41,398571","-73,461952"
2026,"Liceo Punta De Rieles
Rama",22012,Historia,392.0,LICEO PUNTA DE RIELES,"-41,398571","-73,461952"
2026,"Liceo Punta De Rieles
Rama",22012,Ciencias,381.3,LICEO PUNTA DE RIELES,"-41,398571","-73,461952"
2026,"Liceo Punta De Rieles
Rama",22012,Obligatoria,492.9,LICEO PUNTA DE RIELES,"-41,398571","-73,461952"
2026,"Liceo Punta De Rieles
Rama",22012,Lenguaje,459.9,LICEO PUNTA DE RIELES,"-41,398571","-73,461952"
2026,"Liceo Punta De Rieles
Rama",22012,M1,470.3,LICEO PUNTA DE RIELES,"-41,398571","-73,461952"
2026,"Liceo Punta De Rieles
Rama",22012,M2,365.6,LICEO PUNTA DE RIELES,"-41,398571","-73,461952"
2026,"Liceo Punta De Rieles
Rama",22012,Historia,363.6,LICEO PUNTA DE RIELES,"-41,398571","-73,461952"
2026,"Liceo Punta De Rieles
Rama",22012,Ciencias,377.6,LICEO PUNTA DE RIELES,"-41,398571","-73,461952"
2026,"Liceo Punta De Rieles
Rama",22012,Obligatoria,465.1,LICEO PUNTA DE RIELES,"-41,398571","-73,461952"
2026,"Colegio Baquedano
Rama",22014,Lenguaje,582.8,COLEGIO BAQUEDANO,"-39,82272","-73,23893"
2026,"Colegio Baquedano
Rama",22014,M1,593.3,COLEGIO BAQUEDANO,"-39,82272","-73,23893"
2026,"Colegio Baquedano
Rama",22014,M2,375.9,COLEGIO BAQUEDANO,"-39,82272","-73,23893"
2026,"Colegio Baquedano
Rama",22014,Historia,507.3,COLEGIO BAQUEDANO,"-39,82272","-73,23893"
2026,"Colegio Baquedano
Rama",22014,Ciencias,441.9,COLEGIO BAQUEDANO,"-39,82272","-73,23893"
2026,"Colegio Baquedano
Rama",22014,Obligatoria,590.3,COLEGIO BAQUEDANO,"-39,82272","-73,23893"
2026,"Liceo Las Americas
Rama",22021,Lenguaje,574.5,LICEO LAS AMERICAS,"-40,683739","-72,599861"
2026,"Liceo Las Americas
Rama",22021,M1,577.8,LICEO LAS AMERICAS,"-40,683739","-72,599861"
2026,"Liceo Las Americas
Rama",22021,M2,409.5,LICEO LAS AMERICAS,"-40,683739","-72,599861"
2026,"Liceo Las Americas
Rama",22021,Historia,457.6,LICEO LAS AMERICAS,"-40,683739","-72,599861"
2026,"Liceo Las Americas
Rama",22021,Ciencias,431.5,LICEO LAS AMERICAS,"-40,683739","-72,599861"
2026,"Liceo Las Americas
Rama",22021,Obligatoria,577.9,LICEO LAS AMERICAS,"-40,683739","-72,599861"
2026,"Liceo Las Americas
Rama",22021,Lenguaje,587.7,LICEO LAS AMERICAS,"-40,683739","-72,599861"
2026,"Liceo Las Americas
Rama",22021,M1,515.0,LICEO LAS AMERICAS,"-40,683739","-72,599861"
2026,"Liceo Las Americas
Rama",22021,M2,0.0,LICEO LAS AMERICAS,"-40,683739","-72,599861"
2026,"Liceo Las Americas
Rama",22021,Historia,457.0,LICEO LAS AMERICAS,"-40,683739","-72,599861"
2026,"Liceo Las Americas
Rama",22021,Ciencias,419.5,LICEO LAS AMERICAS,"-40,683739","-72,599861"
2026,"Liceo Las Americas
Rama",22021,Obligatoria,551.3,LICEO LAS AMERICAS,"-40,683739","-72,599861"
2026,"Liceo Ignacio Carrera Pinto
Rama",22022,Lenguaje,608.6,LICEO IGNACIO CARRERA PINTO,"-41,12944","-73,060463"
2026,"Liceo Ignacio Carrera Pinto
Rama",22022,M1,595.2,LICEO IGNACIO CARRERA PINTO,"-41,12944","-73,060463"
2026,"Liceo Ignacio Carrera Pinto
Rama",22022,M2,406.1,LICEO IGNACIO CARRERA PINTO,"-41,12944","-73,060463"
2026,"Liceo Ignacio Carrera Pinto
Rama",22022,Historia,508.1,LICEO IGNACIO CARRERA PINTO,"-41,12944","-73,060463"
2026,"Liceo Ignacio Carrera Pinto
Rama",22022,Ciencias,439.7,LICEO IGNACIO CARRERA PINTO,"-41,12944","-73,060463"
2026,"Liceo Ignacio Carrera Pinto
Rama",22022,Obligatoria,601.9,LICEO IGNACIO CARRERA PINTO,"-41,12944","-73,060463"
2026,"Liceo Ignacio Carrera Pinto
Rama",22022,Lenguaje,522.5,LICEO IGNACIO CARRERA PINTO,"-41,12944","-73,060463"
2026,"Liceo Ignacio Carrera Pinto
Rama",22022,M1,524.0,LICEO IGNACIO CARRERA PINTO,"-41,12944","-73,060463"
2026,"Liceo Ignacio Carrera Pinto
Rama",22022,M2,384.3,LICEO IGNACIO CARRERA PINTO,"-41,12944","-73,060463"
2026,"Liceo Ignacio Carrera Pinto
Rama",22022,Historia,460.0,LICEO IGNACIO CARRERA PINTO,"-41,12944","-73,060463"
2026,"Liceo Ignacio Carrera Pinto
Rama",22022,Ciencias,366.5,LICEO IGNACIO CARRERA PINTO,"-41,12944","-73,060463"
2026,"Liceo Ignacio Carrera Pinto
Rama",22022,Obligatoria,523.3,LICEO IGNACIO CARRERA PINTO,"-41,12944","-73,060463"
2026,"Liceo Ignacio Carrera Pinto
Rama",22022,Lenguaje,558.8,LICEO IGNACIO CARRERA PINTO,"-41,12944","-73,060463"
2026,"Liceo Ignacio Carrera Pinto
Rama",22022,M1,539.7,LICEO IGNACIO CARRERA PINTO,"-41,12944","-73,060463"
2026,"Liceo Ignacio Carrera Pinto
Rama",22022,M2,386.2,LICEO IGNACIO CARRERA PINTO,"-41,12944","-73,060463"
2026,"Liceo Ignacio Carrera Pinto
Rama",22022,Historia,443.0,LICEO IGNACIO CARRERA PINTO,"-41,12944","-73,060463"
2026,"Liceo Ignacio Carrera Pinto
Rama",22022,Ciencias,409.0,LICEO IGNACIO CARRERA PINTO,"-41,12944","-73,060463"
2026,"Liceo Ignacio Carrera Pinto
Rama",22022,Obligatoria,540.4,LICEO IGNACIO CARRERA PINTO,"-41,12944","-73,060463"
2026,"Liceo Ignacio Carrera Pinto
Rama",22022,Lenguaje,508.1,LICEO IGNACIO CARRERA PINTO,"-41,12944","-73,060463"
2026,"Liceo Ignacio Carrera Pinto
Rama",22022,M1,505.4,LICEO IGNACIO CARRERA PINTO,"-41,12944","-73,060463"
2026,"Liceo Ignacio Carrera Pinto
Rama",22022,M2,382.0,LICEO IGNACIO CARRERA PINTO,"-41,12944","-73,060463"
2026,"Liceo Ignacio Carrera Pinto
Rama",22022,Historia,409.7,LICEO IGNACIO CARRERA PINTO,"-41,12944","-73,060463"
2026,"Liceo Ignacio Carrera Pinto
Rama",22022,Ciencias,367.5,LICEO IGNACIO CARRERA PINTO,"-41,12944","-73,060463"
2026,"Liceo Ignacio Carrera Pinto
Rama",22022,Obligatoria,506.7,LICEO IGNACIO CARRERA PINTO,"-41,12944","-73,060463"
2026,Liceo Tecnico Profesional Radio,22024,Lenguaje,710.0,LICEO TECNICO PROFESIONAL RADIO 24,"-40,072392","-72,613541"
2026,Liceo Tecnico Profesional Radio,22024,M1,699.0,LICEO TECNICO PROFESIONAL RADIO 24,"-40,072392","-72,613541"
2026,Liceo Tecnico Profesional Radio,22024,M2,0.0,LICEO TECNICO PROFESIONAL RADIO 24,"-40,072392","-72,613541"
2026,Liceo Tecnico Profesional Radio,22024,Historia,493.0,LICEO TECNICO PROFESIONAL RADIO 24,"-40,072392","-72,613541"
2026,Liceo Tecnico Profesional Radio,22024,Ciencias,0.0,LICEO TECNICO PROFESIONAL RADIO 24,"-40,072392","-72,613541"
2026,Liceo Tecnico Profesional Radio,22024,Obligatoria,704.5,LICEO TECNICO PROFESIONAL RADIO 24,"-40,072392","-72,613541"
2026,Liceo Tecnico Profesional Radio,22024,Lenguaje,485.7,LICEO TECNICO PROFESIONAL RADIO 24,"-40,072392","-72,613541"
2026,Liceo Tecnico Profesional Radio,22024,M1,504.3,LICEO TECNICO PROFESIONAL RADIO 24,"-40,072392","-72,613541"
2026,Liceo Tecnico Profesional Radio,22024,M2,349.0,LICEO TECNICO PROFESIONAL RADIO 24,"-40,072392","-72,613541"
2026,Liceo Tecnico Profesional Radio,22024,Historia,432.5,LICEO TECNICO PROFESIONAL RADIO 24,"-40,072392","-72,613541"
2026,Liceo Tecnico Profesional Radio,22024,Ciencias,388.3,LICEO TECNICO PROFESIONAL RADIO 24,"-40,072392","-72,613541"
2026,Liceo Tecnico Profesional Radio,22024,Obligatoria,495.0,LICEO TECNICO PROFESIONAL RADIO 24,"-40,072392","-72,613541"
2026,Liceo Tecnico Profesional Radio,22024,Lenguaje,472.0,LICEO TECNICO PROFESIONAL RADIO 24,"-40,072392","-72,613541"
2026,Liceo Tecnico Profesional Radio,22024,M1,475.7,LICEO TECNICO PROFESIONAL RADIO 24,"-40,072392","-72,613541"
2026,Liceo Tecnico Profesional Radio,22024,M2,0.0,LICEO TECNICO PROFESIONAL RADIO 24,"-40,072392","-72,613541"
2026,Liceo Tecnico Profesional Radio,22024,Historia,406.0,LICEO TECNICO PROFESIONAL RADIO 24,"-40,072392","-72,613541"
2026,Liceo Tecnico Profesional Radio,22024,Ciencias,401.0,LICEO TECNICO PROFESIONAL RADIO 24,"-40,072392","-72,613541"
2026,Liceo Tecnico Profesional Radio,22024,Obligatoria,473.8,LICEO TECNICO PROFESIONAL RADIO 24,"-40,072392","-72,613541"
2026,"Liceo Hornopiren
Rama",22027,Lenguaje,567.9,LICEO HORNOPIREN,"-41,967548","-72,469223"
2026,"Liceo Hornopiren
Rama",22027,M1,573.7,LICEO HORNOPIREN,"-41,967548","-72,469223"
2026,"Liceo Hornopiren
Rama",22027,M2,383.9,LICEO HORNOPIREN,"-41,967548","-72,469223"
2026,"Liceo Hornopiren
Rama",22027,Historia,455.1,LICEO HORNOPIREN,"-41,967548","-72,469223"
2026,"Liceo Hornopiren
Rama",22027,Ciencias,397.7,LICEO HORNOPIREN,"-41,967548","-72,469223"
2026,"Liceo Hornopiren
Rama",22027,Obligatoria,570.8,LICEO HORNOPIREN,"-41,967548","-72,469223"
2026,"Liceo Hornopiren
Rama",22027,Lenguaje,479.0,LICEO HORNOPIREN,"-41,967548","-72,469223"
2026,"Liceo Hornopiren
Rama",22027,M1,482.0,LICEO HORNOPIREN,"-41,967548","-72,469223"
2026,"Liceo Hornopiren
Rama",22027,M2,385.0,LICEO HORNOPIREN,"-41,967548","-72,469223"
2026,"Liceo Hornopiren
Rama",22027,Historia,408.5,LICEO HORNOPIREN,"-41,967548","-72,469223"
2026,"Liceo Hornopiren
Rama",22027,Ciencias,370.4,LICEO HORNOPIREN,"-41,967548","-72,469223"
2026,"Liceo Hornopiren
Rama",22027,Obligatoria,481.5,LICEO HORNOPIREN,"-41,967548","-72,469223"
2026,"Liceo Hornopiren
Rama",22027,Lenguaje,524.6,LICEO HORNOPIREN,"-41,967548","-72,469223"
2026,"Liceo Hornopiren
Rama",22027,M1,590.6,LICEO HORNOPIREN,"-41,967548","-72,469223"
2026,"Liceo Hornopiren
Rama",22027,M2,359.3,LICEO HORNOPIREN,"-41,967548","-72,469223"
2026,"Liceo Hornopiren
Rama",22027,Historia,414.5,LICEO HORNOPIREN,"-41,967548","-72,469223"
2026,"Liceo Hornopiren
Rama",22027,Ciencias,391.0,LICEO HORNOPIREN,"-41,967548","-72,469223"
2026,"Liceo Hornopiren
Rama",22027,Obligatoria,557.6,LICEO HORNOPIREN,"-41,967548","-72,469223"
2026,"Colegio Star College
Rama",22029,Lenguaje,643.3,COLEGIO STAR COLLEGE,"-40,57797704","-73,12832483"
2026,"Colegio Star College
Rama",22029,M1,709.3,COLEGIO STAR COLLEGE,"-40,57797704","-73,12832483"
2026,"Colegio Star College
Rama",22029,M2,500.0,COLEGIO STAR COLLEGE,"-40,57797704","-73,12832483"
2026,"Colegio Star College
Rama",22029,Historia,527.2,COLEGIO STAR COLLEGE,"-40,57797704","-73,12832483"
2026,"Colegio Star College
Rama",22029,Ciencias,518.5,COLEGIO STAR COLLEGE,"-40,57797704","-73,12832483"
2026,"Colegio Star College
Rama",22029,Obligatoria,676.3,COLEGIO STAR COLLEGE,"-40,57797704","-73,12832483"
2026,"Liceo Bicentenario De Excelencia Benjamin Muñoz Gam
Rama",22050,Lenguaje,577.0,LICEO BICENTENARIO DE EXCELENCIA BENJAMIN MUÑOZ GAMERO,"-40,974121","-72,881912"
2026,"Liceo Bicentenario De Excelencia Benjamin Muñoz Gam
Rama",22050,M1,582.2,LICEO BICENTENARIO DE EXCELENCIA BENJAMIN MUÑOZ GAMERO,"-40,974121","-72,881912"
2026,"Liceo Bicentenario De Excelencia Benjamin Muñoz Gam
Rama",22050,M2,339.5,LICEO BICENTENARIO DE EXCELENCIA BENJAMIN MUÑOZ GAMERO,"-40,974121","-72,881912"
2026,"Liceo Bicentenario De Excelencia Benjamin Muñoz Gam
Rama",22050,Historia,418.0,LICEO BICENTENARIO DE EXCELENCIA BENJAMIN MUÑOZ GAMERO,"-40,974121","-72,881912"
2026,"Liceo Bicentenario De Excelencia Benjamin Muñoz Gam
Rama",22050,Ciencias,440.0,LICEO BICENTENARIO DE EXCELENCIA BENJAMIN MUÑOZ GAMERO,"-40,974121","-72,881912"
2026,"Liceo Bicentenario De Excelencia Benjamin Muñoz Gam
Rama",22050,Obligatoria,579.6,LICEO BICENTENARIO DE EXCELENCIA BENJAMIN MUÑOZ GAMERO,"-40,974121","-72,881912"
2026,"Liceo Bicentenario De Excelencia Benjamin Muñoz Gam
Rama",22050,Lenguaje,503.3,LICEO BICENTENARIO DE EXCELENCIA BENJAMIN MUÑOZ GAMERO,"-40,974121","-72,881912"
2026,"Liceo Bicentenario De Excelencia Benjamin Muñoz Gam
Rama",22050,M1,549.3,LICEO BICENTENARIO DE EXCELENCIA BENJAMIN MUÑOZ GAMERO,"-40,974121","-72,881912"
2026,"Liceo Bicentenario De Excelencia Benjamin Muñoz Gam
Rama",22050,M2,350.5,LICEO BICENTENARIO DE EXCELENCIA BENJAMIN MUÑOZ GAMERO,"-40,974121","-72,881912"
2026,"Liceo Bicentenario De Excelencia Benjamin Muñoz Gam
Rama",22050,Historia,483.5,LICEO BICENTENARIO DE EXCELENCIA BENJAMIN MUÑOZ GAMERO,"-40,974121","-72,881912"
2026,"Liceo Bicentenario De Excelencia Benjamin Muñoz Gam
Rama",22050,Ciencias,373.3,LICEO BICENTENARIO DE EXCELENCIA BENJAMIN MUÑOZ GAMERO,"-40,974121","-72,881912"
2026,"Liceo Bicentenario De Excelencia Benjamin Muñoz Gam
Rama",22050,Obligatoria,532.3,LICEO BICENTENARIO DE EXCELENCIA BENJAMIN MUÑOZ GAMERO,"-40,974121","-72,881912"
2026,"Colegio San Francisco De Asis
Rama",22065,Lenguaje,584.4,COLEGIO SAN FRANCISCO DE ASIS,"-42,484379","-73,792427"
2026,"Colegio San Francisco De Asis
Rama",22065,M1,616.3,COLEGIO SAN FRANCISCO DE ASIS,"-42,484379","-73,792427"
2026,"Colegio San Francisco De Asis
Rama",22065,M2,391.6,COLEGIO SAN FRANCISCO DE ASIS,"-42,484379","-73,792427"
2026,"Colegio San Francisco De Asis
Rama",22065,Historia,462.0,COLEGIO SAN FRANCISCO DE ASIS,"-42,484379","-73,792427"
2026,"Colegio San Francisco De Asis
Rama",22065,Ciencias,444.7,COLEGIO SAN FRANCISCO DE ASIS,"-42,484379","-73,792427"
2026,"Colegio San Francisco De Asis
Rama",22065,Obligatoria,600.3,COLEGIO SAN FRANCISCO DE ASIS,"-42,484379","-73,792427"
2026,"Centro De Educacion De Adultos Paulo Freire
Rama",22066,Lenguaje,528.5,CENTRO DE EDUCACION DE ADULTOS PAULO FREIRE,"-41,61617","-73,59921"
2026,"Centro De Educacion De Adultos Paulo Freire
Rama",22066,M1,436.0,CENTRO DE EDUCACION DE ADULTOS PAULO FREIRE,"-41,61617","-73,59921"
2026,"Centro De Educacion De Adultos Paulo Freire
Rama",22066,M2,330.0,CENTRO DE EDUCACION DE ADULTOS PAULO FREIRE,"-41,61617","-73,59921"
2026,"Centro De Educacion De Adultos Paulo Freire
Rama",22066,Historia,418.0,CENTRO DE EDUCACION DE ADULTOS PAULO FREIRE,"-41,61617","-73,59921"
2026,"Centro De Educacion De Adultos Paulo Freire
Rama",22066,Ciencias,346.0,CENTRO DE EDUCACION DE ADULTOS PAULO FREIRE,"-41,61617","-73,59921"
2026,"Centro De Educacion De Adultos Paulo Freire
Rama",22066,Obligatoria,482.3,CENTRO DE EDUCACION DE ADULTOS PAULO FREIRE,"-41,61617","-73,59921"
2026,"Colegio Almirante Juan Jose Latorre
Rama",22083,Lenguaje,599.7,COLEGIO ALMIRANTE JUAN JOSE LATORRE,"-42,917381","-72,709023"
2026,"Colegio Almirante Juan Jose Latorre
Rama",22083,M1,599.1,COLEGIO ALMIRANTE JUAN JOSE LATORRE,"-42,917381","-72,709023"
2026,"Colegio Almirante Juan Jose Latorre
Rama",22083,M2,471.7,COLEGIO ALMIRANTE JUAN JOSE LATORRE,"-42,917381","-72,709023"
2026,"Colegio Almirante Juan Jose Latorre
Rama",22083,Historia,477.7,COLEGIO ALMIRANTE JUAN JOSE LATORRE,"-42,917381","-72,709023"
2026,"Colegio Almirante Juan Jose Latorre
Rama",22083,Ciencias,475.3,COLEGIO ALMIRANTE JUAN JOSE LATORRE,"-42,917381","-72,709023"
2026,"Colegio Almirante Juan Jose Latorre
Rama",22083,Obligatoria,599.4,COLEGIO ALMIRANTE JUAN JOSE LATORRE,"-42,917381","-72,709023"
2026,"Liceo Politecnico Antulafken
Rama",22084,Lenguaje,573.0,LICEO POLITECNICO ANTULAFKEN,"-40,6055","-73,4681"
2026,"Liceo Politecnico Antulafken
Rama",22084,M1,540.0,LICEO POLITECNICO ANTULAFKEN,"-40,6055","-73,4681"
2026,"Liceo Politecnico Antulafken
Rama",22084,M2,382.0,LICEO POLITECNICO ANTULAFKEN,"-40,6055","-73,4681"
2026,"Liceo Politecnico Antulafken
Rama",22084,Historia,476.5,LICEO POLITECNICO ANTULAFKEN,"-40,6055","-73,4681"
2026,"Liceo Politecnico Antulafken
Rama",22084,Ciencias,394.5,LICEO POLITECNICO ANTULAFKEN,"-40,6055","-73,4681"
2026,"Liceo Politecnico Antulafken
Rama",22084,Obligatoria,559.3,LICEO POLITECNICO ANTULAFKEN,"-40,6055","-73,4681"
2026,"Liceo Politecnico Antulafken
Rama",22084,Lenguaje,488.5,LICEO POLITECNICO ANTULAFKEN,"-40,6055","-73,4681"
2026,"Liceo Politecnico Antulafken
Rama",22084,M1,507.3,LICEO POLITECNICO ANTULAFKEN,"-40,6055","-73,4681"
2026,"Liceo Politecnico Antulafken
Rama",22084,M2,371.0,LICEO POLITECNICO ANTULAFKEN,"-40,6055","-73,4681"
2026,"Liceo Politecnico Antulafken
Rama",22084,Historia,458.0,LICEO POLITECNICO ANTULAFKEN,"-40,6055","-73,4681"
2026,"Liceo Politecnico Antulafken
Rama",22084,Ciencias,398.0,LICEO POLITECNICO ANTULAFKEN,"-40,6055","-73,4681"
2026,"Liceo Politecnico Antulafken
Rama",22084,Obligatoria,497.9,LICEO POLITECNICO ANTULAFKEN,"-40,6055","-73,4681"
2026,"Liceo Rural Las Quemas
Rama",22086,Lenguaje,577.1,LICEO RURAL LAS QUEMAS,"-41,4021","-73,178513"
2026,"Liceo Rural Las Quemas
Rama",22086,M1,562.8,LICEO RURAL LAS QUEMAS,"-41,4021","-73,178513"
2026,"Liceo Rural Las Quemas
Rama",22086,M2,390.3,LICEO RURAL LAS QUEMAS,"-41,4021","-73,178513"
2026,"Liceo Rural Las Quemas
Rama",22086,Historia,458.2,LICEO RURAL LAS QUEMAS,"-41,4021","-73,178513"
2026,"Liceo Rural Las Quemas
Rama",22086,Ciencias,415.0,LICEO RURAL LAS QUEMAS,"-41,4021","-73,178513"
2026,"Liceo Rural Las Quemas
Rama",22086,Obligatoria,569.9,LICEO RURAL LAS QUEMAS,"-41,4021","-73,178513"
2026,C,22089,Lenguaje,502.8,C.E.I.A. SALOMON FUENTES MARTINEZ,"-41,862705","-73,82674"
2026,C,22089,M1,554.3,C.E.I.A. SALOMON FUENTES MARTINEZ,"-41,862705","-73,82674"
2026,C,22089,M2,0.0,C.E.I.A. SALOMON FUENTES MARTINEZ,"-41,862705","-73,82674"
2026,C,22089,Historia,479.0,C.E.I.A. SALOMON FUENTES MARTINEZ,"-41,862705","-73,82674"
2026,C,22089,Ciencias,458.0,C.E.I.A. SALOMON FUENTES MARTINEZ,"-41,862705","-73,82674"
2026,C,22089,Obligatoria,528.5,C.E.I.A. SALOMON FUENTES MARTINEZ,"-41,862705","-73,82674"
2026,"Liceo Fray Pablo De Royo
Rama",22113,Lenguaje,574.2,LICEO FRAY PABLO DE ROYO,"-40,41259","-73,010597"
2026,"Liceo Fray Pablo De Royo
Rama",22113,M1,603.3,LICEO FRAY PABLO DE ROYO,"-40,41259","-73,010597"
2026,"Liceo Fray Pablo De Royo
Rama",22113,M2,401.7,LICEO FRAY PABLO DE ROYO,"-40,41259","-73,010597"
2026,"Liceo Fray Pablo De Royo
Rama",22113,Historia,501.2,LICEO FRAY PABLO DE ROYO,"-40,41259","-73,010597"
2026,"Liceo Fray Pablo De Royo
Rama",22113,Ciencias,433.7,LICEO FRAY PABLO DE ROYO,"-40,41259","-73,010597"
2026,"Liceo Fray Pablo De Royo
Rama",22113,Obligatoria,588.7,LICEO FRAY PABLO DE ROYO,"-40,41259","-73,010597"
2026,"Liceo Fray Pablo De Royo
Rama",22113,Lenguaje,493.7,LICEO FRAY PABLO DE ROYO,"-40,41259","-73,010597"
2026,"Liceo Fray Pablo De Royo
Rama",22113,M1,501.5,LICEO FRAY PABLO DE ROYO,"-40,41259","-73,010597"
2026,"Liceo Fray Pablo De Royo
Rama",22113,M2,0.0,LICEO FRAY PABLO DE ROYO,"-40,41259","-73,010597"
2026,"Liceo Fray Pablo De Royo
Rama",22113,Historia,364.0,LICEO FRAY PABLO DE ROYO,"-40,41259","-73,010597"
2026,"Liceo Fray Pablo De Royo
Rama",22113,Ciencias,368.3,LICEO FRAY PABLO DE ROYO,"-40,41259","-73,010597"
2026,"Liceo Fray Pablo De Royo
Rama",22113,Obligatoria,497.6,LICEO FRAY PABLO DE ROYO,"-40,41259","-73,010597"
2026,"Liceo Fray Pablo De Royo
Rama",22113,Lenguaje,531.7,LICEO FRAY PABLO DE ROYO,"-40,41259","-73,010597"
2026,"Liceo Fray Pablo De Royo
Rama",22113,M1,571.7,LICEO FRAY PABLO DE ROYO,"-40,41259","-73,010597"
2026,"Liceo Fray Pablo De Royo
Rama",22113,M2,0.0,LICEO FRAY PABLO DE ROYO,"-40,41259","-73,010597"
2026,"Liceo Fray Pablo De Royo
Rama",22113,Historia,508.0,LICEO FRAY PABLO DE ROYO,"-40,41259","-73,010597"
2026,"Liceo Fray Pablo De Royo
Rama",22113,Ciencias,446.0,LICEO FRAY PABLO DE ROYO,"-40,41259","-73,010597"
2026,"Liceo Fray Pablo De Royo
Rama",22113,Obligatoria,551.7,LICEO FRAY PABLO DE ROYO,"-40,41259","-73,010597"
2026,"Liceo Premilitar Héroes De La Concepción
Rama",22114,Lenguaje,538.2,LICEO PREMILITAR HÉROES DE LA CONCEPCIÓN,"-40,57777","-73,123833"
2026,"Liceo Premilitar Héroes De La Concepción
Rama",22114,M1,541.6,LICEO PREMILITAR HÉROES DE LA CONCEPCIÓN,"-40,57777","-73,123833"
2026,"Liceo Premilitar Héroes De La Concepción
Rama",22114,M2,360.0,LICEO PREMILITAR HÉROES DE LA CONCEPCIÓN,"-40,57777","-73,123833"
2026,"Liceo Premilitar Héroes De La Concepción
Rama",22114,Historia,462.5,LICEO PREMILITAR HÉROES DE LA CONCEPCIÓN,"-40,57777","-73,123833"
2026,"Liceo Premilitar Héroes De La Concepción
Rama",22114,Ciencias,398.8,LICEO PREMILITAR HÉROES DE LA CONCEPCIÓN,"-40,57777","-73,123833"
2026,"Liceo Premilitar Héroes De La Concepción
Rama",22114,Obligatoria,540.8,LICEO PREMILITAR HÉROES DE LA CONCEPCIÓN,"-40,57777","-73,123833"
2026,"Liceo Bicentenario Ingeniero Ricardo Fenner Ruedi
Rama",22140,Lenguaje,547.7,LICEO BICENTENARIO INGENIERO RICARDO FENNER RUEDI,"-40,313129","-73,000214"
2026,"Liceo Bicentenario Ingeniero Ricardo Fenner Ruedi
Rama",22140,M1,585.4,LICEO BICENTENARIO INGENIERO RICARDO FENNER RUEDI,"-40,313129","-73,000214"
2026,"Liceo Bicentenario Ingeniero Ricardo Fenner Ruedi
Rama",22140,M2,374.9,LICEO BICENTENARIO INGENIERO RICARDO FENNER RUEDI,"-40,313129","-73,000214"
2026,"Liceo Bicentenario Ingeniero Ricardo Fenner Ruedi
Rama",22140,Historia,434.3,LICEO BICENTENARIO INGENIERO RICARDO FENNER RUEDI,"-40,313129","-73,000214"
2026,"Liceo Bicentenario Ingeniero Ricardo Fenner Ruedi
Rama",22140,Ciencias,413.3,LICEO BICENTENARIO INGENIERO RICARDO FENNER RUEDI,"-40,313129","-73,000214"
2026,"Liceo Bicentenario Ingeniero Ricardo Fenner Ruedi
Rama",22140,Obligatoria,567.3,LICEO BICENTENARIO INGENIERO RICARDO FENNER RUEDI,"-40,313129","-73,000214"
2026,"Colegio Puerto Varas
Rama",22144,Lenguaje,733.1,COLEGIO PUERTO VARAS,"-41,308345","-72,99248"
2026,"Colegio Puerto Varas
Rama",22144,M1,876.1,COLEGIO PUERTO VARAS,"-41,308345","-72,99248"
2026,"Colegio Puerto Varas
Rama",22144,M2,542.9,COLEGIO PUERTO VARAS,"-41,308345","-72,99248"
2026,"Colegio Puerto Varas
Rama",22144,Historia,673.3,COLEGIO PUERTO VARAS,"-41,308345","-72,99248"
2026,"Colegio Puerto Varas
Rama",22144,Ciencias,647.3,COLEGIO PUERTO VARAS,"-41,308345","-72,99248"
2026,"Colegio Puerto Varas
Rama",22144,Obligatoria,804.6,COLEGIO PUERTO VARAS,"-41,308345","-72,99248"
2026,"Colegio Abraham Lincoln
Rama",22146,Lenguaje,508.8,COLEGIO ABRAHAM LINCOLN,"-40,5760759","-73,1518712"
2026,"Colegio Abraham Lincoln
Rama",22146,M1,552.0,COLEGIO ABRAHAM LINCOLN,"-40,5760759","-73,1518712"
2026,"Colegio Abraham Lincoln
Rama",22146,M2,414.0,COLEGIO ABRAHAM LINCOLN,"-40,5760759","-73,1518712"
2026,"Colegio Abraham Lincoln
Rama",22146,Historia,566.3,COLEGIO ABRAHAM LINCOLN,"-40,5760759","-73,1518712"
2026,"Colegio Abraham Lincoln
Rama",22146,Ciencias,439.7,COLEGIO ABRAHAM LINCOLN,"-40,5760759","-73,1518712"
2026,"Colegio Abraham Lincoln
Rama",22146,Obligatoria,530.4,COLEGIO ABRAHAM LINCOLN,"-40,5760759","-73,1518712"
2026,"Colegio Carpe Diem
Rama",22155,Lenguaje,682.6,COLEGIO CARPE DIEM,"-42,450859","-73,777763"
2026,"Colegio Carpe Diem
Rama",22155,M1,717.5,COLEGIO CARPE DIEM,"-42,450859","-73,777763"
2026,"Colegio Carpe Diem
Rama",22155,M2,417.4,COLEGIO CARPE DIEM,"-42,450859","-73,777763"
2026,"Colegio Carpe Diem
Rama",22155,Historia,545.3,COLEGIO CARPE DIEM,"-42,450859","-73,777763"
2026,"Colegio Carpe Diem
Rama",22155,Ciencias,516.3,COLEGIO CARPE DIEM,"-42,450859","-73,777763"
2026,"Colegio Carpe Diem
Rama",22155,Obligatoria,700.1,COLEGIO CARPE DIEM,"-42,450859","-73,777763"
2026,"Martin Luther King College
Rama",22160,Lenguaje,575.0,MARTIN LUTHER KING COLLEGE,"-39,836231","-73,240349"
2026,"Martin Luther King College
Rama",22160,M1,630.2,MARTIN LUTHER KING COLLEGE,"-39,836231","-73,240349"
2026,"Martin Luther King College
Rama",22160,M2,425.4,MARTIN LUTHER KING COLLEGE,"-39,836231","-73,240349"
2026,"Martin Luther King College
Rama",22160,Historia,456.3,MARTIN LUTHER KING COLLEGE,"-39,836231","-73,240349"
2026,"Martin Luther King College
Rama",22160,Ciencias,455.7,MARTIN LUTHER KING COLLEGE,"-39,836231","-73,240349"
2026,"Martin Luther King College
Rama",22160,Obligatoria,604.1,MARTIN LUTHER KING COLLEGE,"-39,836231","-73,240349"
2026,"Colegio San Luis De Alba
Rama",22177,Lenguaje,733.8,COLEGIO SAN LUIS DE ALBA,"-39,845222","-73,28399"
2026,"Colegio San Luis De Alba
Rama",22177,M1,856.7,COLEGIO SAN LUIS DE ALBA,"-39,845222","-73,28399"
2026,"Colegio San Luis De Alba
Rama",22177,M2,521.3,COLEGIO SAN LUIS DE ALBA,"-39,845222","-73,28399"
2026,"Colegio San Luis De Alba
Rama",22177,Historia,620.1,COLEGIO SAN LUIS DE ALBA,"-39,845222","-73,28399"
2026,"Colegio San Luis De Alba
Rama",22177,Ciencias,596.1,COLEGIO SAN LUIS DE ALBA,"-39,845222","-73,28399"
2026,"Colegio San Luis De Alba
Rama",22177,Obligatoria,795.2,COLEGIO SAN LUIS DE ALBA,"-39,845222","-73,28399"
2026,"Liceo Manuel Baquedano
Rama",22187,Lenguaje,522.9,LICEO MANUEL BAQUEDANO,"-40,57116","-73,14259"
2026,"Liceo Manuel Baquedano
Rama",22187,M1,550.4,LICEO MANUEL BAQUEDANO,"-40,57116","-73,14259"
2026,"Liceo Manuel Baquedano
Rama",22187,M2,354.6,LICEO MANUEL BAQUEDANO,"-40,57116","-73,14259"
2026,"Liceo Manuel Baquedano
Rama",22187,Historia,473.2,LICEO MANUEL BAQUEDANO,"-40,57116","-73,14259"
2026,"Liceo Manuel Baquedano
Rama",22187,Ciencias,417.6,LICEO MANUEL BAQUEDANO,"-40,57116","-73,14259"
2026,"Liceo Manuel Baquedano
Rama",22187,Obligatoria,541.6,LICEO MANUEL BAQUEDANO,"-40,57116","-73,14259"
2026,"Centro Educacion Adultos Andres Bello
Rama",22188,Lenguaje,503.1,CENTRO EDUCACION ADULTOS ANDRES BELLO,"-39,817417","-73,23983"
2026,"Centro Educacion Adultos Andres Bello
Rama",22188,M1,485.6,CENTRO EDUCACION ADULTOS ANDRES BELLO,"-39,817417","-73,23983"
2026,"Centro Educacion Adultos Andres Bello
Rama",22188,M2,409.0,CENTRO EDUCACION ADULTOS ANDRES BELLO,"-39,817417","-73,23983"
2026,"Centro Educacion Adultos Andres Bello
Rama",22188,Historia,432.8,CENTRO EDUCACION ADULTOS ANDRES BELLO,"-39,817417","-73,23983"
2026,"Centro Educacion Adultos Andres Bello
Rama",22188,Ciencias,426.0,CENTRO EDUCACION ADULTOS ANDRES BELLO,"-39,817417","-73,23983"
2026,"Centro Educacion Adultos Andres Bello
Rama",22188,Obligatoria,494.4,CENTRO EDUCACION ADULTOS ANDRES BELLO,"-39,817417","-73,23983"
2026,"Liceo San Francisco
Rama",22189,Lenguaje,562.7,LICEO SAN FRANCISCO,"-41,869675","-73,82398"
2026,"Liceo San Francisco
Rama",22189,M1,486.3,LICEO SAN FRANCISCO,"-41,869675","-73,82398"
2026,"Liceo San Francisco
Rama",22189,M2,0.0,LICEO SAN FRANCISCO,"-41,869675","-73,82398"
2026,"Liceo San Francisco
Rama",22189,Historia,541.5,LICEO SAN FRANCISCO,"-41,869675","-73,82398"
2026,"Liceo San Francisco
Rama",22189,Ciencias,390.0,LICEO SAN FRANCISCO,"-41,869675","-73,82398"
2026,"Liceo San Francisco
Rama",22189,Obligatoria,524.5,LICEO SAN FRANCISCO,"-41,869675","-73,82398"
2026,"Colegio Emprender Osorno
Rama",22191,Lenguaje,657.6,COLEGIO EMPRENDER OSORNO,"-40,573559","-73,165627"
2026,"Colegio Emprender Osorno
Rama",22191,M1,663.5,COLEGIO EMPRENDER OSORNO,"-40,573559","-73,165627"
2026,"Colegio Emprender Osorno
Rama",22191,M2,424.1,COLEGIO EMPRENDER OSORNO,"-40,573559","-73,165627"
2026,"Colegio Emprender Osorno
Rama",22191,Historia,573.3,COLEGIO EMPRENDER OSORNO,"-40,573559","-73,165627"
2026,"Colegio Emprender Osorno
Rama",22191,Ciencias,505.9,COLEGIO EMPRENDER OSORNO,"-40,573559","-73,165627"
2026,"Colegio Emprender Osorno
Rama",22191,Obligatoria,660.5,COLEGIO EMPRENDER OSORNO,"-40,573559","-73,165627"
2026,"Colegio Emprender Osorno
Rama",22191,Lenguaje,521.4,COLEGIO EMPRENDER OSORNO,"-40,573559","-73,165627"
2026,"Colegio Emprender Osorno
Rama",22191,M1,520.7,COLEGIO EMPRENDER OSORNO,"-40,573559","-73,165627"
2026,"Colegio Emprender Osorno
Rama",22191,M2,0.0,COLEGIO EMPRENDER OSORNO,"-40,573559","-73,165627"
2026,"Colegio Emprender Osorno
Rama",22191,Historia,416.3,COLEGIO EMPRENDER OSORNO,"-40,573559","-73,165627"
2026,"Colegio Emprender Osorno
Rama",22191,Ciencias,405.5,COLEGIO EMPRENDER OSORNO,"-40,573559","-73,165627"
2026,"Colegio Emprender Osorno
Rama",22191,Obligatoria,521.1,COLEGIO EMPRENDER OSORNO,"-40,573559","-73,165627"
2026,"Colegio Emprender Osorno
Rama",22191,Lenguaje,545.4,COLEGIO EMPRENDER OSORNO,"-40,573559","-73,165627"
2026,"Colegio Emprender Osorno
Rama",22191,M1,562.8,COLEGIO EMPRENDER OSORNO,"-40,573559","-73,165627"
2026,"Colegio Emprender Osorno
Rama",22191,M2,412.3,COLEGIO EMPRENDER OSORNO,"-40,573559","-73,165627"
2026,"Colegio Emprender Osorno
Rama",22191,Historia,458.4,COLEGIO EMPRENDER OSORNO,"-40,573559","-73,165627"
2026,"Colegio Emprender Osorno
Rama",22191,Ciencias,410.5,COLEGIO EMPRENDER OSORNO,"-40,573559","-73,165627"
2026,"Colegio Emprender Osorno
Rama",22191,Obligatoria,555.3,COLEGIO EMPRENDER OSORNO,"-40,573559","-73,165627"
2026,"Colegio Catolico Beato Federico Ozanam
Rama",22192,Lenguaje,634.2,COLEGIO CATOLICO BEATO FEDERICO OZANAM,"-41,47541","-72,983299"
2026,"Colegio Catolico Beato Federico Ozanam
Rama",22192,M1,652.6,COLEGIO CATOLICO BEATO FEDERICO OZANAM,"-41,47541","-72,983299"
2026,"Colegio Catolico Beato Federico Ozanam
Rama",22192,M2,440.3,COLEGIO CATOLICO BEATO FEDERICO OZANAM,"-41,47541","-72,983299"
2026,"Colegio Catolico Beato Federico Ozanam
Rama",22192,Historia,564.2,COLEGIO CATOLICO BEATO FEDERICO OZANAM,"-41,47541","-72,983299"
2026,"Colegio Catolico Beato Federico Ozanam
Rama",22192,Ciencias,474.3,COLEGIO CATOLICO BEATO FEDERICO OZANAM,"-41,47541","-72,983299"
2026,"Colegio Catolico Beato Federico Ozanam
Rama",22192,Obligatoria,644.2,COLEGIO CATOLICO BEATO FEDERICO OZANAM,"-41,47541","-72,983299"
2026,"Colegio Quellon
Rama",22196,Lenguaje,584.4,COLEGIO QUELLON,"-43,117859","-73,591972"
2026,"Colegio Quellon
Rama",22196,M1,615.7,COLEGIO QUELLON,"-43,117859","-73,591972"
2026,"Colegio Quellon
Rama",22196,M2,439.7,COLEGIO QUELLON,"-43,117859","-73,591972"
2026,"Colegio Quellon
Rama",22196,Historia,498.1,COLEGIO QUELLON,"-43,117859","-73,591972"
2026,"Colegio Quellon
Rama",22196,Ciencias,437.9,COLEGIO QUELLON,"-43,117859","-73,591972"
2026,"Colegio Quellon
Rama",22196,Obligatoria,601.5,COLEGIO QUELLON,"-43,117859","-73,591972"
2026,"Instituto Del Pacifico
Rama",22200,Lenguaje,564.0,INSTITUTO DEL PACIFICO,"-41,478931","-72,973877"
2026,"Instituto Del Pacifico
Rama",22200,M1,581.0,INSTITUTO DEL PACIFICO,"-41,478931","-72,973877"
2026,"Instituto Del Pacifico
Rama",22200,M2,404.3,INSTITUTO DEL PACIFICO,"-41,478931","-72,973877"
2026,"Instituto Del Pacifico
Rama",22200,Historia,441.6,INSTITUTO DEL PACIFICO,"-41,478931","-72,973877"
2026,"Instituto Del Pacifico
Rama",22200,Ciencias,446.2,INSTITUTO DEL PACIFICO,"-41,478931","-72,973877"
2026,"Instituto Del Pacifico
Rama",22200,Obligatoria,573.2,INSTITUTO DEL PACIFICO,"-41,478931","-72,973877"
2026,"Centro Educacional San Andres
Rama",22210,Lenguaje,674.1,CENTRO EDUCACIONAL SAN ANDRES,"-41,866131","-73,83107"
2026,"Centro Educacional San Andres
Rama",22210,M1,705.8,CENTRO EDUCACIONAL SAN ANDRES,"-41,866131","-73,83107"
2026,"Centro Educacional San Andres
Rama",22210,M2,431.1,CENTRO EDUCACIONAL SAN ANDRES,"-41,866131","-73,83107"
2026,"Centro Educacional San Andres
Rama",22210,Historia,601.6,CENTRO EDUCACIONAL SAN ANDRES,"-41,866131","-73,83107"
2026,"Centro Educacional San Andres
Rama",22210,Ciencias,491.7,CENTRO EDUCACIONAL SAN ANDRES,"-41,866131","-73,83107"
2026,"Centro Educacional San Andres
Rama",22210,Obligatoria,689.9,CENTRO EDUCACIONAL SAN ANDRES,"-41,866131","-73,83107"
2026,"Colegio Cahuala Insular
Rama",22211,Lenguaje,714.6,COLEGIO CAHUALA INSULAR,"-42,432861","-73,765411"
2026,"Colegio Cahuala Insular
Rama",22211,M1,778.5,COLEGIO CAHUALA INSULAR,"-42,432861","-73,765411"
2026,"Colegio Cahuala Insular
Rama",22211,M2,474.9,COLEGIO CAHUALA INSULAR,"-42,432861","-73,765411"
2026,"Colegio Cahuala Insular
Rama",22211,Historia,644.0,COLEGIO CAHUALA INSULAR,"-42,432861","-73,765411"
2026,"Colegio Cahuala Insular
Rama",22211,Ciencias,576.4,COLEGIO CAHUALA INSULAR,"-42,432861","-73,765411"
2026,"Colegio Cahuala Insular
Rama",22211,Obligatoria,746.5,COLEGIO CAHUALA INSULAR,"-42,432861","-73,765411"
2026,"Colegio Pufudi
Rama",22218,Lenguaje,573.7,COLEGIO PUFUDI,"-39,671108","-73,081787"
2026,"Colegio Pufudi
Rama",22218,M1,577.6,COLEGIO PUFUDI,"-39,671108","-73,081787"
2026,"Colegio Pufudi
Rama",22218,M2,391.5,COLEGIO PUFUDI,"-39,671108","-73,081787"
2026,"Colegio Pufudi
Rama",22218,Historia,432.4,COLEGIO PUFUDI,"-39,671108","-73,081787"
2026,"Colegio Pufudi
Rama",22218,Ciencias,440.8,COLEGIO PUFUDI,"-39,671108","-73,081787"
2026,"Colegio Pufudi
Rama",22218,Obligatoria,575.7,COLEGIO PUFUDI,"-39,671108","-73,081787"
2026,"Colegio Proyeccion Siglo Xxi
Rama",22224,Lenguaje,681.7,COLEGIO PROYECCION SIGLO XXI,"-40,57008","-73,123711"
2026,"Colegio Proyeccion Siglo Xxi
Rama",22224,M1,670.2,COLEGIO PROYECCION SIGLO XXI,"-40,57008","-73,123711"
2026,"Colegio Proyeccion Siglo Xxi
Rama",22224,M2,423.7,COLEGIO PROYECCION SIGLO XXI,"-40,57008","-73,123711"
2026,"Colegio Proyeccion Siglo Xxi
Rama",22224,Historia,565.2,COLEGIO PROYECCION SIGLO XXI,"-40,57008","-73,123711"
2026,"Colegio Proyeccion Siglo Xxi
Rama",22224,Ciencias,537.2,COLEGIO PROYECCION SIGLO XXI,"-40,57008","-73,123711"
2026,"Colegio Proyeccion Siglo Xxi
Rama",22224,Obligatoria,676.0,COLEGIO PROYECCION SIGLO XXI,"-40,57008","-73,123711"
2026,"Colegio Domus Mater
Rama",22231,Lenguaje,697.1,COLEGIO DOMUS MATER,"-39,82877244","-73,2464629"
2026,"Colegio Domus Mater
Rama",22231,M1,734.6,COLEGIO DOMUS MATER,"-39,82877244","-73,2464629"
2026,"Colegio Domus Mater
Rama",22231,M2,459.1,COLEGIO DOMUS MATER,"-39,82877244","-73,2464629"
2026,"Colegio Domus Mater
Rama",22231,Historia,623.3,COLEGIO DOMUS MATER,"-39,82877244","-73,2464629"
2026,"Colegio Domus Mater
Rama",22231,Ciencias,523.9,COLEGIO DOMUS MATER,"-39,82877244","-73,2464629"
2026,"Colegio Domus Mater
Rama",22231,Obligatoria,715.8,COLEGIO DOMUS MATER,"-39,82877244","-73,2464629"
2026,"Colegio San Vicente De Paul
Rama",22234,Lenguaje,617.5,COLEGIO SAN VICENTE DE PAUL,"-40,97234","-72,885933"
2026,"Colegio San Vicente De Paul
Rama",22234,M1,615.5,COLEGIO SAN VICENTE DE PAUL,"-40,97234","-72,885933"
2026,"Colegio San Vicente De Paul
Rama",22234,M2,379.8,COLEGIO SAN VICENTE DE PAUL,"-40,97234","-72,885933"
2026,"Colegio San Vicente De Paul
Rama",22234,Historia,488.7,COLEGIO SAN VICENTE DE PAUL,"-40,97234","-72,885933"
2026,"Colegio San Vicente De Paul
Rama",22234,Ciencias,423.2,COLEGIO SAN VICENTE DE PAUL,"-40,97234","-72,885933"
2026,"Colegio San Vicente De Paul
Rama",22234,Obligatoria,616.5,COLEGIO SAN VICENTE DE PAUL,"-40,97234","-72,885933"
2026,"Blas Pascal School
Rama",22236,Lenguaje,662.6,BLAS PASCAL SCHOOL,"-40,57732","-73,134857"
2026,"Blas Pascal School
Rama",22236,M1,691.4,BLAS PASCAL SCHOOL,"-40,57732","-73,134857"
2026,"Blas Pascal School
Rama",22236,M2,454.9,BLAS PASCAL SCHOOL,"-40,57732","-73,134857"
2026,"Blas Pascal School
Rama",22236,Historia,538.4,BLAS PASCAL SCHOOL,"-40,57732","-73,134857"
2026,"Blas Pascal School
Rama",22236,Ciencias,505.7,BLAS PASCAL SCHOOL,"-40,57732","-73,134857"
2026,"Blas Pascal School
Rama",22236,Obligatoria,677.0,BLAS PASCAL SCHOOL,"-40,57732","-73,134857"
2026,"Colegio San Cristobal
Rama",22262,Lenguaje,599.9,COLEGIO SAN CRISTOBAL,"-41,398899","-73,462624"
2026,"Colegio San Cristobal
Rama",22262,M1,655.7,COLEGIO SAN CRISTOBAL,"-41,398899","-73,462624"
2026,"Colegio San Cristobal
Rama",22262,M2,415.3,COLEGIO SAN CRISTOBAL,"-41,398899","-73,462624"
2026,"Colegio San Cristobal
Rama",22262,Historia,550.3,COLEGIO SAN CRISTOBAL,"-41,398899","-73,462624"
2026,"Colegio San Cristobal
Rama",22262,Ciencias,445.5,COLEGIO SAN CRISTOBAL,"-41,398899","-73,462624"
2026,"Colegio San Cristobal
Rama",22262,Obligatoria,629.6,COLEGIO SAN CRISTOBAL,"-41,398899","-73,462624"
2026,"Colegio San Cristobal
Rama",22262,Lenguaje,566.5,COLEGIO SAN CRISTOBAL,"-41,398899","-73,462624"
2026,"Colegio San Cristobal
Rama",22262,M1,619.9,COLEGIO SAN CRISTOBAL,"-41,398899","-73,462624"
2026,"Colegio San Cristobal
Rama",22262,M2,395.3,COLEGIO SAN CRISTOBAL,"-41,398899","-73,462624"
2026,"Colegio San Cristobal
Rama",22262,Historia,487.7,COLEGIO SAN CRISTOBAL,"-41,398899","-73,462624"
2026,"Colegio San Cristobal
Rama",22262,Ciencias,439.7,COLEGIO SAN CRISTOBAL,"-41,398899","-73,462624"
2026,"Colegio San Cristobal
Rama",22262,Obligatoria,593.2,COLEGIO SAN CRISTOBAL,"-41,398899","-73,462624"
2026,"Colegio Luis Pasteur
Rama",22271,Lenguaje,541.5,COLEGIO LUIS PASTEUR,"-40,571178","-73,131599"
2026,"Colegio Luis Pasteur
Rama",22271,M1,547.6,COLEGIO LUIS PASTEUR,"-40,571178","-73,131599"
2026,"Colegio Luis Pasteur
Rama",22271,M2,373.8,COLEGIO LUIS PASTEUR,"-40,571178","-73,131599"
2026,"Colegio Luis Pasteur
Rama",22271,Historia,448.6,COLEGIO LUIS PASTEUR,"-40,571178","-73,131599"
2026,"Colegio Luis Pasteur
Rama",22271,Ciencias,408.8,COLEGIO LUIS PASTEUR,"-40,571178","-73,131599"
2026,"Colegio Luis Pasteur
Rama",22271,Obligatoria,544.0,COLEGIO LUIS PASTEUR,"-40,571178","-73,131599"
2026,"Liceo De Adultos Crecer Osorno
Rama",22276,Lenguaje,547.0,LICEO DE ADULTOS CRECER OSORNO,"-40,57791","-73,132355"
2026,"Liceo De Adultos Crecer Osorno
Rama",22276,M1,557.0,LICEO DE ADULTOS CRECER OSORNO,"-40,57791","-73,132355"
2026,"Liceo De Adultos Crecer Osorno
Rama",22276,M2,376.7,LICEO DE ADULTOS CRECER OSORNO,"-40,57791","-73,132355"
2026,"Liceo De Adultos Crecer Osorno
Rama",22276,Historia,416.0,LICEO DE ADULTOS CRECER OSORNO,"-40,57791","-73,132355"
2026,"Liceo De Adultos Crecer Osorno
Rama",22276,Ciencias,381.0,LICEO DE ADULTOS CRECER OSORNO,"-40,57791","-73,132355"
2026,"Liceo De Adultos Crecer Osorno
Rama",22276,Obligatoria,551.4,LICEO DE ADULTOS CRECER OSORNO,"-40,57791","-73,132355"
2026,"Corporacion De Educacion La Araucana
Rama",22296,Lenguaje,522.2,CORPORACION DE EDUCACION LA ARAUCANA,"-41,47118","-72,947685"
2026,"Corporacion De Educacion La Araucana
Rama",22296,M1,520.5,CORPORACION DE EDUCACION LA ARAUCANA,"-41,47118","-72,947685"
2026,"Corporacion De Educacion La Araucana
Rama",22296,M2,385.7,CORPORACION DE EDUCACION LA ARAUCANA,"-41,47118","-72,947685"
2026,"Corporacion De Educacion La Araucana
Rama",22296,Historia,419.9,CORPORACION DE EDUCACION LA ARAUCANA,"-41,47118","-72,947685"
2026,"Corporacion De Educacion La Araucana
Rama",22296,Ciencias,416.3,CORPORACION DE EDUCACION LA ARAUCANA,"-41,47118","-72,947685"
2026,"Corporacion De Educacion La Araucana
Rama",22296,Obligatoria,521.4,CORPORACION DE EDUCACION LA ARAUCANA,"-41,47118","-72,947685"
2026,"Colegio Puerto Montt
Rama",22306,Lenguaje,555.4,COLEGIO PUERTO MONTT,"-41,47007","-72,932503"
2026,"Colegio Puerto Montt
Rama",22306,M1,556.5,COLEGIO PUERTO MONTT,"-41,47007","-72,932503"
2026,"Colegio Puerto Montt
Rama",22306,M2,404.0,COLEGIO PUERTO MONTT,"-41,47007","-72,932503"
2026,"Colegio Puerto Montt
Rama",22306,Historia,451.6,COLEGIO PUERTO MONTT,"-41,47007","-72,932503"
2026,"Colegio Puerto Montt
Rama",22306,Ciencias,414.4,COLEGIO PUERTO MONTT,"-41,47007","-72,932503"
2026,"Colegio Puerto Montt
Rama",22306,Obligatoria,553.2,COLEGIO PUERTO MONTT,"-41,47007","-72,932503"
2026,"Centro De Educacion De Adultos Quellon
Rama",22307,Lenguaje,584.8,CENTRO DE EDUCACION DE ADULTOS QUELLON,"-43,114265","-73,61498"
2026,"Centro De Educacion De Adultos Quellon
Rama",22307,M1,591.0,CENTRO DE EDUCACION DE ADULTOS QUELLON,"-43,114265","-73,61498"
2026,"Centro De Educacion De Adultos Quellon
Rama",22307,M2,645.0,CENTRO DE EDUCACION DE ADULTOS QUELLON,"-43,114265","-73,61498"
2026,"Centro De Educacion De Adultos Quellon
Rama",22307,Historia,479.5,CENTRO DE EDUCACION DE ADULTOS QUELLON,"-43,114265","-73,61498"
2026,"Centro De Educacion De Adultos Quellon
Rama",22307,Ciencias,588.0,CENTRO DE EDUCACION DE ADULTOS QUELLON,"-43,114265","-73,61498"
2026,"Centro De Educacion De Adultos Quellon
Rama",22307,Obligatoria,587.9,CENTRO DE EDUCACION DE ADULTOS QUELLON,"-43,114265","-73,61498"
2026,"Colegio Inglés Mabel Condemarín
Rama",22309,Lenguaje,526.3,COLEGIO INGLÉS MABEL CONDEMARÍN,"-41,397072","-73,459396"
2026,"Colegio Inglés Mabel Condemarín
Rama",22309,M1,557.6,COLEGIO INGLÉS MABEL CONDEMARÍN,"-41,397072","-73,459396"
2026,"Colegio Inglés Mabel Condemarín
Rama",22309,M2,397.1,COLEGIO INGLÉS MABEL CONDEMARÍN,"-41,397072","-73,459396"
2026,"Colegio Inglés Mabel Condemarín
Rama",22309,Historia,459.3,COLEGIO INGLÉS MABEL CONDEMARÍN,"-41,397072","-73,459396"
2026,"Colegio Inglés Mabel Condemarín
Rama",22309,Ciencias,405.3,COLEGIO INGLÉS MABEL CONDEMARÍN,"-41,397072","-73,459396"
2026,"Colegio Inglés Mabel Condemarín
Rama",22309,Obligatoria,543.4,COLEGIO INGLÉS MABEL CONDEMARÍN,"-41,397072","-73,459396"
2026,"Colegio San Antonio
Rama",22317,Lenguaje,560.2,COLEGIO SAN ANTONIO,"-40,063461","-72,759003"
2026,"Colegio San Antonio
Rama",22317,M1,579.6,COLEGIO SAN ANTONIO,"-40,063461","-72,759003"
2026,"Colegio San Antonio
Rama",22317,M2,389.2,COLEGIO SAN ANTONIO,"-40,063461","-72,759003"
2026,"Colegio San Antonio
Rama",22317,Historia,481.1,COLEGIO SAN ANTONIO,"-40,063461","-72,759003"
2026,"Colegio San Antonio
Rama",22317,Ciencias,420.5,COLEGIO SAN ANTONIO,"-40,063461","-72,759003"
2026,"Colegio San Antonio
Rama",22317,Obligatoria,569.9,COLEGIO SAN ANTONIO,"-40,063461","-72,759003"
2026,"Colegio San Antonio
Rama",22317,Lenguaje,506.0,COLEGIO SAN ANTONIO,"-40,063461","-72,759003"
2026,"Colegio San Antonio
Rama",22317,M1,491.1,COLEGIO SAN ANTONIO,"-40,063461","-72,759003"
2026,"Colegio San Antonio
Rama",22317,M2,337.0,COLEGIO SAN ANTONIO,"-40,063461","-72,759003"
2026,"Colegio San Antonio
Rama",22317,Historia,441.6,COLEGIO SAN ANTONIO,"-40,063461","-72,759003"
2026,"Colegio San Antonio
Rama",22317,Ciencias,383.1,COLEGIO SAN ANTONIO,"-40,063461","-72,759003"
2026,"Colegio San Antonio
Rama",22317,Obligatoria,501.4,COLEGIO SAN ANTONIO,"-40,063461","-72,759003"
2026,"Dharma College
Rama",22322,Lenguaje,557.6,DHARMA COLLEGE,"-40,91296","-73,162086"
2026,"Dharma College
Rama",22322,M1,562.9,DHARMA COLLEGE,"-40,91296","-73,162086"
2026,"Dharma College
Rama",22322,M2,361.5,DHARMA COLLEGE,"-40,91296","-73,162086"
2026,"Dharma College
Rama",22322,Historia,494.0,DHARMA COLLEGE,"-40,91296","-73,162086"
2026,"Dharma College
Rama",22322,Ciencias,412.5,DHARMA COLLEGE,"-40,91296","-73,162086"
2026,"Dharma College
Rama",22322,Obligatoria,560.2,DHARMA COLLEGE,"-40,91296","-73,162086"
2026,"Centro Educacional San Agustin
Rama",22330,Lenguaje,657.1,CENTRO EDUCACIONAL SAN AGUSTIN,"-43,12376","-73,649193"
2026,"Centro Educacional San Agustin
Rama",22330,M1,709.3,CENTRO EDUCACIONAL SAN AGUSTIN,"-43,12376","-73,649193"
2026,"Centro Educacional San Agustin
Rama",22330,M2,450.7,CENTRO EDUCACIONAL SAN AGUSTIN,"-43,12376","-73,649193"
2026,"Centro Educacional San Agustin
Rama",22330,Historia,541.1,CENTRO EDUCACIONAL SAN AGUSTIN,"-43,12376","-73,649193"
2026,"Centro Educacional San Agustin
Rama",22330,Ciencias,481.6,CENTRO EDUCACIONAL SAN AGUSTIN,"-43,12376","-73,649193"
2026,"Centro Educacional San Agustin
Rama",22330,Obligatoria,683.2,CENTRO EDUCACIONAL SAN AGUSTIN,"-43,12376","-73,649193"
2026,"Instituto Inmaculada Concepcion
Rama",22351,Lenguaje,690.9,INSTITUTO INMACULADA CONCEPCION,"-39,81818","-73,246437"
2026,"Instituto Inmaculada Concepcion
Rama",22351,M1,730.9,INSTITUTO INMACULADA CONCEPCION,"-39,81818","-73,246437"
2026,"Instituto Inmaculada Concepcion
Rama",22351,M2,511.9,INSTITUTO INMACULADA CONCEPCION,"-39,81818","-73,246437"
2026,"Instituto Inmaculada Concepcion
Rama",22351,Historia,574.0,INSTITUTO INMACULADA CONCEPCION,"-39,81818","-73,246437"
2026,"Instituto Inmaculada Concepcion
Rama",22351,Ciencias,538.2,INSTITUTO INMACULADA CONCEPCION,"-39,81818","-73,246437"
2026,"Instituto Inmaculada Concepcion
Rama",22351,Obligatoria,710.9,INSTITUTO INMACULADA CONCEPCION,"-39,81818","-73,246437"
2026,"Colegio Paideia
Rama",22356,Lenguaje,617.8,COLEGIO PAIDEIA,"-41,457722","-72,929161"
2026,"Colegio Paideia
Rama",22356,M1,619.6,COLEGIO PAIDEIA,"-41,457722","-72,929161"
2026,"Colegio Paideia
Rama",22356,M2,402.7,COLEGIO PAIDEIA,"-41,457722","-72,929161"
2026,"Colegio Paideia
Rama",22356,Historia,521.6,COLEGIO PAIDEIA,"-41,457722","-72,929161"
2026,"Colegio Paideia
Rama",22356,Ciencias,448.1,COLEGIO PAIDEIA,"-41,457722","-72,929161"
2026,"Colegio Paideia
Rama",22356,Obligatoria,619.0,COLEGIO PAIDEIA,"-41,457722","-72,929161"
2026,"Colegio Ingles
Rama",22358,Lenguaje,549.3,COLEGIO INGLES,"-40,915871","-73,154297"
2026,"Colegio Ingles
Rama",22358,M1,562.3,COLEGIO INGLES,"-40,915871","-73,154297"
2026,"Colegio Ingles
Rama",22358,M2,407.6,COLEGIO INGLES,"-40,915871","-73,154297"
2026,"Colegio Ingles
Rama",22358,Historia,463.1,COLEGIO INGLES,"-40,915871","-73,154297"
2026,"Colegio Ingles
Rama",22358,Ciencias,399.9,COLEGIO INGLES,"-40,915871","-73,154297"
2026,"Colegio Ingles
Rama",22358,Obligatoria,555.8,COLEGIO INGLES,"-40,915871","-73,154297"
2026,"Complejo Educacional San Crescente
Rama",22372,Lenguaje,667.1,COMPLEJO EDUCACIONAL SAN CRESCENTE,"-42,442402","-73,772667"
2026,"Complejo Educacional San Crescente
Rama",22372,M1,667.2,COMPLEJO EDUCACIONAL SAN CRESCENTE,"-42,442402","-73,772667"
2026,"Complejo Educacional San Crescente
Rama",22372,M2,443.1,COMPLEJO EDUCACIONAL SAN CRESCENTE,"-42,442402","-73,772667"
2026,"Complejo Educacional San Crescente
Rama",22372,Historia,521.5,COMPLEJO EDUCACIONAL SAN CRESCENTE,"-42,442402","-73,772667"
2026,"Complejo Educacional San Crescente
Rama",22372,Ciencias,527.2,COMPLEJO EDUCACIONAL SAN CRESCENTE,"-42,442402","-73,772667"
2026,"Complejo Educacional San Crescente
Rama",22372,Obligatoria,668.0,COMPLEJO EDUCACIONAL SAN CRESCENTE,"-42,442402","-73,772667"
2026,"Instituto Tecnologico Del Sur
Rama",22374,Lenguaje,485.6,INSTITUTO TECNOLOGICO DEL SUR,"-39,823311","-73,214104"
2026,"Instituto Tecnologico Del Sur
Rama",22374,M1,517.3,INSTITUTO TECNOLOGICO DEL SUR,"-39,823311","-73,214104"
2026,"Instituto Tecnologico Del Sur
Rama",22374,M2,389.0,INSTITUTO TECNOLOGICO DEL SUR,"-39,823311","-73,214104"
2026,"Instituto Tecnologico Del Sur
Rama",22374,Historia,359.0,INSTITUTO TECNOLOGICO DEL SUR,"-39,823311","-73,214104"
2026,"Instituto Tecnologico Del Sur
Rama",22374,Ciencias,372.8,INSTITUTO TECNOLOGICO DEL SUR,"-39,823311","-73,214104"
2026,"Instituto Tecnologico Del Sur
Rama",22374,Obligatoria,501.5,INSTITUTO TECNOLOGICO DEL SUR,"-39,823311","-73,214104"
2026,"Instituto Tecnologico Del Sur
Rama",22374,Lenguaje,400.0,INSTITUTO TECNOLOGICO DEL SUR,"-39,823311","-73,214104"
2026,"Instituto Tecnologico Del Sur
Rama",22374,M1,436.7,INSTITUTO TECNOLOGICO DEL SUR,"-39,823311","-73,214104"
2026,"Instituto Tecnologico Del Sur
Rama",22374,M2,354.0,INSTITUTO TECNOLOGICO DEL SUR,"-39,823311","-73,214104"
2026,"Instituto Tecnologico Del Sur
Rama",22374,Historia,414.5,INSTITUTO TECNOLOGICO DEL SUR,"-39,823311","-73,214104"
2026,"Instituto Tecnologico Del Sur
Rama",22374,Ciencias,345.3,INSTITUTO TECNOLOGICO DEL SUR,"-39,823311","-73,214104"
2026,"Instituto Tecnologico Del Sur
Rama",22374,Obligatoria,406.0,INSTITUTO TECNOLOGICO DEL SUR,"-39,823311","-73,214104"
2026,Centro De Educ,22388,Lenguaje,569.3,CENTRO DE EDUC. DE ADULTOS SANDROCK,"-39,81233","-73,24007"
2026,Centro De Educ,22388,M1,555.6,CENTRO DE EDUC. DE ADULTOS SANDROCK,"-39,81233","-73,24007"
2026,Centro De Educ,22388,M2,326.5,CENTRO DE EDUC. DE ADULTOS SANDROCK,"-39,81233","-73,24007"
2026,Centro De Educ,22388,Historia,452.9,CENTRO DE EDUC. DE ADULTOS SANDROCK,"-39,81233","-73,24007"
2026,Centro De Educ,22388,Ciencias,395.6,CENTRO DE EDUC. DE ADULTOS SANDROCK,"-39,81233","-73,24007"
2026,Centro De Educ,22388,Obligatoria,565.6,CENTRO DE EDUC. DE ADULTOS SANDROCK,"-39,81233","-73,24007"
2026,"Colegio Tecnico Profesional Santa Teresa De Los And
Rama",22397,Lenguaje,534.7,COLEGIO TECNICO PROFESIONAL SANTA TERESA DE LOS ANDES,"-40,57019","-73,136368"
2026,"Colegio Tecnico Profesional Santa Teresa De Los And
Rama",22397,M1,497.3,COLEGIO TECNICO PROFESIONAL SANTA TERESA DE LOS ANDES,"-40,57019","-73,136368"
2026,"Colegio Tecnico Profesional Santa Teresa De Los And
Rama",22397,M2,396.0,COLEGIO TECNICO PROFESIONAL SANTA TERESA DE LOS ANDES,"-40,57019","-73,136368"
2026,"Colegio Tecnico Profesional Santa Teresa De Los And
Rama",22397,Historia,398.1,COLEGIO TECNICO PROFESIONAL SANTA TERESA DE LOS ANDES,"-40,57019","-73,136368"
2026,"Colegio Tecnico Profesional Santa Teresa De Los And
Rama",22397,Ciencias,396.3,COLEGIO TECNICO PROFESIONAL SANTA TERESA DE LOS ANDES,"-40,57019","-73,136368"
2026,"Colegio Tecnico Profesional Santa Teresa De Los And
Rama",22397,Obligatoria,516.0,COLEGIO TECNICO PROFESIONAL SANTA TERESA DE LOS ANDES,"-40,57019","-73,136368"
2026,"Colegio Aliwen
Rama",22398,Lenguaje,629.4,COLEGIO ALIWEN,"-39,827862","-73,250214"
2026,"Colegio Aliwen
Rama",22398,M1,625.6,COLEGIO ALIWEN,"-39,827862","-73,250214"
2026,"Colegio Aliwen
Rama",22398,M2,442.3,COLEGIO ALIWEN,"-39,827862","-73,250214"
2026,"Colegio Aliwen
Rama",22398,Historia,519.1,COLEGIO ALIWEN,"-39,827862","-73,250214"
2026,"Colegio Aliwen
Rama",22398,Ciencias,467.7,COLEGIO ALIWEN,"-39,827862","-73,250214"
2026,"Colegio Aliwen
Rama",22398,Obligatoria,627.5,COLEGIO ALIWEN,"-39,827862","-73,250214"
2026,"Centro De Educacion De Adultos Esmeralda
Rama",22401,Lenguaje,534.0,CENTRO DE EDUCACION DE ADULTOS ESMERALDA,"-41,868134","-73,81967"
2026,"Centro De Educacion De Adultos Esmeralda
Rama",22401,M1,571.2,CENTRO DE EDUCACION DE ADULTOS ESMERALDA,"-41,868134","-73,81967"
2026,"Centro De Educacion De Adultos Esmeralda
Rama",22401,M2,348.0,CENTRO DE EDUCACION DE ADULTOS ESMERALDA,"-41,868134","-73,81967"
2026,"Centro De Educacion De Adultos Esmeralda
Rama",22401,Historia,504.0,CENTRO DE EDUCACION DE ADULTOS ESMERALDA,"-41,868134","-73,81967"
2026,"Centro De Educacion De Adultos Esmeralda
Rama",22401,Ciencias,455.5,CENTRO DE EDUCACION DE ADULTOS ESMERALDA,"-41,868134","-73,81967"
2026,"Centro De Educacion De Adultos Esmeralda
Rama",22401,Obligatoria,552.6,CENTRO DE EDUCACION DE ADULTOS ESMERALDA,"-41,868134","-73,81967"
2026,"Liceo De Cultura Y Difusión Artística De Chiloe
Rama",22403,Lenguaje,621.8,LICEO DE CULTURA Y DIFUSIÓN ARTÍSTICA DE CHILOE,"-42,48294067","-73,76136017"
2026,"Liceo De Cultura Y Difusión Artística De Chiloe
Rama",22403,M1,662.7,LICEO DE CULTURA Y DIFUSIÓN ARTÍSTICA DE CHILOE,"-42,48294067","-73,76136017"
2026,"Liceo De Cultura Y Difusión Artística De Chiloe
Rama",22403,M2,419.3,LICEO DE CULTURA Y DIFUSIÓN ARTÍSTICA DE CHILOE,"-42,48294067","-73,76136017"
2026,"Liceo De Cultura Y Difusión Artística De Chiloe
Rama",22403,Historia,498.1,LICEO DE CULTURA Y DIFUSIÓN ARTÍSTICA DE CHILOE,"-42,48294067","-73,76136017"
2026,"Liceo De Cultura Y Difusión Artística De Chiloe
Rama",22403,Ciencias,498.7,LICEO DE CULTURA Y DIFUSIÓN ARTÍSTICA DE CHILOE,"-42,48294067","-73,76136017"
2026,"Liceo De Cultura Y Difusión Artística De Chiloe
Rama",22403,Obligatoria,642.5,LICEO DE CULTURA Y DIFUSIÓN ARTÍSTICA DE CHILOE,"-42,48294067","-73,76136017"
2026,"Centro Educacional De Adultos Diego Portales
Rama",22405,Lenguaje,553.6,CENTRO EDUCACIONAL DE ADULTOS DIEGO PORTALES,"-40,576187","-73,12895"
2026,"Centro Educacional De Adultos Diego Portales
Rama",22405,M1,568.8,CENTRO EDUCACIONAL DE ADULTOS DIEGO PORTALES,"-40,576187","-73,12895"
2026,"Centro Educacional De Adultos Diego Portales
Rama",22405,M2,449.0,CENTRO EDUCACIONAL DE ADULTOS DIEGO PORTALES,"-40,576187","-73,12895"
2026,"Centro Educacional De Adultos Diego Portales
Rama",22405,Historia,421.1,CENTRO EDUCACIONAL DE ADULTOS DIEGO PORTALES,"-40,576187","-73,12895"
2026,"Centro Educacional De Adultos Diego Portales
Rama",22405,Ciencias,438.2,CENTRO EDUCACIONAL DE ADULTOS DIEGO PORTALES,"-40,576187","-73,12895"
2026,"Centro Educacional De Adultos Diego Portales
Rama",22405,Obligatoria,561.2,CENTRO EDUCACIONAL DE ADULTOS DIEGO PORTALES,"-40,576187","-73,12895"
2026,"Colegio Creacion Osorno
Rama",22410,Lenguaje,624.9,COLEGIO CREACION OSORNO,"-40,58075","-73,105797"
2026,"Colegio Creacion Osorno
Rama",22410,M1,683.0,COLEGIO CREACION OSORNO,"-40,58075","-73,105797"
2026,"Colegio Creacion Osorno
Rama",22410,M2,433.5,COLEGIO CREACION OSORNO,"-40,58075","-73,105797"
2026,"Colegio Creacion Osorno
Rama",22410,Historia,521.6,COLEGIO CREACION OSORNO,"-40,58075","-73,105797"
2026,"Colegio Creacion Osorno
Rama",22410,Ciencias,492.9,COLEGIO CREACION OSORNO,"-40,58075","-73,105797"
2026,"Colegio Creacion Osorno
Rama",22410,Obligatoria,654.0,COLEGIO CREACION OSORNO,"-40,58075","-73,105797"
2026,Inst,22415,Lenguaje,516.7,INST. SUPERIOR DE ADMINISTRACION Y TURISMO,"-39,825958","-73,246109"
2026,Inst,22415,M1,584.7,INST. SUPERIOR DE ADMINISTRACION Y TURISMO,"-39,825958","-73,246109"
2026,Inst,22415,M2,0.0,INST. SUPERIOR DE ADMINISTRACION Y TURISMO,"-39,825958","-73,246109"
2026,Inst,22415,Historia,409.5,INST. SUPERIOR DE ADMINISTRACION Y TURISMO,"-39,825958","-73,246109"
2026,Inst,22415,Ciencias,388.5,INST. SUPERIOR DE ADMINISTRACION Y TURISMO,"-39,825958","-73,246109"
2026,Inst,22415,Obligatoria,550.7,INST. SUPERIOR DE ADMINISTRACION Y TURISMO,"-39,825958","-73,246109"
2026,Inst,22415,Lenguaje,511.8,INST. SUPERIOR DE ADMINISTRACION Y TURISMO,"-39,825958","-73,246109"
2026,Inst,22415,M1,570.2,INST. SUPERIOR DE ADMINISTRACION Y TURISMO,"-39,825958","-73,246109"
2026,Inst,22415,M2,420.5,INST. SUPERIOR DE ADMINISTRACION Y TURISMO,"-39,825958","-73,246109"
2026,Inst,22415,Historia,458.0,INST. SUPERIOR DE ADMINISTRACION Y TURISMO,"-39,825958","-73,246109"
2026,Inst,22415,Ciencias,422.7,INST. SUPERIOR DE ADMINISTRACION Y TURISMO,"-39,825958","-73,246109"
2026,Inst,22415,Obligatoria,539.7,INST. SUPERIOR DE ADMINISTRACION Y TURISMO,"-39,825958","-73,246109"
2026,Inst,22415,Lenguaje,576.0,INST. SUPERIOR DE ADMINISTRACION Y TURISMO,"-39,825958","-73,246109"
2026,Inst,22415,M1,502.0,INST. SUPERIOR DE ADMINISTRACION Y TURISMO,"-39,825958","-73,246109"
2026,Inst,22415,M2,0.0,INST. SUPERIOR DE ADMINISTRACION Y TURISMO,"-39,825958","-73,246109"
2026,Inst,22415,Historia,500.0,INST. SUPERIOR DE ADMINISTRACION Y TURISMO,"-39,825958","-73,246109"
2026,Inst,22415,Ciencias,0.0,INST. SUPERIOR DE ADMINISTRACION Y TURISMO,"-39,825958","-73,246109"
2026,Inst,22415,Obligatoria,539.0,INST. SUPERIOR DE ADMINISTRACION Y TURISMO,"-39,825958","-73,246109"
2026,"Colegio Domingo Santa Maria
Rama",22434,Lenguaje,645.9,COLEGIO DOMINGO SANTA MARIA,"-41,470119","-72,985069"
2026,"Colegio Domingo Santa Maria
Rama",22434,M1,681.9,COLEGIO DOMINGO SANTA MARIA,"-41,470119","-72,985069"
2026,"Colegio Domingo Santa Maria
Rama",22434,M2,476.8,COLEGIO DOMINGO SANTA MARIA,"-41,470119","-72,985069"
2026,"Colegio Domingo Santa Maria
Rama",22434,Historia,556.6,COLEGIO DOMINGO SANTA MARIA,"-41,470119","-72,985069"
2026,"Colegio Domingo Santa Maria
Rama",22434,Ciencias,508.0,COLEGIO DOMINGO SANTA MARIA,"-41,470119","-72,985069"
2026,"Colegio Domingo Santa Maria
Rama",22434,Obligatoria,664.4,COLEGIO DOMINGO SANTA MARIA,"-41,470119","-72,985069"
2026,"The Mission College
Rama",22436,Lenguaje,642.5,THE MISSION COLLEGE,"-40,55851","-73,169907"
2026,"The Mission College
Rama",22436,M1,621.9,THE MISSION COLLEGE,"-40,55851","-73,169907"
2026,"The Mission College
Rama",22436,M2,395.0,THE MISSION COLLEGE,"-40,55851","-73,169907"
2026,"The Mission College
Rama",22436,Historia,521.1,THE MISSION COLLEGE,"-40,55851","-73,169907"
2026,"The Mission College
Rama",22436,Ciencias,430.8,THE MISSION COLLEGE,"-40,55851","-73,169907"
2026,"The Mission College
Rama",22436,Obligatoria,628.2,THE MISSION COLLEGE,"-40,55851","-73,169907"
2026,"The Mission College
Rama",22436,Lenguaje,542.8,THE MISSION COLLEGE,"-40,55851","-73,169907"
2026,"The Mission College
Rama",22436,M1,563.2,THE MISSION COLLEGE,"-40,55851","-73,169907"
2026,"The Mission College
Rama",22436,M2,362.7,THE MISSION COLLEGE,"-40,55851","-73,169907"
2026,"The Mission College
Rama",22436,Historia,458.5,THE MISSION COLLEGE,"-40,55851","-73,169907"
2026,"The Mission College
Rama",22436,Ciencias,399.7,THE MISSION COLLEGE,"-40,55851","-73,169907"
2026,"The Mission College
Rama",22436,Obligatoria,553.0,THE MISSION COLLEGE,"-40,55851","-73,169907"
2026,"The Mission College
Rama",22436,Lenguaje,559.9,THE MISSION COLLEGE,"-40,55851","-73,169907"
2026,"The Mission College
Rama",22436,M1,559.3,THE MISSION COLLEGE,"-40,55851","-73,169907"
2026,"The Mission College
Rama",22436,M2,383.8,THE MISSION COLLEGE,"-40,55851","-73,169907"
2026,"The Mission College
Rama",22436,Historia,462.5,THE MISSION COLLEGE,"-40,55851","-73,169907"
2026,"The Mission College
Rama",22436,Ciencias,394.5,THE MISSION COLLEGE,"-40,55851","-73,169907"
2026,"The Mission College
Rama",22436,Obligatoria,559.6,THE MISSION COLLEGE,"-40,55851","-73,169907"
2026,Cent,22446,Lenguaje,492.0,CENT.EDUC.INTEG.ADULTOS PROFASOC,"-40,331173","-72,95494"
2026,Cent,22446,M1,437.5,CENT.EDUC.INTEG.ADULTOS PROFASOC,"-40,331173","-72,95494"
2026,Cent,22446,M2,0.0,CENT.EDUC.INTEG.ADULTOS PROFASOC,"-40,331173","-72,95494"
2026,Cent,22446,Historia,470.0,CENT.EDUC.INTEG.ADULTOS PROFASOC,"-40,331173","-72,95494"
2026,Cent,22446,Ciencias,0.0,CENT.EDUC.INTEG.ADULTOS PROFASOC,"-40,331173","-72,95494"
2026,Cent,22446,Obligatoria,464.8,CENT.EDUC.INTEG.ADULTOS PROFASOC,"-40,331173","-72,95494"
2026,"Colegio Laico Valdivia
Rama",22459,Lenguaje,638.4,COLEGIO LAICO VALDIVIA,"-39,82761","-73,239349"
2026,"Colegio Laico Valdivia
Rama",22459,M1,635.9,COLEGIO LAICO VALDIVIA,"-39,82761","-73,239349"
2026,"Colegio Laico Valdivia
Rama",22459,M2,409.5,COLEGIO LAICO VALDIVIA,"-39,82761","-73,239349"
2026,"Colegio Laico Valdivia
Rama",22459,Historia,549.1,COLEGIO LAICO VALDIVIA,"-39,82761","-73,239349"
2026,"Colegio Laico Valdivia
Rama",22459,Ciencias,431.4,COLEGIO LAICO VALDIVIA,"-39,82761","-73,239349"
2026,"Colegio Laico Valdivia
Rama",22459,Obligatoria,637.1,COLEGIO LAICO VALDIVIA,"-39,82761","-73,239349"
2026,"Colegio Nuevo Horizonte
Rama",22461,Lenguaje,604.2,COLEGIO NUEVO HORIZONTE,"-41,47121","-72,927872"
2026,"Colegio Nuevo Horizonte
Rama",22461,M1,598.4,COLEGIO NUEVO HORIZONTE,"-41,47121","-72,927872"
2026,"Colegio Nuevo Horizonte
Rama",22461,M2,411.0,COLEGIO NUEVO HORIZONTE,"-41,47121","-72,927872"
2026,"Colegio Nuevo Horizonte
Rama",22461,Historia,477.1,COLEGIO NUEVO HORIZONTE,"-41,47121","-72,927872"
2026,"Colegio Nuevo Horizonte
Rama",22461,Ciencias,453.9,COLEGIO NUEVO HORIZONTE,"-41,47121","-72,927872"
2026,"Colegio Nuevo Horizonte
Rama",22461,Obligatoria,601.5,COLEGIO NUEVO HORIZONTE,"-41,47121","-72,927872"
2026,"Colegio Bernardo Felmer Niklitschek
Rama",22462,Lenguaje,582.4,COLEGIO BERNARDO FELMER NIKLITSCHEK,"-39,451241","-72,76358"
2026,"Colegio Bernardo Felmer Niklitschek
Rama",22462,M1,600.5,COLEGIO BERNARDO FELMER NIKLITSCHEK,"-39,451241","-72,76358"
2026,"Colegio Bernardo Felmer Niklitschek
Rama",22462,M2,431.8,COLEGIO BERNARDO FELMER NIKLITSCHEK,"-39,451241","-72,76358"
2026,"Colegio Bernardo Felmer Niklitschek
Rama",22462,Historia,454.6,COLEGIO BERNARDO FELMER NIKLITSCHEK,"-39,451241","-72,76358"
2026,"Colegio Bernardo Felmer Niklitschek
Rama",22462,Ciencias,441.6,COLEGIO BERNARDO FELMER NIKLITSCHEK,"-39,451241","-72,76358"
2026,"Colegio Bernardo Felmer Niklitschek
Rama",22462,Obligatoria,595.7,COLEGIO BERNARDO FELMER NIKLITSCHEK,"-39,451241","-72,76358"
2026,"Colegio Bernardo Felmer Niklitschek
Rama",22462,Lenguaje,492.0,COLEGIO BERNARDO FELMER NIKLITSCHEK,"-39,451241","-72,76358"
2026,"Colegio Bernardo Felmer Niklitschek
Rama",22462,M1,507.3,COLEGIO BERNARDO FELMER NIKLITSCHEK,"-39,451241","-72,76358"
2026,"Colegio Bernardo Felmer Niklitschek
Rama",22462,M2,386.0,COLEGIO BERNARDO FELMER NIKLITSCHEK,"-39,451241","-72,76358"
2026,"Colegio Bernardo Felmer Niklitschek
Rama",22462,Historia,414.9,COLEGIO BERNARDO FELMER NIKLITSCHEK,"-39,451241","-72,76358"
2026,"Colegio Bernardo Felmer Niklitschek
Rama",22462,Ciencias,390.0,COLEGIO BERNARDO FELMER NIKLITSCHEK,"-39,451241","-72,76358"
2026,"Colegio Bernardo Felmer Niklitschek
Rama",22462,Obligatoria,501.3,COLEGIO BERNARDO FELMER NIKLITSCHEK,"-39,451241","-72,76358"
2026,"Colegio Bernardo Felmer Niklitschek
Rama",22462,Lenguaje,467.3,COLEGIO BERNARDO FELMER NIKLITSCHEK,"-39,451241","-72,76358"
2026,"Colegio Bernardo Felmer Niklitschek
Rama",22462,M1,497.8,COLEGIO BERNARDO FELMER NIKLITSCHEK,"-39,451241","-72,76358"
2026,"Colegio Bernardo Felmer Niklitschek
Rama",22462,M2,389.8,COLEGIO BERNARDO FELMER NIKLITSCHEK,"-39,451241","-72,76358"
2026,"Colegio Bernardo Felmer Niklitschek
Rama",22462,Historia,401.7,COLEGIO BERNARDO FELMER NIKLITSCHEK,"-39,451241","-72,76358"
2026,"Colegio Bernardo Felmer Niklitschek
Rama",22462,Ciencias,377.4,COLEGIO BERNARDO FELMER NIKLITSCHEK,"-39,451241","-72,76358"
2026,"Colegio Bernardo Felmer Niklitschek
Rama",22462,Obligatoria,488.4,COLEGIO BERNARDO FELMER NIKLITSCHEK,"-39,451241","-72,76358"
2026,"Liceo Bicentenario De Excelencia De Dalcahue
Rama",22464,Lenguaje,572.9,LICEO BICENTENARIO DE EXCELENCIA DE DALCAHUE,"-42,373409","-73,653458"
2026,"Liceo Bicentenario De Excelencia De Dalcahue
Rama",22464,M1,607.8,LICEO BICENTENARIO DE EXCELENCIA DE DALCAHUE,"-42,373409","-73,653458"
2026,"Liceo Bicentenario De Excelencia De Dalcahue
Rama",22464,M2,413.0,LICEO BICENTENARIO DE EXCELENCIA DE DALCAHUE,"-42,373409","-73,653458"
2026,"Liceo Bicentenario De Excelencia De Dalcahue
Rama",22464,Historia,447.9,LICEO BICENTENARIO DE EXCELENCIA DE DALCAHUE,"-42,373409","-73,653458"
2026,"Liceo Bicentenario De Excelencia De Dalcahue
Rama",22464,Ciencias,475.0,LICEO BICENTENARIO DE EXCELENCIA DE DALCAHUE,"-42,373409","-73,653458"
2026,"Liceo Bicentenario De Excelencia De Dalcahue
Rama",22464,Obligatoria,592.5,LICEO BICENTENARIO DE EXCELENCIA DE DALCAHUE,"-42,373409","-73,653458"
2026,"Liceo Bicentenario De Excelencia De Dalcahue
Rama",22464,Lenguaje,574.7,LICEO BICENTENARIO DE EXCELENCIA DE DALCAHUE,"-42,373409","-73,653458"
2026,"Liceo Bicentenario De Excelencia De Dalcahue
Rama",22464,M1,562.5,LICEO BICENTENARIO DE EXCELENCIA DE DALCAHUE,"-42,373409","-73,653458"
2026,"Liceo Bicentenario De Excelencia De Dalcahue
Rama",22464,M2,357.8,LICEO BICENTENARIO DE EXCELENCIA DE DALCAHUE,"-42,373409","-73,653458"
2026,"Liceo Bicentenario De Excelencia De Dalcahue
Rama",22464,Historia,497.7,LICEO BICENTENARIO DE EXCELENCIA DE DALCAHUE,"-42,373409","-73,653458"
2026,"Liceo Bicentenario De Excelencia De Dalcahue
Rama",22464,Ciencias,425.7,LICEO BICENTENARIO DE EXCELENCIA DE DALCAHUE,"-42,373409","-73,653458"
2026,"Liceo Bicentenario De Excelencia De Dalcahue
Rama",22464,Obligatoria,568.6,LICEO BICENTENARIO DE EXCELENCIA DE DALCAHUE,"-42,373409","-73,653458"
2026,"Liceo Bicentenario De Excelencia De Dalcahue
Rama",22464,Lenguaje,619.4,LICEO BICENTENARIO DE EXCELENCIA DE DALCAHUE,"-42,373409","-73,653458"
2026,"Liceo Bicentenario De Excelencia De Dalcahue
Rama",22464,M1,595.2,LICEO BICENTENARIO DE EXCELENCIA DE DALCAHUE,"-42,373409","-73,653458"
2026,"Liceo Bicentenario De Excelencia De Dalcahue
Rama",22464,M2,428.3,LICEO BICENTENARIO DE EXCELENCIA DE DALCAHUE,"-42,373409","-73,653458"
2026,"Liceo Bicentenario De Excelencia De Dalcahue
Rama",22464,Historia,426.4,LICEO BICENTENARIO DE EXCELENCIA DE DALCAHUE,"-42,373409","-73,653458"
2026,"Liceo Bicentenario De Excelencia De Dalcahue
Rama",22464,Ciencias,394.0,LICEO BICENTENARIO DE EXCELENCIA DE DALCAHUE,"-42,373409","-73,653458"
2026,"Liceo Bicentenario De Excelencia De Dalcahue
Rama",22464,Obligatoria,607.3,LICEO BICENTENARIO DE EXCELENCIA DE DALCAHUE,"-42,373409","-73,653458"
2026,"Liceo De Administracion Y Comercio San Sebastian
Rama",22466,Lenguaje,517.5,LICEO DE ADMINISTRACION Y COMERCIO SAN SEBASTIAN,"-40,57153083","-73,13899618"
2026,"Liceo De Administracion Y Comercio San Sebastian
Rama",22466,M1,447.2,LICEO DE ADMINISTRACION Y COMERCIO SAN SEBASTIAN,"-40,57153083","-73,13899618"
2026,"Liceo De Administracion Y Comercio San Sebastian
Rama",22466,M2,0.0,LICEO DE ADMINISTRACION Y COMERCIO SAN SEBASTIAN,"-40,57153083","-73,13899618"
2026,"Liceo De Administracion Y Comercio San Sebastian
Rama",22466,Historia,388.3,LICEO DE ADMINISTRACION Y COMERCIO SAN SEBASTIAN,"-40,57153083","-73,13899618"
2026,"Liceo De Administracion Y Comercio San Sebastian
Rama",22466,Ciencias,364.3,LICEO DE ADMINISTRACION Y COMERCIO SAN SEBASTIAN,"-40,57153083","-73,13899618"
2026,"Liceo De Administracion Y Comercio San Sebastian
Rama",22466,Obligatoria,479.0,LICEO DE ADMINISTRACION Y COMERCIO SAN SEBASTIAN,"-40,57153083","-73,13899618"
2026,"Colegio Lafquen Montessori Puerto Montt
Rama",22467,Lenguaje,671.9,COLEGIO LAFQUEN MONTESSORI PUERTO MONTT,"-41,4713665","-72,92817129"
2026,"Colegio Lafquen Montessori Puerto Montt
Rama",22467,M1,673.3,COLEGIO LAFQUEN MONTESSORI PUERTO MONTT,"-41,4713665","-72,92817129"
2026,"Colegio Lafquen Montessori Puerto Montt
Rama",22467,M2,453.0,COLEGIO LAFQUEN MONTESSORI PUERTO MONTT,"-41,4713665","-72,92817129"
2026,"Colegio Lafquen Montessori Puerto Montt
Rama",22467,Historia,558.4,COLEGIO LAFQUEN MONTESSORI PUERTO MONTT,"-41,4713665","-72,92817129"
2026,"Colegio Lafquen Montessori Puerto Montt
Rama",22467,Ciencias,464.9,COLEGIO LAFQUEN MONTESSORI PUERTO MONTT,"-41,4713665","-72,92817129"
2026,"Colegio Lafquen Montessori Puerto Montt
Rama",22467,Obligatoria,672.6,COLEGIO LAFQUEN MONTESSORI PUERTO MONTT,"-41,4713665","-72,92817129"
2026,"Instituto Aprender
Rama",22473,Lenguaje,536.5,INSTITUTO APRENDER,"-41,475513","-72,9644459"
2026,"Instituto Aprender
Rama",22473,M1,508.3,INSTITUTO APRENDER,"-41,475513","-72,9644459"
2026,"Instituto Aprender
Rama",22473,M2,365.5,INSTITUTO APRENDER,"-41,475513","-72,9644459"
2026,"Instituto Aprender
Rama",22473,Historia,539.3,INSTITUTO APRENDER,"-41,475513","-72,9644459"
2026,"Instituto Aprender
Rama",22473,Ciencias,390.7,INSTITUTO APRENDER,"-41,475513","-72,9644459"
2026,"Instituto Aprender
Rama",22473,Obligatoria,522.4,INSTITUTO APRENDER,"-41,475513","-72,9644459"
2026,"Instituto Aprender
Rama",22475,Lenguaje,500.0,INSTITUTO APRENDER,"-41,15319","-73,417206"
2026,"Instituto Aprender
Rama",22475,M1,502.0,INSTITUTO APRENDER,"-41,15319","-73,417206"
2026,"Instituto Aprender
Rama",22475,M2,0.0,INSTITUTO APRENDER,"-41,15319","-73,417206"
2026,"Instituto Aprender
Rama",22475,Historia,418.0,INSTITUTO APRENDER,"-41,15319","-73,417206"
2026,"Instituto Aprender
Rama",22475,Ciencias,371.0,INSTITUTO APRENDER,"-41,15319","-73,417206"
2026,"Instituto Aprender
Rama",22475,Obligatoria,501.0,INSTITUTO APRENDER,"-41,15319","-73,417206"
2026,"Colegio San Jose
Rama",22476,Lenguaje,789.5,COLEGIO SAN JOSE,"-39,536572","-72,951019"
2026,"Colegio San Jose
Rama",22476,M1,690.5,COLEGIO SAN JOSE,"-39,536572","-72,951019"
2026,"Colegio San Jose
Rama",22476,M2,366.0,COLEGIO SAN JOSE,"-39,536572","-72,951019"
2026,"Colegio San Jose
Rama",22476,Historia,593.0,COLEGIO SAN JOSE,"-39,536572","-72,951019"
2026,"Colegio San Jose
Rama",22476,Ciencias,591.5,COLEGIO SAN JOSE,"-39,536572","-72,951019"
2026,"Colegio San Jose
Rama",22476,Obligatoria,740.0,COLEGIO SAN JOSE,"-39,536572","-72,951019"
2026,"Colegio Vencedor
Rama",22478,Lenguaje,564.5,COLEGIO VENCEDOR,"-41,316269","-72,69339"
2026,"Colegio Vencedor
Rama",22478,M1,565.7,COLEGIO VENCEDOR,"-41,316269","-72,69339"
2026,"Colegio Vencedor
Rama",22478,M2,404.1,COLEGIO VENCEDOR,"-41,316269","-72,69339"
2026,"Colegio Vencedor
Rama",22478,Historia,441.7,COLEGIO VENCEDOR,"-41,316269","-72,69339"
2026,"Colegio Vencedor
Rama",22478,Ciencias,406.4,COLEGIO VENCEDOR,"-41,316269","-72,69339"
2026,"Colegio Vencedor
Rama",22478,Obligatoria,568.4,COLEGIO VENCEDOR,"-41,316269","-72,69339"
2026,"Centro Educacional Amancay
Rama",22482,Lenguaje,569.0,CENTRO EDUCACIONAL AMANCAY,"-41,46865","-72,92685"
2026,"Centro Educacional Amancay
Rama",22482,M1,532.5,CENTRO EDUCACIONAL AMANCAY,"-41,46865","-72,92685"
2026,"Centro Educacional Amancay
Rama",22482,M2,408.3,CENTRO EDUCACIONAL AMANCAY,"-41,46865","-72,92685"
2026,"Centro Educacional Amancay
Rama",22482,Historia,457.3,CENTRO EDUCACIONAL AMANCAY,"-41,46865","-72,92685"
2026,"Centro Educacional Amancay
Rama",22482,Ciencias,454.0,CENTRO EDUCACIONAL AMANCAY,"-41,46865","-72,92685"
2026,"Centro Educacional Amancay
Rama",22482,Obligatoria,539.9,CENTRO EDUCACIONAL AMANCAY,"-41,46865","-72,92685"
2026,"Liceo Bicentenario De Excelencia Altamira
Rama",22483,Lenguaje,619.5,LICEO BICENTENARIO DE EXCELENCIA ALTAMIRA,"-39,635559","-72,343857"
2026,"Liceo Bicentenario De Excelencia Altamira
Rama",22483,M1,644.2,LICEO BICENTENARIO DE EXCELENCIA ALTAMIRA,"-39,635559","-72,343857"
2026,"Liceo Bicentenario De Excelencia Altamira
Rama",22483,M2,398.3,LICEO BICENTENARIO DE EXCELENCIA ALTAMIRA,"-39,635559","-72,343857"
2026,"Liceo Bicentenario De Excelencia Altamira
Rama",22483,Historia,513.8,LICEO BICENTENARIO DE EXCELENCIA ALTAMIRA,"-39,635559","-72,343857"
2026,"Liceo Bicentenario De Excelencia Altamira
Rama",22483,Ciencias,466.7,LICEO BICENTENARIO DE EXCELENCIA ALTAMIRA,"-39,635559","-72,343857"
2026,"Liceo Bicentenario De Excelencia Altamira
Rama",22483,Obligatoria,632.6,LICEO BICENTENARIO DE EXCELENCIA ALTAMIRA,"-39,635559","-72,343857"
2026,"Liceo Tecnico Profesional Agricola Maritimo Bosque
Rama",22494,Lenguaje,589.8,LICEO TECNICO PROFESIONAL AGRICOLA MARITIMO BOSQUE NATIVO,"-41,462372","-72,98497"
2026,"Liceo Tecnico Profesional Agricola Maritimo Bosque
Rama",22494,M1,590.3,LICEO TECNICO PROFESIONAL AGRICOLA MARITIMO BOSQUE NATIVO,"-41,462372","-72,98497"
2026,"Liceo Tecnico Profesional Agricola Maritimo Bosque
Rama",22494,M2,391.3,LICEO TECNICO PROFESIONAL AGRICOLA MARITIMO BOSQUE NATIVO,"-41,462372","-72,98497"
2026,"Liceo Tecnico Profesional Agricola Maritimo Bosque
Rama",22494,Historia,459.4,LICEO TECNICO PROFESIONAL AGRICOLA MARITIMO BOSQUE NATIVO,"-41,462372","-72,98497"
2026,"Liceo Tecnico Profesional Agricola Maritimo Bosque
Rama",22494,Ciencias,417.9,LICEO TECNICO PROFESIONAL AGRICOLA MARITIMO BOSQUE NATIVO,"-41,462372","-72,98497"
2026,"Liceo Tecnico Profesional Agricola Maritimo Bosque
Rama",22494,Obligatoria,589.9,LICEO TECNICO PROFESIONAL AGRICOLA MARITIMO BOSQUE NATIVO,"-41,462372","-72,98497"
2026,"Liceo Tecnico Profesional Agricola Maritimo Bosque
Rama",22494,Lenguaje,554.3,LICEO TECNICO PROFESIONAL AGRICOLA MARITIMO BOSQUE NATIVO,"-41,462372","-72,98497"
2026,"Liceo Tecnico Profesional Agricola Maritimo Bosque
Rama",22494,M1,544.1,LICEO TECNICO PROFESIONAL AGRICOLA MARITIMO BOSQUE NATIVO,"-41,462372","-72,98497"
2026,"Liceo Tecnico Profesional Agricola Maritimo Bosque
Rama",22494,M2,349.0,LICEO TECNICO PROFESIONAL AGRICOLA MARITIMO BOSQUE NATIVO,"-41,462372","-72,98497"
2026,"Liceo Tecnico Profesional Agricola Maritimo Bosque
Rama",22494,Historia,425.1,LICEO TECNICO PROFESIONAL AGRICOLA MARITIMO BOSQUE NATIVO,"-41,462372","-72,98497"
2026,"Liceo Tecnico Profesional Agricola Maritimo Bosque
Rama",22494,Ciencias,405.9,LICEO TECNICO PROFESIONAL AGRICOLA MARITIMO BOSQUE NATIVO,"-41,462372","-72,98497"
2026,"Liceo Tecnico Profesional Agricola Maritimo Bosque
Rama",22494,Obligatoria,550.0,LICEO TECNICO PROFESIONAL AGRICOLA MARITIMO BOSQUE NATIVO,"-41,462372","-72,98497"
2026,"Liceo Tecnico Profesional Agricola Maritimo Bosque
Rama",22494,Lenguaje,567.0,LICEO TECNICO PROFESIONAL AGRICOLA MARITIMO BOSQUE NATIVO,"-41,462372","-72,98497"
2026,"Liceo Tecnico Profesional Agricola Maritimo Bosque
Rama",22494,M1,523.3,LICEO TECNICO PROFESIONAL AGRICOLA MARITIMO BOSQUE NATIVO,"-41,462372","-72,98497"
2026,"Liceo Tecnico Profesional Agricola Maritimo Bosque
Rama",22494,M2,349.0,LICEO TECNICO PROFESIONAL AGRICOLA MARITIMO BOSQUE NATIVO,"-41,462372","-72,98497"
2026,"Liceo Tecnico Profesional Agricola Maritimo Bosque
Rama",22494,Historia,450.0,LICEO TECNICO PROFESIONAL AGRICOLA MARITIMO BOSQUE NATIVO,"-41,462372","-72,98497"
2026,"Liceo Tecnico Profesional Agricola Maritimo Bosque
Rama",22494,Ciencias,365.7,LICEO TECNICO PROFESIONAL AGRICOLA MARITIMO BOSQUE NATIVO,"-41,462372","-72,98497"
2026,"Liceo Tecnico Profesional Agricola Maritimo Bosque
Rama",22494,Obligatoria,545.2,LICEO TECNICO PROFESIONAL AGRICOLA MARITIMO BOSQUE NATIVO,"-41,462372","-72,98497"
2026,"Liceo Tecnico Profesional Agricola Maritimo Bosque
Rama",22494,Lenguaje,515.6,LICEO TECNICO PROFESIONAL AGRICOLA MARITIMO BOSQUE NATIVO,"-41,462372","-72,98497"
2026,"Liceo Tecnico Profesional Agricola Maritimo Bosque
Rama",22494,M1,545.7,LICEO TECNICO PROFESIONAL AGRICOLA MARITIMO BOSQUE NATIVO,"-41,462372","-72,98497"
2026,"Liceo Tecnico Profesional Agricola Maritimo Bosque
Rama",22494,M2,0.0,LICEO TECNICO PROFESIONAL AGRICOLA MARITIMO BOSQUE NATIVO,"-41,462372","-72,98497"
2026,"Liceo Tecnico Profesional Agricola Maritimo Bosque
Rama",22494,Historia,415.3,LICEO TECNICO PROFESIONAL AGRICOLA MARITIMO BOSQUE NATIVO,"-41,462372","-72,98497"
2026,"Liceo Tecnico Profesional Agricola Maritimo Bosque
Rama",22494,Ciencias,408.6,LICEO TECNICO PROFESIONAL AGRICOLA MARITIMO BOSQUE NATIVO,"-41,462372","-72,98497"
2026,"Liceo Tecnico Profesional Agricola Maritimo Bosque
Rama",22494,Obligatoria,526.7,LICEO TECNICO PROFESIONAL AGRICOLA MARITIMO BOSQUE NATIVO,"-41,462372","-72,98497"
2026,"Centro Educacional San Nicolas
Rama",22496,Lenguaje,568.4,CENTRO EDUCACIONAL SAN NICOLAS,"-39,855919","-73,229172"
2026,"Centro Educacional San Nicolas
Rama",22496,M1,593.7,CENTRO EDUCACIONAL SAN NICOLAS,"-39,855919","-73,229172"
2026,"Centro Educacional San Nicolas
Rama",22496,M2,453.0,CENTRO EDUCACIONAL SAN NICOLAS,"-39,855919","-73,229172"
2026,"Centro Educacional San Nicolas
Rama",22496,Historia,463.0,CENTRO EDUCACIONAL SAN NICOLAS,"-39,855919","-73,229172"
2026,"Centro Educacional San Nicolas
Rama",22496,Ciencias,400.9,CENTRO EDUCACIONAL SAN NICOLAS,"-39,855919","-73,229172"
2026,"Centro Educacional San Nicolas
Rama",22496,Obligatoria,581.0,CENTRO EDUCACIONAL SAN NICOLAS,"-39,855919","-73,229172"
2026,"Centro Educacional San Nicolas
Rama",22496,Lenguaje,438.5,CENTRO EDUCACIONAL SAN NICOLAS,"-39,855919","-73,229172"
2026,"Centro Educacional San Nicolas
Rama",22496,M1,453.5,CENTRO EDUCACIONAL SAN NICOLAS,"-39,855919","-73,229172"
2026,"Centro Educacional San Nicolas
Rama",22496,M2,382.0,CENTRO EDUCACIONAL SAN NICOLAS,"-39,855919","-73,229172"
2026,"Centro Educacional San Nicolas
Rama",22496,Historia,0.0,CENTRO EDUCACIONAL SAN NICOLAS,"-39,855919","-73,229172"
2026,"Centro Educacional San Nicolas
Rama",22496,Ciencias,330.0,CENTRO EDUCACIONAL SAN NICOLAS,"-39,855919","-73,229172"
2026,"Centro Educacional San Nicolas
Rama",22496,Obligatoria,446.0,CENTRO EDUCACIONAL SAN NICOLAS,"-39,855919","-73,229172"
2026,"Instituto Ingles Antuquenu
Rama",22499,Lenguaje,619.2,INSTITUTO INGLES ANTUQUENU,"-41,40593","-72,905678"
2026,"Instituto Ingles Antuquenu
Rama",22499,M1,624.2,INSTITUTO INGLES ANTUQUENU,"-41,40593","-72,905678"
2026,"Instituto Ingles Antuquenu
Rama",22499,M2,408.0,INSTITUTO INGLES ANTUQUENU,"-41,40593","-72,905678"
2026,"Instituto Ingles Antuquenu
Rama",22499,Historia,508.9,INSTITUTO INGLES ANTUQUENU,"-41,40593","-72,905678"
2026,"Instituto Ingles Antuquenu
Rama",22499,Ciencias,464.7,INSTITUTO INGLES ANTUQUENU,"-41,40593","-72,905678"
2026,"Instituto Ingles Antuquenu
Rama",22499,Obligatoria,624.2,INSTITUTO INGLES ANTUQUENU,"-41,40593","-72,905678"
2026,"Instituto Ingles Antuquenu
Rama",22499,Lenguaje,536.5,INSTITUTO INGLES ANTUQUENU,"-41,40593","-72,905678"
2026,"Instituto Ingles Antuquenu
Rama",22499,M1,612.5,INSTITUTO INGLES ANTUQUENU,"-41,40593","-72,905678"
2026,"Instituto Ingles Antuquenu
Rama",22499,M2,0.0,INSTITUTO INGLES ANTUQUENU,"-41,40593","-72,905678"
2026,"Instituto Ingles Antuquenu
Rama",22499,Historia,0.0,INSTITUTO INGLES ANTUQUENU,"-41,40593","-72,905678"
2026,"Instituto Ingles Antuquenu
Rama",22499,Ciencias,415.5,INSTITUTO INGLES ANTUQUENU,"-41,40593","-72,905678"
2026,"Instituto Ingles Antuquenu
Rama",22499,Obligatoria,574.5,INSTITUTO INGLES ANTUQUENU,"-41,40593","-72,905678"
2026,"Instituto Ingles Antuquenu
Rama",22499,Lenguaje,590.1,INSTITUTO INGLES ANTUQUENU,"-41,40593","-72,905678"
2026,"Instituto Ingles Antuquenu
Rama",22499,M1,623.3,INSTITUTO INGLES ANTUQUENU,"-41,40593","-72,905678"
2026,"Instituto Ingles Antuquenu
Rama",22499,M2,431.8,INSTITUTO INGLES ANTUQUENU,"-41,40593","-72,905678"
2026,"Instituto Ingles Antuquenu
Rama",22499,Historia,522.1,INSTITUTO INGLES ANTUQUENU,"-41,40593","-72,905678"
2026,"Instituto Ingles Antuquenu
Rama",22499,Ciencias,454.3,INSTITUTO INGLES ANTUQUENU,"-41,40593","-72,905678"
2026,"Instituto Ingles Antuquenu
Rama",22499,Obligatoria,610.9,INSTITUTO INGLES ANTUQUENU,"-41,40593","-72,905678"
2026,"Instituto Ingles Antuquenu
Rama",22499,Lenguaje,555.1,INSTITUTO INGLES ANTUQUENU,"-41,40593","-72,905678"
2026,"Instituto Ingles Antuquenu
Rama",22499,M1,562.1,INSTITUTO INGLES ANTUQUENU,"-41,40593","-72,905678"
2026,"Instituto Ingles Antuquenu
Rama",22499,M2,367.7,INSTITUTO INGLES ANTUQUENU,"-41,40593","-72,905678"
2026,"Instituto Ingles Antuquenu
Rama",22499,Historia,482.3,INSTITUTO INGLES ANTUQUENU,"-41,40593","-72,905678"
2026,"Instituto Ingles Antuquenu
Rama",22499,Ciencias,398.8,INSTITUTO INGLES ANTUQUENU,"-41,40593","-72,905678"
2026,"Instituto Ingles Antuquenu
Rama",22499,Obligatoria,560.4,INSTITUTO INGLES ANTUQUENU,"-41,40593","-72,905678"
2026,"Colegio Aguilas Del Sur
Rama",22503,Lenguaje,443.5,COLEGIO AGUILAS DEL SUR,"-40,299484","-73,07504"
2026,"Colegio Aguilas Del Sur
Rama",22503,M1,420.0,COLEGIO AGUILAS DEL SUR,"-40,299484","-73,07504"
2026,"Colegio Aguilas Del Sur
Rama",22503,M2,409.0,COLEGIO AGUILAS DEL SUR,"-40,299484","-73,07504"
2026,"Colegio Aguilas Del Sur
Rama",22503,Historia,418.0,COLEGIO AGUILAS DEL SUR,"-40,299484","-73,07504"
2026,"Colegio Aguilas Del Sur
Rama",22503,Ciencias,373.0,COLEGIO AGUILAS DEL SUR,"-40,299484","-73,07504"
2026,"Colegio Aguilas Del Sur
Rama",22503,Obligatoria,431.8,COLEGIO AGUILAS DEL SUR,"-40,299484","-73,07504"
2026,"Liceo Francisco Coloane
Rama",22504,Lenguaje,509.4,LICEO FRANCISCO COLOANE,"-42,465179","-73,784348"
2026,"Liceo Francisco Coloane
Rama",22504,M1,520.8,LICEO FRANCISCO COLOANE,"-42,465179","-73,784348"
2026,"Liceo Francisco Coloane
Rama",22504,M2,392.8,LICEO FRANCISCO COLOANE,"-42,465179","-73,784348"
2026,"Liceo Francisco Coloane
Rama",22504,Historia,426.6,LICEO FRANCISCO COLOANE,"-42,465179","-73,784348"
2026,"Liceo Francisco Coloane
Rama",22504,Ciencias,376.2,LICEO FRANCISCO COLOANE,"-42,465179","-73,784348"
2026,"Liceo Francisco Coloane
Rama",22504,Obligatoria,515.2,LICEO FRANCISCO COLOANE,"-42,465179","-73,784348"
2026,"Colegio Charles Darwin De Ancud
Rama",22505,Lenguaje,589.5,COLEGIO CHARLES DARWIN DE ANCUD,"-41,862129","-73,823769"
2026,"Colegio Charles Darwin De Ancud
Rama",22505,M1,608.1,COLEGIO CHARLES DARWIN DE ANCUD,"-41,862129","-73,823769"
2026,"Colegio Charles Darwin De Ancud
Rama",22505,M2,423.0,COLEGIO CHARLES DARWIN DE ANCUD,"-41,862129","-73,823769"
2026,"Colegio Charles Darwin De Ancud
Rama",22505,Historia,495.0,COLEGIO CHARLES DARWIN DE ANCUD,"-41,862129","-73,823769"
2026,"Colegio Charles Darwin De Ancud
Rama",22505,Ciencias,423.6,COLEGIO CHARLES DARWIN DE ANCUD,"-41,862129","-73,823769"
2026,"Colegio Charles Darwin De Ancud
Rama",22505,Obligatoria,598.8,COLEGIO CHARLES DARWIN DE ANCUD,"-41,862129","-73,823769"
2026,"Colegio Pumahue
Rama",22506,Lenguaje,731.4,COLEGIO PUMAHUE,"-41,450375","-72,92188"
2026,"Colegio Pumahue
Rama",22506,M1,782.9,COLEGIO PUMAHUE,"-41,450375","-72,92188"
2026,"Colegio Pumahue
Rama",22506,M2,496.2,COLEGIO PUMAHUE,"-41,450375","-72,92188"
2026,"Colegio Pumahue
Rama",22506,Historia,679.4,COLEGIO PUMAHUE,"-41,450375","-72,92188"
2026,"Colegio Pumahue
Rama",22506,Ciencias,593.0,COLEGIO PUMAHUE,"-41,450375","-72,92188"
2026,"Colegio Pumahue
Rama",22506,Obligatoria,757.2,COLEGIO PUMAHUE,"-41,450375","-72,92188"
2026,"Centro Integral De Adultos Treucanche
Rama",22514,Lenguaje,477.0,CENTRO INTEGRAL DE ADULTOS TREUCANCHE,"-39,566563","-72,02036"
2026,"Centro Integral De Adultos Treucanche
Rama",22514,M1,579.0,CENTRO INTEGRAL DE ADULTOS TREUCANCHE,"-39,566563","-72,02036"
2026,"Centro Integral De Adultos Treucanche
Rama",22514,M2,0.0,CENTRO INTEGRAL DE ADULTOS TREUCANCHE,"-39,566563","-72,02036"
2026,"Centro Integral De Adultos Treucanche
Rama",22514,Historia,0.0,CENTRO INTEGRAL DE ADULTOS TREUCANCHE,"-39,566563","-72,02036"
2026,"Centro Integral De Adultos Treucanche
Rama",22514,Ciencias,0.0,CENTRO INTEGRAL DE ADULTOS TREUCANCHE,"-39,566563","-72,02036"
2026,"Centro Integral De Adultos Treucanche
Rama",22514,Obligatoria,528.0,CENTRO INTEGRAL DE ADULTOS TREUCANCHE,"-39,566563","-72,02036"
2026,"Instituto Cristiano Gracia Y Paz
Rama",22516,Lenguaje,599.3,INSTITUTO CRISTIANO GRACIA Y PAZ,"-39,82019","-73,248459"
2026,"Instituto Cristiano Gracia Y Paz
Rama",22516,M1,585.0,INSTITUTO CRISTIANO GRACIA Y PAZ,"-39,82019","-73,248459"
2026,"Instituto Cristiano Gracia Y Paz
Rama",22516,M2,402.7,INSTITUTO CRISTIANO GRACIA Y PAZ,"-39,82019","-73,248459"
2026,"Instituto Cristiano Gracia Y Paz
Rama",22516,Historia,497.6,INSTITUTO CRISTIANO GRACIA Y PAZ,"-39,82019","-73,248459"
2026,"Instituto Cristiano Gracia Y Paz
Rama",22516,Ciencias,437.6,INSTITUTO CRISTIANO GRACIA Y PAZ,"-39,82019","-73,248459"
2026,"Instituto Cristiano Gracia Y Paz
Rama",22516,Obligatoria,592.2,INSTITUTO CRISTIANO GRACIA Y PAZ,"-39,82019","-73,248459"
2026,"Liceo Bilingue Teresa De Los Andes
Rama",22535,Lenguaje,555.7,LICEO BILINGUE TERESA DE LOS ANDES,"-42,481781","-73,782471"
2026,"Liceo Bilingue Teresa De Los Andes
Rama",22535,M1,492.7,LICEO BILINGUE TERESA DE LOS ANDES,"-42,481781","-73,782471"
2026,"Liceo Bilingue Teresa De Los Andes
Rama",22535,M2,379.0,LICEO BILINGUE TERESA DE LOS ANDES,"-42,481781","-73,782471"
2026,"Liceo Bilingue Teresa De Los Andes
Rama",22535,Historia,441.1,LICEO BILINGUE TERESA DE LOS ANDES,"-42,481781","-73,782471"
2026,"Liceo Bilingue Teresa De Los Andes
Rama",22535,Ciencias,371.8,LICEO BILINGUE TERESA DE LOS ANDES,"-42,481781","-73,782471"
2026,"Liceo Bilingue Teresa De Los Andes
Rama",22535,Obligatoria,524.2,LICEO BILINGUE TERESA DE LOS ANDES,"-42,481781","-73,782471"
2026,"Centro Educacional San Sebastian De Ancud
Rama",22536,Lenguaje,696.4,CENTRO EDUCACIONAL SAN SEBASTIAN DE ANCUD,"-41,880562","-73,829788"
2026,"Centro Educacional San Sebastian De Ancud
Rama",22536,M1,773.1,CENTRO EDUCACIONAL SAN SEBASTIAN DE ANCUD,"-41,880562","-73,829788"
2026,"Centro Educacional San Sebastian De Ancud
Rama",22536,M2,473.6,CENTRO EDUCACIONAL SAN SEBASTIAN DE ANCUD,"-41,880562","-73,829788"
2026,"Centro Educacional San Sebastian De Ancud
Rama",22536,Historia,529.8,CENTRO EDUCACIONAL SAN SEBASTIAN DE ANCUD,"-41,880562","-73,829788"
2026,"Centro Educacional San Sebastian De Ancud
Rama",22536,Ciencias,563.6,CENTRO EDUCACIONAL SAN SEBASTIAN DE ANCUD,"-41,880562","-73,829788"
2026,"Centro Educacional San Sebastian De Ancud
Rama",22536,Obligatoria,733.5,CENTRO EDUCACIONAL SAN SEBASTIAN DE ANCUD,"-41,880562","-73,829788"
2026,"Instituto Italia De Valdivia
Rama",22540,Lenguaje,603.8,INSTITUTO ITALIA DE VALDIVIA,"-39,838341","-73,231033"
2026,"Instituto Italia De Valdivia
Rama",22540,M1,593.5,INSTITUTO ITALIA DE VALDIVIA,"-39,838341","-73,231033"
2026,"Instituto Italia De Valdivia
Rama",22540,M2,399.5,INSTITUTO ITALIA DE VALDIVIA,"-39,838341","-73,231033"
2026,"Instituto Italia De Valdivia
Rama",22540,Historia,492.4,INSTITUTO ITALIA DE VALDIVIA,"-39,838341","-73,231033"
2026,"Instituto Italia De Valdivia
Rama",22540,Ciencias,423.6,INSTITUTO ITALIA DE VALDIVIA,"-39,838341","-73,231033"
2026,"Instituto Italia De Valdivia
Rama",22540,Obligatoria,603.0,INSTITUTO ITALIA DE VALDIVIA,"-39,838341","-73,231033"
2026,"Colegio San Alberto Hurtado
Rama",22542,Lenguaje,595.5,COLEGIO SAN ALBERTO HURTADO,"-40,576229","-73,131264"
2026,"Colegio San Alberto Hurtado
Rama",22542,M1,589.6,COLEGIO SAN ALBERTO HURTADO,"-40,576229","-73,131264"
2026,"Colegio San Alberto Hurtado
Rama",22542,M2,438.5,COLEGIO SAN ALBERTO HURTADO,"-40,576229","-73,131264"
2026,"Colegio San Alberto Hurtado
Rama",22542,Historia,536.3,COLEGIO SAN ALBERTO HURTADO,"-40,576229","-73,131264"
2026,"Colegio San Alberto Hurtado
Rama",22542,Ciencias,451.4,COLEGIO SAN ALBERTO HURTADO,"-40,576229","-73,131264"
2026,"Colegio San Alberto Hurtado
Rama",22542,Obligatoria,592.5,COLEGIO SAN ALBERTO HURTADO,"-40,576229","-73,131264"
2026,"Liceo Comercial Miramar
Rama",22543,Lenguaje,576.0,LICEO COMERCIAL MIRAMAR,"-41,472858","-72,923286"
2026,"Liceo Comercial Miramar
Rama",22543,M1,502.0,LICEO COMERCIAL MIRAMAR,"-41,472858","-72,923286"
2026,"Liceo Comercial Miramar
Rama",22543,M2,0.0,LICEO COMERCIAL MIRAMAR,"-41,472858","-72,923286"
2026,"Liceo Comercial Miramar
Rama",22543,Historia,493.0,LICEO COMERCIAL MIRAMAR,"-41,472858","-72,923286"
2026,"Liceo Comercial Miramar
Rama",22543,Ciencias,0.0,LICEO COMERCIAL MIRAMAR,"-41,472858","-72,923286"
2026,"Liceo Comercial Miramar
Rama",22543,Obligatoria,539.0,LICEO COMERCIAL MIRAMAR,"-41,472858","-72,923286"
2026,"Liceo Comercial Miramar
Rama",22543,Lenguaje,593.5,LICEO COMERCIAL MIRAMAR,"-41,472858","-72,923286"
2026,"Liceo Comercial Miramar
Rama",22543,M1,586.3,LICEO COMERCIAL MIRAMAR,"-41,472858","-72,923286"
2026,"Liceo Comercial Miramar
Rama",22543,M2,398.5,LICEO COMERCIAL MIRAMAR,"-41,472858","-72,923286"
2026,"Liceo Comercial Miramar
Rama",22543,Historia,504.3,LICEO COMERCIAL MIRAMAR,"-41,472858","-72,923286"
2026,"Liceo Comercial Miramar
Rama",22543,Ciencias,377.4,LICEO COMERCIAL MIRAMAR,"-41,472858","-72,923286"
2026,"Liceo Comercial Miramar
Rama",22543,Obligatoria,595.4,LICEO COMERCIAL MIRAMAR,"-41,472858","-72,923286"
2026,"Liceo Comercial Miramar
Rama",22543,Lenguaje,524.3,LICEO COMERCIAL MIRAMAR,"-41,472858","-72,923286"
2026,"Liceo Comercial Miramar
Rama",22543,M1,534.5,LICEO COMERCIAL MIRAMAR,"-41,472858","-72,923286"
2026,"Liceo Comercial Miramar
Rama",22543,M2,388.1,LICEO COMERCIAL MIRAMAR,"-41,472858","-72,923286"
2026,"Liceo Comercial Miramar
Rama",22543,Historia,426.1,LICEO COMERCIAL MIRAMAR,"-41,472858","-72,923286"
2026,"Liceo Comercial Miramar
Rama",22543,Ciencias,408.3,LICEO COMERCIAL MIRAMAR,"-41,472858","-72,923286"
2026,"Liceo Comercial Miramar
Rama",22543,Obligatoria,529.5,LICEO COMERCIAL MIRAMAR,"-41,472858","-72,923286"
2026,"Liceo Comercial Miramar
Rama",22543,Lenguaje,571.0,LICEO COMERCIAL MIRAMAR,"-41,472858","-72,923286"
2026,"Liceo Comercial Miramar
Rama",22543,M1,650.3,LICEO COMERCIAL MIRAMAR,"-41,472858","-72,923286"
2026,"Liceo Comercial Miramar
Rama",22543,M2,414.6,LICEO COMERCIAL MIRAMAR,"-41,472858","-72,923286"
2026,"Liceo Comercial Miramar
Rama",22543,Historia,430.2,LICEO COMERCIAL MIRAMAR,"-41,472858","-72,923286"
2026,"Liceo Comercial Miramar
Rama",22543,Ciencias,407.7,LICEO COMERCIAL MIRAMAR,"-41,472858","-72,923286"
2026,"Liceo Comercial Miramar
Rama",22543,Obligatoria,621.8,LICEO COMERCIAL MIRAMAR,"-41,472858","-72,923286"
2026,"Liceo Polivalente Benjamin Vicuña Mackenna
Rama",22544,Lenguaje,521.5,LICEO POLIVALENTE BENJAMIN VICUÑA MACKENNA,"-41,473301","-72,9823"
2026,"Liceo Polivalente Benjamin Vicuña Mackenna
Rama",22544,M1,527.9,LICEO POLIVALENTE BENJAMIN VICUÑA MACKENNA,"-41,473301","-72,9823"
2026,"Liceo Polivalente Benjamin Vicuña Mackenna
Rama",22544,M2,383.7,LICEO POLIVALENTE BENJAMIN VICUÑA MACKENNA,"-41,473301","-72,9823"
2026,"Liceo Polivalente Benjamin Vicuña Mackenna
Rama",22544,Historia,454.1,LICEO POLIVALENTE BENJAMIN VICUÑA MACKENNA,"-41,473301","-72,9823"
2026,"Liceo Polivalente Benjamin Vicuña Mackenna
Rama",22544,Ciencias,399.1,LICEO POLIVALENTE BENJAMIN VICUÑA MACKENNA,"-41,473301","-72,9823"
2026,"Liceo Polivalente Benjamin Vicuña Mackenna
Rama",22544,Obligatoria,525.0,LICEO POLIVALENTE BENJAMIN VICUÑA MACKENNA,"-41,473301","-72,9823"
2026,"Liceo Polivalente Benjamin Vicuña Mackenna
Rama",22544,Lenguaje,542.7,LICEO POLIVALENTE BENJAMIN VICUÑA MACKENNA,"-41,473301","-72,9823"
2026,"Liceo Polivalente Benjamin Vicuña Mackenna
Rama",22544,M1,537.7,LICEO POLIVALENTE BENJAMIN VICUÑA MACKENNA,"-41,473301","-72,9823"
2026,"Liceo Polivalente Benjamin Vicuña Mackenna
Rama",22544,M2,0.0,LICEO POLIVALENTE BENJAMIN VICUÑA MACKENNA,"-41,473301","-72,9823"
2026,"Liceo Polivalente Benjamin Vicuña Mackenna
Rama",22544,Historia,517.0,LICEO POLIVALENTE BENJAMIN VICUÑA MACKENNA,"-41,473301","-72,9823"
2026,"Liceo Polivalente Benjamin Vicuña Mackenna
Rama",22544,Ciencias,446.0,LICEO POLIVALENTE BENJAMIN VICUÑA MACKENNA,"-41,473301","-72,9823"
2026,"Liceo Polivalente Benjamin Vicuña Mackenna
Rama",22544,Obligatoria,540.2,LICEO POLIVALENTE BENJAMIN VICUÑA MACKENNA,"-41,473301","-72,9823"
2026,"Liceo Polivalente Benjamin Vicuña Mackenna
Rama",22544,Lenguaje,554.0,LICEO POLIVALENTE BENJAMIN VICUÑA MACKENNA,"-41,473301","-72,9823"
2026,"Liceo Polivalente Benjamin Vicuña Mackenna
Rama",22544,M1,586.5,LICEO POLIVALENTE BENJAMIN VICUÑA MACKENNA,"-41,473301","-72,9823"
2026,"Liceo Polivalente Benjamin Vicuña Mackenna
Rama",22544,M2,402.6,LICEO POLIVALENTE BENJAMIN VICUÑA MACKENNA,"-41,473301","-72,9823"
2026,"Liceo Polivalente Benjamin Vicuña Mackenna
Rama",22544,Historia,411.5,LICEO POLIVALENTE BENJAMIN VICUÑA MACKENNA,"-41,473301","-72,9823"
2026,"Liceo Polivalente Benjamin Vicuña Mackenna
Rama",22544,Ciencias,405.8,LICEO POLIVALENTE BENJAMIN VICUÑA MACKENNA,"-41,473301","-72,9823"
2026,"Liceo Polivalente Benjamin Vicuña Mackenna
Rama",22544,Obligatoria,574.5,LICEO POLIVALENTE BENJAMIN VICUÑA MACKENNA,"-41,473301","-72,9823"
2026,"Instituto Cecal Sur
Rama",22545,Lenguaje,503.0,INSTITUTO CECAL SUR,"-42,471973","-73,77825"
2026,"Instituto Cecal Sur
Rama",22545,M1,493.3,INSTITUTO CECAL SUR,"-42,471973","-73,77825"
2026,"Instituto Cecal Sur
Rama",22545,M2,366.0,INSTITUTO CECAL SUR,"-42,471973","-73,77825"
2026,"Instituto Cecal Sur
Rama",22545,Historia,425.0,INSTITUTO CECAL SUR,"-42,471973","-73,77825"
2026,"Instituto Cecal Sur
Rama",22545,Ciencias,400.7,INSTITUTO CECAL SUR,"-42,471973","-73,77825"
2026,"Instituto Cecal Sur
Rama",22545,Obligatoria,511.7,INSTITUTO CECAL SUR,"-42,471973","-73,77825"
2026,"Centro De Educación Integral De Adultos Nuevo Horiz
Rama",22549,Lenguaje,590.0,CENTRO DE EDUCACIÓN INTEGRAL DE ADULTOS NUEVO HORIZONTE,"-39,644615","-72,34271"
2026,"Centro De Educación Integral De Adultos Nuevo Horiz
Rama",22549,M1,538.5,CENTRO DE EDUCACIÓN INTEGRAL DE ADULTOS NUEVO HORIZONTE,"-39,644615","-72,34271"
2026,"Centro De Educación Integral De Adultos Nuevo Horiz
Rama",22549,M2,366.0,CENTRO DE EDUCACIÓN INTEGRAL DE ADULTOS NUEVO HORIZONTE,"-39,644615","-72,34271"
2026,"Centro De Educación Integral De Adultos Nuevo Horiz
Rama",22549,Historia,387.0,CENTRO DE EDUCACIÓN INTEGRAL DE ADULTOS NUEVO HORIZONTE,"-39,644615","-72,34271"
2026,"Centro De Educación Integral De Adultos Nuevo Horiz
Rama",22549,Ciencias,420.0,CENTRO DE EDUCACIÓN INTEGRAL DE ADULTOS NUEVO HORIZONTE,"-39,644615","-72,34271"
2026,"Centro De Educación Integral De Adultos Nuevo Horiz
Rama",22549,Obligatoria,610.5,CENTRO DE EDUCACIÓN INTEGRAL DE ADULTOS NUEVO HORIZONTE,"-39,644615","-72,34271"
2026,"Liceo Tecnico Profesional Gabriela Mistral
Rama",22551,Lenguaje,536.3,LICEO TECNICO PROFESIONAL GABRIELA MISTRAL,"-42,475456","-73,769485"
2026,"Liceo Tecnico Profesional Gabriela Mistral
Rama",22551,M1,540.2,LICEO TECNICO PROFESIONAL GABRIELA MISTRAL,"-42,475456","-73,769485"
2026,"Liceo Tecnico Profesional Gabriela Mistral
Rama",22551,M2,385.0,LICEO TECNICO PROFESIONAL GABRIELA MISTRAL,"-42,475456","-73,769485"
2026,"Liceo Tecnico Profesional Gabriela Mistral
Rama",22551,Historia,461.5,LICEO TECNICO PROFESIONAL GABRIELA MISTRAL,"-42,475456","-73,769485"
2026,"Liceo Tecnico Profesional Gabriela Mistral
Rama",22551,Ciencias,369.8,LICEO TECNICO PROFESIONAL GABRIELA MISTRAL,"-42,475456","-73,769485"
2026,"Liceo Tecnico Profesional Gabriela Mistral
Rama",22551,Obligatoria,538.3,LICEO TECNICO PROFESIONAL GABRIELA MISTRAL,"-42,475456","-73,769485"
2026,"Instituto Técnico Forjadores De Alerce
Rama",22553,Lenguaje,561.4,INSTITUTO TÉCNICO FORJADORES DE ALERCE,"-41,389759","-72,906349"
2026,"Instituto Técnico Forjadores De Alerce
Rama",22553,M1,577.8,INSTITUTO TÉCNICO FORJADORES DE ALERCE,"-41,389759","-72,906349"
2026,"Instituto Técnico Forjadores De Alerce
Rama",22553,M2,404.7,INSTITUTO TÉCNICO FORJADORES DE ALERCE,"-41,389759","-72,906349"
2026,"Instituto Técnico Forjadores De Alerce
Rama",22553,Historia,404.8,INSTITUTO TÉCNICO FORJADORES DE ALERCE,"-41,389759","-72,906349"
2026,"Instituto Técnico Forjadores De Alerce
Rama",22553,Ciencias,354.3,INSTITUTO TÉCNICO FORJADORES DE ALERCE,"-41,389759","-72,906349"
2026,"Instituto Técnico Forjadores De Alerce
Rama",22553,Obligatoria,569.6,INSTITUTO TÉCNICO FORJADORES DE ALERCE,"-41,389759","-72,906349"
2026,"Instituto Técnico Forjadores De Alerce
Rama",22553,Lenguaje,514.4,INSTITUTO TÉCNICO FORJADORES DE ALERCE,"-41,389759","-72,906349"
2026,"Instituto Técnico Forjadores De Alerce
Rama",22553,M1,508.3,INSTITUTO TÉCNICO FORJADORES DE ALERCE,"-41,389759","-72,906349"
2026,"Instituto Técnico Forjadores De Alerce
Rama",22553,M2,423.5,INSTITUTO TÉCNICO FORJADORES DE ALERCE,"-41,389759","-72,906349"
2026,"Instituto Técnico Forjadores De Alerce
Rama",22553,Historia,448.0,INSTITUTO TÉCNICO FORJADORES DE ALERCE,"-41,389759","-72,906349"
2026,"Instituto Técnico Forjadores De Alerce
Rama",22553,Ciencias,375.7,INSTITUTO TÉCNICO FORJADORES DE ALERCE,"-41,389759","-72,906349"
2026,"Instituto Técnico Forjadores De Alerce
Rama",22553,Obligatoria,511.3,INSTITUTO TÉCNICO FORJADORES DE ALERCE,"-41,389759","-72,906349"
2026,"Colegio Colonos De Alerce
Rama",22560,Lenguaje,608.3,COLEGIO COLONOS DE ALERCE,"-41,394829","-72,901741"
2026,"Colegio Colonos De Alerce
Rama",22560,M1,661.2,COLEGIO COLONOS DE ALERCE,"-41,394829","-72,901741"
2026,"Colegio Colonos De Alerce
Rama",22560,M2,440.1,COLEGIO COLONOS DE ALERCE,"-41,394829","-72,901741"
2026,"Colegio Colonos De Alerce
Rama",22560,Historia,505.3,COLEGIO COLONOS DE ALERCE,"-41,394829","-72,901741"
2026,"Colegio Colonos De Alerce
Rama",22560,Ciencias,461.8,COLEGIO COLONOS DE ALERCE,"-41,394829","-72,901741"
2026,"Colegio Colonos De Alerce
Rama",22560,Obligatoria,634.8,COLEGIO COLONOS DE ALERCE,"-41,394829","-72,901741"
2026,"Liceo Bicentenario Adolfo Matthei
Rama",22564,Lenguaje,568.5,LICEO BICENTENARIO ADOLFO MATTHEI,"-40,589081","-73,110153"
2026,"Liceo Bicentenario Adolfo Matthei
Rama",22564,M1,583.3,LICEO BICENTENARIO ADOLFO MATTHEI,"-40,589081","-73,110153"
2026,"Liceo Bicentenario Adolfo Matthei
Rama",22564,M2,396.2,LICEO BICENTENARIO ADOLFO MATTHEI,"-40,589081","-73,110153"
2026,"Liceo Bicentenario Adolfo Matthei
Rama",22564,Historia,485.7,LICEO BICENTENARIO ADOLFO MATTHEI,"-40,589081","-73,110153"
2026,"Liceo Bicentenario Adolfo Matthei
Rama",22564,Ciencias,421.8,LICEO BICENTENARIO ADOLFO MATTHEI,"-40,589081","-73,110153"
2026,"Liceo Bicentenario Adolfo Matthei
Rama",22564,Obligatoria,577.0,LICEO BICENTENARIO ADOLFO MATTHEI,"-40,589081","-73,110153"
2026,"Liceo Tecnico Profesional San Jose
Rama",22597,Lenguaje,572.6,LICEO TECNICO PROFESIONAL SAN JOSE,"-43,124729","-73,649399"
2026,"Liceo Tecnico Profesional San Jose
Rama",22597,M1,580.4,LICEO TECNICO PROFESIONAL SAN JOSE,"-43,124729","-73,649399"
2026,"Liceo Tecnico Profesional San Jose
Rama",22597,M2,364.2,LICEO TECNICO PROFESIONAL SAN JOSE,"-43,124729","-73,649399"
2026,"Liceo Tecnico Profesional San Jose
Rama",22597,Historia,435.4,LICEO TECNICO PROFESIONAL SAN JOSE,"-43,124729","-73,649399"
2026,"Liceo Tecnico Profesional San Jose
Rama",22597,Ciencias,394.3,LICEO TECNICO PROFESIONAL SAN JOSE,"-43,124729","-73,649399"
2026,"Liceo Tecnico Profesional San Jose
Rama",22597,Obligatoria,576.5,LICEO TECNICO PROFESIONAL SAN JOSE,"-43,124729","-73,649399"
2026,"Liceo Tecnico Profesional San Jose
Rama",22597,Lenguaje,528.8,LICEO TECNICO PROFESIONAL SAN JOSE,"-43,124729","-73,649399"
2026,"Liceo Tecnico Profesional San Jose
Rama",22597,M1,540.5,LICEO TECNICO PROFESIONAL SAN JOSE,"-43,124729","-73,649399"
2026,"Liceo Tecnico Profesional San Jose
Rama",22597,M2,368.3,LICEO TECNICO PROFESIONAL SAN JOSE,"-43,124729","-73,649399"
2026,"Liceo Tecnico Profesional San Jose
Rama",22597,Historia,419.1,LICEO TECNICO PROFESIONAL SAN JOSE,"-43,124729","-73,649399"
2026,"Liceo Tecnico Profesional San Jose
Rama",22597,Ciencias,387.7,LICEO TECNICO PROFESIONAL SAN JOSE,"-43,124729","-73,649399"
2026,"Liceo Tecnico Profesional San Jose
Rama",22597,Obligatoria,534.7,LICEO TECNICO PROFESIONAL SAN JOSE,"-43,124729","-73,649399"
2026,"Saint Paul College
Rama",22602,Lenguaje,619.1,SAINT PAUL COLLEGE,"-41,253281","-73,004997"
2026,"Saint Paul College
Rama",22602,M1,611.3,SAINT PAUL COLLEGE,"-41,253281","-73,004997"
2026,"Saint Paul College
Rama",22602,M2,450.7,SAINT PAUL COLLEGE,"-41,253281","-73,004997"
2026,"Saint Paul College
Rama",22602,Historia,474.1,SAINT PAUL COLLEGE,"-41,253281","-73,004997"
2026,"Saint Paul College
Rama",22602,Ciencias,455.9,SAINT PAUL COLLEGE,"-41,253281","-73,004997"
2026,"Saint Paul College
Rama",22602,Obligatoria,615.2,SAINT PAUL COLLEGE,"-41,253281","-73,004997"
2026,"Colegio Chileno Norteamericano
Rama",22609,Lenguaje,624.5,COLEGIO CHILENO NORTEAMERICANO,"-41,454231","-72,911453"
2026,"Colegio Chileno Norteamericano
Rama",22609,M1,625.3,COLEGIO CHILENO NORTEAMERICANO,"-41,454231","-72,911453"
2026,"Colegio Chileno Norteamericano
Rama",22609,M2,399.8,COLEGIO CHILENO NORTEAMERICANO,"-41,454231","-72,911453"
2026,"Colegio Chileno Norteamericano
Rama",22609,Historia,511.8,COLEGIO CHILENO NORTEAMERICANO,"-41,454231","-72,911453"
2026,"Colegio Chileno Norteamericano
Rama",22609,Ciencias,463.4,COLEGIO CHILENO NORTEAMERICANO,"-41,454231","-72,911453"
2026,"Colegio Chileno Norteamericano
Rama",22609,Obligatoria,626.2,COLEGIO CHILENO NORTEAMERICANO,"-41,454231","-72,911453"
2026,"Instituto Bicentenario De Excelencia Politecnico
Rama",22626,Lenguaje,589.0,INSTITUTO BICENTENARIO DE EXCELENCIA POLITECNICO,"-40,570202","-73,120857"
2026,"Instituto Bicentenario De Excelencia Politecnico
Rama",22626,M1,550.3,INSTITUTO BICENTENARIO DE EXCELENCIA POLITECNICO,"-40,570202","-73,120857"
2026,"Instituto Bicentenario De Excelencia Politecnico
Rama",22626,M2,399.3,INSTITUTO BICENTENARIO DE EXCELENCIA POLITECNICO,"-40,570202","-73,120857"
2026,"Instituto Bicentenario De Excelencia Politecnico
Rama",22626,Historia,547.3,INSTITUTO BICENTENARIO DE EXCELENCIA POLITECNICO,"-40,570202","-73,120857"
2026,"Instituto Bicentenario De Excelencia Politecnico
Rama",22626,Ciencias,409.3,INSTITUTO BICENTENARIO DE EXCELENCIA POLITECNICO,"-40,570202","-73,120857"
2026,"Instituto Bicentenario De Excelencia Politecnico
Rama",22626,Obligatoria,569.7,INSTITUTO BICENTENARIO DE EXCELENCIA POLITECNICO,"-40,570202","-73,120857"
2026,"Instituto Bicentenario De Excelencia Politecnico
Rama",22626,Lenguaje,539.7,INSTITUTO BICENTENARIO DE EXCELENCIA POLITECNICO,"-40,570202","-73,120857"
2026,"Instituto Bicentenario De Excelencia Politecnico
Rama",22626,M1,526.7,INSTITUTO BICENTENARIO DE EXCELENCIA POLITECNICO,"-40,570202","-73,120857"
2026,"Instituto Bicentenario De Excelencia Politecnico
Rama",22626,M2,456.0,INSTITUTO BICENTENARIO DE EXCELENCIA POLITECNICO,"-40,570202","-73,120857"
2026,"Instituto Bicentenario De Excelencia Politecnico
Rama",22626,Historia,438.8,INSTITUTO BICENTENARIO DE EXCELENCIA POLITECNICO,"-40,570202","-73,120857"
2026,"Instituto Bicentenario De Excelencia Politecnico
Rama",22626,Ciencias,408.6,INSTITUTO BICENTENARIO DE EXCELENCIA POLITECNICO,"-40,570202","-73,120857"
2026,"Instituto Bicentenario De Excelencia Politecnico
Rama",22626,Obligatoria,538.8,INSTITUTO BICENTENARIO DE EXCELENCIA POLITECNICO,"-40,570202","-73,120857"
2026,"Hampton College
Rama",22627,Lenguaje,635.8,HAMPTON COLLEGE,"-39,799702","-73,21424"
2026,"Hampton College
Rama",22627,M1,657.3,HAMPTON COLLEGE,"-39,799702","-73,21424"
2026,"Hampton College
Rama",22627,M2,435.3,HAMPTON COLLEGE,"-39,799702","-73,21424"
2026,"Hampton College
Rama",22627,Historia,540.5,HAMPTON COLLEGE,"-39,799702","-73,21424"
2026,"Hampton College
Rama",22627,Ciencias,465.8,HAMPTON COLLEGE,"-39,799702","-73,21424"
2026,"Hampton College
Rama",22627,Obligatoria,646.5,HAMPTON COLLEGE,"-39,799702","-73,21424"
2026,"Colegio Los Conquistadores
Rama",22629,Lenguaje,632.5,COLEGIO LOS CONQUISTADORES,"-39,853222","-73,256767"
2026,"Colegio Los Conquistadores
Rama",22629,M1,652.8,COLEGIO LOS CONQUISTADORES,"-39,853222","-73,256767"
2026,"Colegio Los Conquistadores
Rama",22629,M2,410.1,COLEGIO LOS CONQUISTADORES,"-39,853222","-73,256767"
2026,"Colegio Los Conquistadores
Rama",22629,Historia,516.6,COLEGIO LOS CONQUISTADORES,"-39,853222","-73,256767"
2026,"Colegio Los Conquistadores
Rama",22629,Ciencias,495.1,COLEGIO LOS CONQUISTADORES,"-39,853222","-73,256767"
2026,"Colegio Los Conquistadores
Rama",22629,Obligatoria,642.6,COLEGIO LOS CONQUISTADORES,"-39,853222","-73,256767"
2026,Liceo Tec,22633,Lenguaje,425.2,LICEO TEC. PROF. DE ADULTOS CORESOL DE VALDIV,"-39,846615","-73,19952"
2026,Liceo Tec,22633,M1,443.7,LICEO TEC. PROF. DE ADULTOS CORESOL DE VALDIV,"-39,846615","-73,19952"
2026,Liceo Tec,22633,M2,0.0,LICEO TEC. PROF. DE ADULTOS CORESOL DE VALDIV,"-39,846615","-73,19952"
2026,Liceo Tec,22633,Historia,426.2,LICEO TEC. PROF. DE ADULTOS CORESOL DE VALDIV,"-39,846615","-73,19952"
2026,Liceo Tec,22633,Ciencias,359.9,LICEO TEC. PROF. DE ADULTOS CORESOL DE VALDIV,"-39,846615","-73,19952"
2026,Liceo Tec,22633,Obligatoria,434.5,LICEO TEC. PROF. DE ADULTOS CORESOL DE VALDIV,"-39,846615","-73,19952"
2026,Liceo Tec,22633,Lenguaje,520.0,LICEO TEC. PROF. DE ADULTOS CORESOL DE VALDIV,"-39,846615","-73,19952"
2026,Liceo Tec,22633,M1,472.0,LICEO TEC. PROF. DE ADULTOS CORESOL DE VALDIV,"-39,846615","-73,19952"
2026,Liceo Tec,22633,M2,0.0,LICEO TEC. PROF. DE ADULTOS CORESOL DE VALDIV,"-39,846615","-73,19952"
2026,Liceo Tec,22633,Historia,503.5,LICEO TEC. PROF. DE ADULTOS CORESOL DE VALDIV,"-39,846615","-73,19952"
2026,Liceo Tec,22633,Ciencias,387.3,LICEO TEC. PROF. DE ADULTOS CORESOL DE VALDIV,"-39,846615","-73,19952"
2026,Liceo Tec,22633,Obligatoria,496.0,LICEO TEC. PROF. DE ADULTOS CORESOL DE VALDIV,"-39,846615","-73,19952"
2026,"Instituto Principe De Asturias
Rama",22634,Lenguaje,614.7,INSTITUTO PRINCIPE DE ASTURIAS,"-39,829071","-73,243629"
2026,"Instituto Principe De Asturias
Rama",22634,M1,610.6,INSTITUTO PRINCIPE DE ASTURIAS,"-39,829071","-73,243629"
2026,"Instituto Principe De Asturias
Rama",22634,M2,425.4,INSTITUTO PRINCIPE DE ASTURIAS,"-39,829071","-73,243629"
2026,"Instituto Principe De Asturias
Rama",22634,Historia,501.5,INSTITUTO PRINCIPE DE ASTURIAS,"-39,829071","-73,243629"
2026,"Instituto Principe De Asturias
Rama",22634,Ciencias,448.1,INSTITUTO PRINCIPE DE ASTURIAS,"-39,829071","-73,243629"
2026,"Instituto Principe De Asturias
Rama",22634,Obligatoria,612.7,INSTITUTO PRINCIPE DE ASTURIAS,"-39,829071","-73,243629"
2026,C,22637,Lenguaje,431.0,C.E.I.A. ARTURO PRAT,"-40,91487502","-73,16385651"
2026,C,22637,M1,437.7,C.E.I.A. ARTURO PRAT,"-40,91487502","-73,16385651"
2026,C,22637,M2,0.0,C.E.I.A. ARTURO PRAT,"-40,91487502","-73,16385651"
2026,C,22637,Historia,431.7,C.E.I.A. ARTURO PRAT,"-40,91487502","-73,16385651"
2026,C,22637,Ciencias,349.7,C.E.I.A. ARTURO PRAT,"-40,91487502","-73,16385651"
2026,C,22637,Obligatoria,434.3,C.E.I.A. ARTURO PRAT,"-40,91487502","-73,16385651"
2026,"Liceo Tecnico Profesional De Adultos Coresol De Pue
Rama",22638,Lenguaje,434.1,LICEO TECNICO PROFESIONAL DE ADULTOS CORESOL DE PUERTO MONTT,"-41,481625","-73,00909"
2026,"Liceo Tecnico Profesional De Adultos Coresol De Pue
Rama",22638,M1,441.1,LICEO TECNICO PROFESIONAL DE ADULTOS CORESOL DE PUERTO MONTT,"-41,481625","-73,00909"
2026,"Liceo Tecnico Profesional De Adultos Coresol De Pue
Rama",22638,M2,0.0,LICEO TECNICO PROFESIONAL DE ADULTOS CORESOL DE PUERTO MONTT,"-41,481625","-73,00909"
2026,"Liceo Tecnico Profesional De Adultos Coresol De Pue
Rama",22638,Historia,419.7,LICEO TECNICO PROFESIONAL DE ADULTOS CORESOL DE PUERTO MONTT,"-41,481625","-73,00909"
2026,"Liceo Tecnico Profesional De Adultos Coresol De Pue
Rama",22638,Ciencias,370.5,LICEO TECNICO PROFESIONAL DE ADULTOS CORESOL DE PUERTO MONTT,"-41,481625","-73,00909"
2026,"Liceo Tecnico Profesional De Adultos Coresol De Pue
Rama",22638,Obligatoria,442.6,LICEO TECNICO PROFESIONAL DE ADULTOS CORESOL DE PUERTO MONTT,"-41,481625","-73,00909"
2026,"Liceo Tecnico Profesional De Adultos Coresol De Pue
Rama",22638,Lenguaje,403.0,LICEO TECNICO PROFESIONAL DE ADULTOS CORESOL DE PUERTO MONTT,"-41,481625","-73,00909"
2026,"Liceo Tecnico Profesional De Adultos Coresol De Pue
Rama",22638,M1,450.2,LICEO TECNICO PROFESIONAL DE ADULTOS CORESOL DE PUERTO MONTT,"-41,481625","-73,00909"
2026,"Liceo Tecnico Profesional De Adultos Coresol De Pue
Rama",22638,M2,0.0,LICEO TECNICO PROFESIONAL DE ADULTOS CORESOL DE PUERTO MONTT,"-41,481625","-73,00909"
2026,"Liceo Tecnico Profesional De Adultos Coresol De Pue
Rama",22638,Historia,409.0,LICEO TECNICO PROFESIONAL DE ADULTOS CORESOL DE PUERTO MONTT,"-41,481625","-73,00909"
2026,"Liceo Tecnico Profesional De Adultos Coresol De Pue
Rama",22638,Ciencias,403.0,LICEO TECNICO PROFESIONAL DE ADULTOS CORESOL DE PUERTO MONTT,"-41,481625","-73,00909"
2026,"Liceo Tecnico Profesional De Adultos Coresol De Pue
Rama",22638,Obligatoria,426.6,LICEO TECNICO PROFESIONAL DE ADULTOS CORESOL DE PUERTO MONTT,"-41,481625","-73,00909"
2026,"Colegio Sagrada Familia
Rama",22641,Lenguaje,598.7,COLEGIO SAGRADA FAMILIA,"-41,963879","-72,470238"
2026,"Colegio Sagrada Familia
Rama",22641,M1,610.9,COLEGIO SAGRADA FAMILIA,"-41,963879","-72,470238"
2026,"Colegio Sagrada Familia
Rama",22641,M2,404.0,COLEGIO SAGRADA FAMILIA,"-41,963879","-72,470238"
2026,"Colegio Sagrada Familia
Rama",22641,Historia,488.9,COLEGIO SAGRADA FAMILIA,"-41,963879","-72,470238"
2026,"Colegio Sagrada Familia
Rama",22641,Ciencias,416.7,COLEGIO SAGRADA FAMILIA,"-41,963879","-72,470238"
2026,"Colegio Sagrada Familia
Rama",22641,Obligatoria,604.8,COLEGIO SAGRADA FAMILIA,"-41,963879","-72,470238"
2026,"Liceo Carelmapu
Rama",22655,Lenguaje,520.3,LICEO CARELMAPU,"-41,733429","-73,691582"
2026,"Liceo Carelmapu
Rama",22655,M1,534.6,LICEO CARELMAPU,"-41,733429","-73,691582"
2026,"Liceo Carelmapu
Rama",22655,M2,382.1,LICEO CARELMAPU,"-41,733429","-73,691582"
2026,"Liceo Carelmapu
Rama",22655,Historia,420.2,LICEO CARELMAPU,"-41,733429","-73,691582"
2026,"Liceo Carelmapu
Rama",22655,Ciencias,403.0,LICEO CARELMAPU,"-41,733429","-73,691582"
2026,"Liceo Carelmapu
Rama",22655,Obligatoria,528.7,LICEO CARELMAPU,"-41,733429","-73,691582"
2026,"Liceo Politecnico Mirasol
Rama",22664,Lenguaje,531.0,LICEO POLITECNICO MIRASOL,"-41,4781","-72,984016"
2026,"Liceo Politecnico Mirasol
Rama",22664,M1,536.5,LICEO POLITECNICO MIRASOL,"-41,4781","-72,984016"
2026,"Liceo Politecnico Mirasol
Rama",22664,M2,388.3,LICEO POLITECNICO MIRASOL,"-41,4781","-72,984016"
2026,"Liceo Politecnico Mirasol
Rama",22664,Historia,434.1,LICEO POLITECNICO MIRASOL,"-41,4781","-72,984016"
2026,"Liceo Politecnico Mirasol
Rama",22664,Ciencias,399.2,LICEO POLITECNICO MIRASOL,"-41,4781","-72,984016"
2026,"Liceo Politecnico Mirasol
Rama",22664,Obligatoria,534.7,LICEO POLITECNICO MIRASOL,"-41,4781","-72,984016"
2026,"Colegio Altas Cumbres
Rama",22672,Lenguaje,579.4,COLEGIO ALTAS CUMBRES,"-41,343979","-72,947357"
2026,"Colegio Altas Cumbres
Rama",22672,M1,581.4,COLEGIO ALTAS CUMBRES,"-41,343979","-72,947357"
2026,"Colegio Altas Cumbres
Rama",22672,M2,396.8,COLEGIO ALTAS CUMBRES,"-41,343979","-72,947357"
2026,"Colegio Altas Cumbres
Rama",22672,Historia,466.4,COLEGIO ALTAS CUMBRES,"-41,343979","-72,947357"
2026,"Colegio Altas Cumbres
Rama",22672,Ciencias,396.6,COLEGIO ALTAS CUMBRES,"-41,343979","-72,947357"
2026,"Colegio Altas Cumbres
Rama",22672,Obligatoria,580.4,COLEGIO ALTAS CUMBRES,"-41,343979","-72,947357"
2026,"Liceo Bicentenario Polivalente De Queilen
Rama",22674,Lenguaje,581.7,LICEO BICENTENARIO POLIVALENTE DE QUEILEN,"-42,883862","-73,471367"
2026,"Liceo Bicentenario Polivalente De Queilen
Rama",22674,M1,600.5,LICEO BICENTENARIO POLIVALENTE DE QUEILEN,"-42,883862","-73,471367"
2026,"Liceo Bicentenario Polivalente De Queilen
Rama",22674,M2,408.2,LICEO BICENTENARIO POLIVALENTE DE QUEILEN,"-42,883862","-73,471367"
2026,"Liceo Bicentenario Polivalente De Queilen
Rama",22674,Historia,484.6,LICEO BICENTENARIO POLIVALENTE DE QUEILEN,"-42,883862","-73,471367"
2026,"Liceo Bicentenario Polivalente De Queilen
Rama",22674,Ciencias,428.9,LICEO BICENTENARIO POLIVALENTE DE QUEILEN,"-42,883862","-73,471367"
2026,"Liceo Bicentenario Polivalente De Queilen
Rama",22674,Obligatoria,594.5,LICEO BICENTENARIO POLIVALENTE DE QUEILEN,"-42,883862","-73,471367"
2026,"Liceo Bicentenario Polivalente De Queilen
Rama",22674,Lenguaje,537.8,LICEO BICENTENARIO POLIVALENTE DE QUEILEN,"-42,883862","-73,471367"
2026,"Liceo Bicentenario Polivalente De Queilen
Rama",22674,M1,534.8,LICEO BICENTENARIO POLIVALENTE DE QUEILEN,"-42,883862","-73,471367"
2026,"Liceo Bicentenario Polivalente De Queilen
Rama",22674,M2,379.3,LICEO BICENTENARIO POLIVALENTE DE QUEILEN,"-42,883862","-73,471367"
2026,"Liceo Bicentenario Polivalente De Queilen
Rama",22674,Historia,416.6,LICEO BICENTENARIO POLIVALENTE DE QUEILEN,"-42,883862","-73,471367"
2026,"Liceo Bicentenario Polivalente De Queilen
Rama",22674,Ciencias,379.5,LICEO BICENTENARIO POLIVALENTE DE QUEILEN,"-42,883862","-73,471367"
2026,"Liceo Bicentenario Polivalente De Queilen
Rama",22674,Obligatoria,536.3,LICEO BICENTENARIO POLIVALENTE DE QUEILEN,"-42,883862","-73,471367"
2026,Liceo Francisco Hernandez Ortiz,22691,Lenguaje,541.5,LICEO FRANCISCO HERNANDEZ ORTIZ-PIZARRO,"-41,76181","-73,156273"
2026,Liceo Francisco Hernandez Ortiz,22691,M1,570.6,LICEO FRANCISCO HERNANDEZ ORTIZ-PIZARRO,"-41,76181","-73,156273"
2026,Liceo Francisco Hernandez Ortiz,22691,M2,389.7,LICEO FRANCISCO HERNANDEZ ORTIZ-PIZARRO,"-41,76181","-73,156273"
2026,Liceo Francisco Hernandez Ortiz,22691,Historia,430.3,LICEO FRANCISCO HERNANDEZ ORTIZ-PIZARRO,"-41,76181","-73,156273"
2026,Liceo Francisco Hernandez Ortiz,22691,Ciencias,412.7,LICEO FRANCISCO HERNANDEZ ORTIZ-PIZARRO,"-41,76181","-73,156273"
2026,Liceo Francisco Hernandez Ortiz,22691,Obligatoria,556.7,LICEO FRANCISCO HERNANDEZ ORTIZ-PIZARRO,"-41,76181","-73,156273"
2026,"Patagonia College
Rama",22692,Lenguaje,678.1,PATAGONIA COLLEGE,"-41,455219","-72,900177"
2026,"Patagonia College
Rama",22692,M1,732.2,PATAGONIA COLLEGE,"-41,455219","-72,900177"
2026,"Patagonia College
Rama",22692,M2,458.1,PATAGONIA COLLEGE,"-41,455219","-72,900177"
2026,"Patagonia College
Rama",22692,Historia,589.4,PATAGONIA COLLEGE,"-41,455219","-72,900177"
2026,"Patagonia College
Rama",22692,Ciencias,558.2,PATAGONIA COLLEGE,"-41,455219","-72,900177"
2026,"Patagonia College
Rama",22692,Obligatoria,705.2,PATAGONIA COLLEGE,"-41,455219","-72,900177"
2026,"Colegio Patagonia Alerce Cordillera
Rama",22702,Lenguaje,598.8,COLEGIO PATAGONIA ALERCE CORDILLERA,"-41,413399","-72,907707"
2026,"Colegio Patagonia Alerce Cordillera
Rama",22702,M1,610.4,COLEGIO PATAGONIA ALERCE CORDILLERA,"-41,413399","-72,907707"
2026,"Colegio Patagonia Alerce Cordillera
Rama",22702,M2,423.8,COLEGIO PATAGONIA ALERCE CORDILLERA,"-41,413399","-72,907707"
2026,"Colegio Patagonia Alerce Cordillera
Rama",22702,Historia,493.2,COLEGIO PATAGONIA ALERCE CORDILLERA,"-41,413399","-72,907707"
2026,"Colegio Patagonia Alerce Cordillera
Rama",22702,Ciencias,452.3,COLEGIO PATAGONIA ALERCE CORDILLERA,"-41,413399","-72,907707"
2026,"Colegio Patagonia Alerce Cordillera
Rama",22702,Obligatoria,604.6,COLEGIO PATAGONIA ALERCE CORDILLERA,"-41,413399","-72,907707"
2026,"Colegio Gilgal
Rama",22707,Lenguaje,455.0,COLEGIO GILGAL,"-40,588112","-73,142174"
2026,"Colegio Gilgal
Rama",22707,M1,486.0,COLEGIO GILGAL,"-40,588112","-73,142174"
2026,"Colegio Gilgal
Rama",22707,M2,0.0,COLEGIO GILGAL,"-40,588112","-73,142174"
2026,"Colegio Gilgal
Rama",22707,Historia,0.0,COLEGIO GILGAL,"-40,588112","-73,142174"
2026,"Colegio Gilgal
Rama",22707,Ciencias,0.0,COLEGIO GILGAL,"-40,588112","-73,142174"
2026,"Colegio Gilgal
Rama",22707,Obligatoria,470.5,COLEGIO GILGAL,"-40,588112","-73,142174"
2026,"Garden College
Rama",22743,Lenguaje,516.8,GARDEN COLLEGE,"-40,299522","-73,075226"
2026,"Garden College
Rama",22743,M1,504.5,GARDEN COLLEGE,"-40,299522","-73,075226"
2026,"Garden College
Rama",22743,M2,310.0,GARDEN COLLEGE,"-40,299522","-73,075226"
2026,"Garden College
Rama",22743,Historia,465.8,GARDEN COLLEGE,"-40,299522","-73,075226"
2026,"Garden College
Rama",22743,Ciencias,382.0,GARDEN COLLEGE,"-40,299522","-73,075226"
2026,"Garden College
Rama",22743,Obligatoria,510.6,GARDEN COLLEGE,"-40,299522","-73,075226"
2026,"Liceo Bicentenario De Excelencia Agricola Tecnologi
Rama",22752,Lenguaje,545.0,LICEO BICENTENARIO DE EXCELENCIA AGRICOLA TECNOLOGICO WERNER GROB STOLZENBACH,"-40,310539","-73,002357"
2026,"Liceo Bicentenario De Excelencia Agricola Tecnologi
Rama",22752,M1,570.8,LICEO BICENTENARIO DE EXCELENCIA AGRICOLA TECNOLOGICO WERNER GROB STOLZENBACH,"-40,310539","-73,002357"
2026,"Liceo Bicentenario De Excelencia Agricola Tecnologi
Rama",22752,M2,364.8,LICEO BICENTENARIO DE EXCELENCIA AGRICOLA TECNOLOGICO WERNER GROB STOLZENBACH,"-40,310539","-73,002357"
2026,"Liceo Bicentenario De Excelencia Agricola Tecnologi
Rama",22752,Historia,429.9,LICEO BICENTENARIO DE EXCELENCIA AGRICOLA TECNOLOGICO WERNER GROB STOLZENBACH,"-40,310539","-73,002357"
2026,"Liceo Bicentenario De Excelencia Agricola Tecnologi
Rama",22752,Ciencias,404.3,LICEO BICENTENARIO DE EXCELENCIA AGRICOLA TECNOLOGICO WERNER GROB STOLZENBACH,"-40,310539","-73,002357"
2026,"Liceo Bicentenario De Excelencia Agricola Tecnologi
Rama",22752,Obligatoria,563.3,LICEO BICENTENARIO DE EXCELENCIA AGRICOLA TECNOLOGICO WERNER GROB STOLZENBACH,"-40,310539","-73,002357"
2026,"Liceo Bicentenario De Excelencia Agricola Tecnologi
Rama",22752,Lenguaje,515.1,LICEO BICENTENARIO DE EXCELENCIA AGRICOLA TECNOLOGICO WERNER GROB STOLZENBACH,"-40,310539","-73,002357"
2026,"Liceo Bicentenario De Excelencia Agricola Tecnologi
Rama",22752,M1,535.5,LICEO BICENTENARIO DE EXCELENCIA AGRICOLA TECNOLOGICO WERNER GROB STOLZENBACH,"-40,310539","-73,002357"
2026,"Liceo Bicentenario De Excelencia Agricola Tecnologi
Rama",22752,M2,377.3,LICEO BICENTENARIO DE EXCELENCIA AGRICOLA TECNOLOGICO WERNER GROB STOLZENBACH,"-40,310539","-73,002357"
2026,"Liceo Bicentenario De Excelencia Agricola Tecnologi
Rama",22752,Historia,414.9,LICEO BICENTENARIO DE EXCELENCIA AGRICOLA TECNOLOGICO WERNER GROB STOLZENBACH,"-40,310539","-73,002357"
2026,"Liceo Bicentenario De Excelencia Agricola Tecnologi
Rama",22752,Ciencias,390.6,LICEO BICENTENARIO DE EXCELENCIA AGRICOLA TECNOLOGICO WERNER GROB STOLZENBACH,"-40,310539","-73,002357"
2026,"Liceo Bicentenario De Excelencia Agricola Tecnologi
Rama",22752,Obligatoria,525.7,LICEO BICENTENARIO DE EXCELENCIA AGRICOLA TECNOLOGICO WERNER GROB STOLZENBACH,"-40,310539","-73,002357"
2026,"Liceo Tecnico Profesional De Rio Bueno
Rama",22755,Lenguaje,511.5,LICEO TECNICO PROFESIONAL DE RIO BUENO,"-40,341469","-72,94368"
2026,"Liceo Tecnico Profesional De Rio Bueno
Rama",22755,M1,499.0,LICEO TECNICO PROFESIONAL DE RIO BUENO,"-40,341469","-72,94368"
2026,"Liceo Tecnico Profesional De Rio Bueno
Rama",22755,M2,392.3,LICEO TECNICO PROFESIONAL DE RIO BUENO,"-40,341469","-72,94368"
2026,"Liceo Tecnico Profesional De Rio Bueno
Rama",22755,Historia,434.3,LICEO TECNICO PROFESIONAL DE RIO BUENO,"-40,341469","-72,94368"
2026,"Liceo Tecnico Profesional De Rio Bueno
Rama",22755,Ciencias,384.9,LICEO TECNICO PROFESIONAL DE RIO BUENO,"-40,341469","-72,94368"
2026,"Liceo Tecnico Profesional De Rio Bueno
Rama",22755,Obligatoria,506.1,LICEO TECNICO PROFESIONAL DE RIO BUENO,"-40,341469","-72,94368"
2026,"Liceo Tecnico Profesional De Rio Bueno
Rama",22755,Lenguaje,482.6,LICEO TECNICO PROFESIONAL DE RIO BUENO,"-40,341469","-72,94368"
2026,"Liceo Tecnico Profesional De Rio Bueno
Rama",22755,M1,517.6,LICEO TECNICO PROFESIONAL DE RIO BUENO,"-40,341469","-72,94368"
2026,"Liceo Tecnico Profesional De Rio Bueno
Rama",22755,M2,378.3,LICEO TECNICO PROFESIONAL DE RIO BUENO,"-40,341469","-72,94368"
2026,"Liceo Tecnico Profesional De Rio Bueno
Rama",22755,Historia,394.4,LICEO TECNICO PROFESIONAL DE RIO BUENO,"-40,341469","-72,94368"
2026,"Liceo Tecnico Profesional De Rio Bueno
Rama",22755,Ciencias,394.3,LICEO TECNICO PROFESIONAL DE RIO BUENO,"-40,341469","-72,94368"
2026,"Liceo Tecnico Profesional De Rio Bueno
Rama",22755,Obligatoria,495.6,LICEO TECNICO PROFESIONAL DE RIO BUENO,"-40,341469","-72,94368"
2026,"Liceo Tecnico Profesional De Rio Bueno
Rama",22755,Lenguaje,460.3,LICEO TECNICO PROFESIONAL DE RIO BUENO,"-40,341469","-72,94368"
2026,"Liceo Tecnico Profesional De Rio Bueno
Rama",22755,M1,467.0,LICEO TECNICO PROFESIONAL DE RIO BUENO,"-40,341469","-72,94368"
2026,"Liceo Tecnico Profesional De Rio Bueno
Rama",22755,M2,372.3,LICEO TECNICO PROFESIONAL DE RIO BUENO,"-40,341469","-72,94368"
2026,"Liceo Tecnico Profesional De Rio Bueno
Rama",22755,Historia,447.5,LICEO TECNICO PROFESIONAL DE RIO BUENO,"-40,341469","-72,94368"
2026,"Liceo Tecnico Profesional De Rio Bueno
Rama",22755,Ciencias,387.4,LICEO TECNICO PROFESIONAL DE RIO BUENO,"-40,341469","-72,94368"
2026,"Liceo Tecnico Profesional De Rio Bueno
Rama",22755,Obligatoria,463.7,LICEO TECNICO PROFESIONAL DE RIO BUENO,"-40,341469","-72,94368"
2026,"Liceo Tecnico Profesional De Rio Bueno
Rama",22755,Lenguaje,492.3,LICEO TECNICO PROFESIONAL DE RIO BUENO,"-40,341469","-72,94368"
2026,"Liceo Tecnico Profesional De Rio Bueno
Rama",22755,M1,486.7,LICEO TECNICO PROFESIONAL DE RIO BUENO,"-40,341469","-72,94368"
2026,"Liceo Tecnico Profesional De Rio Bueno
Rama",22755,M2,379.5,LICEO TECNICO PROFESIONAL DE RIO BUENO,"-40,341469","-72,94368"
2026,"Liceo Tecnico Profesional De Rio Bueno
Rama",22755,Historia,500.0,LICEO TECNICO PROFESIONAL DE RIO BUENO,"-40,341469","-72,94368"
2026,"Liceo Tecnico Profesional De Rio Bueno
Rama",22755,Ciencias,376.0,LICEO TECNICO PROFESIONAL DE RIO BUENO,"-40,341469","-72,94368"
2026,"Liceo Tecnico Profesional De Rio Bueno
Rama",22755,Obligatoria,489.5,LICEO TECNICO PROFESIONAL DE RIO BUENO,"-40,341469","-72,94368"
2026,"Liceo Bicentenario Complejo Educacional Ignao
Rama",22758,Lenguaje,483.7,LICEO BICENTENARIO COMPLEJO EDUCACIONAL IGNAO,"-40,334129","-72,556557"
2026,"Liceo Bicentenario Complejo Educacional Ignao
Rama",22758,M1,499.5,LICEO BICENTENARIO COMPLEJO EDUCACIONAL IGNAO,"-40,334129","-72,556557"
2026,"Liceo Bicentenario Complejo Educacional Ignao
Rama",22758,M2,366.6,LICEO BICENTENARIO COMPLEJO EDUCACIONAL IGNAO,"-40,334129","-72,556557"
2026,"Liceo Bicentenario Complejo Educacional Ignao
Rama",22758,Historia,411.8,LICEO BICENTENARIO COMPLEJO EDUCACIONAL IGNAO,"-40,334129","-72,556557"
2026,"Liceo Bicentenario Complejo Educacional Ignao
Rama",22758,Ciencias,372.5,LICEO BICENTENARIO COMPLEJO EDUCACIONAL IGNAO,"-40,334129","-72,556557"
2026,"Liceo Bicentenario Complejo Educacional Ignao
Rama",22758,Obligatoria,491.6,LICEO BICENTENARIO COMPLEJO EDUCACIONAL IGNAO,"-40,334129","-72,556557"
2026,"Master College
Rama",22759,Lenguaje,599.9,MASTER COLLEGE,"-39,803841","-73,218689"
2026,"Master College
Rama",22759,M1,634.5,MASTER COLLEGE,"-39,803841","-73,218689"
2026,"Master College
Rama",22759,M2,403.4,MASTER COLLEGE,"-39,803841","-73,218689"
2026,"Master College
Rama",22759,Historia,487.6,MASTER COLLEGE,"-39,803841","-73,218689"
2026,"Master College
Rama",22759,Ciencias,488.1,MASTER COLLEGE,"-39,803841","-73,218689"
2026,"Master College
Rama",22759,Obligatoria,620.3,MASTER COLLEGE,"-39,803841","-73,218689"
2026,"Liceo Mater Populi Dei
Rama",31002,Lenguaje,534.2,LICEO MATER POPULI DEI,"-39,53669","-72,961647"
2026,"Liceo Mater Populi Dei
Rama",31002,M1,580.0,LICEO MATER POPULI DEI,"-39,53669","-72,961647"
2026,"Liceo Mater Populi Dei
Rama",31002,M2,430.4,LICEO MATER POPULI DEI,"-39,53669","-72,961647"
2026,"Liceo Mater Populi Dei
Rama",31002,Historia,460.5,LICEO MATER POPULI DEI,"-39,53669","-72,961647"
2026,"Liceo Mater Populi Dei
Rama",31002,Ciencias,428.0,LICEO MATER POPULI DEI,"-39,53669","-72,961647"
2026,"Liceo Mater Populi Dei
Rama",31002,Obligatoria,551.7,LICEO MATER POPULI DEI,"-39,53669","-72,961647"
2026,Col,31005,Lenguaje,504.9,COL. EDUC VICTOR MANUEL GIOVANETTI ASTUDILLO,"-40,295139","-73,08606"
2026,Col,31005,M1,549.4,COL. EDUC VICTOR MANUEL GIOVANETTI ASTUDILLO,"-40,295139","-73,08606"
2026,Col,31005,M2,366.0,COL. EDUC VICTOR MANUEL GIOVANETTI ASTUDILLO,"-40,295139","-73,08606"
2026,Col,31005,Historia,429.2,COL. EDUC VICTOR MANUEL GIOVANETTI ASTUDILLO,"-40,295139","-73,08606"
2026,Col,31005,Ciencias,415.3,COL. EDUC VICTOR MANUEL GIOVANETTI ASTUDILLO,"-40,295139","-73,08606"
2026,Col,31005,Obligatoria,527.1,COL. EDUC VICTOR MANUEL GIOVANETTI ASTUDILLO,"-40,295139","-73,08606"
2026,"Liceo Bicentenario Ciudad De Los Rios Valdivi
Rama",31010,Lenguaje,626.1,LICEO BICENTENARIO CIUDAD DE LOS RIOS VALDIVI,"-39,830929","-73,234879"
2026,"Liceo Bicentenario Ciudad De Los Rios Valdivi
Rama",31010,M1,623.7,LICEO BICENTENARIO CIUDAD DE LOS RIOS VALDIVI,"-39,830929","-73,234879"
2026,"Liceo Bicentenario Ciudad De Los Rios Valdivi
Rama",31010,M2,435.3,LICEO BICENTENARIO CIUDAD DE LOS RIOS VALDIVI,"-39,830929","-73,234879"
2026,"Liceo Bicentenario Ciudad De Los Rios Valdivi
Rama",31010,Historia,496.0,LICEO BICENTENARIO CIUDAD DE LOS RIOS VALDIVI,"-39,830929","-73,234879"
2026,"Liceo Bicentenario Ciudad De Los Rios Valdivi
Rama",31010,Ciencias,452.6,LICEO BICENTENARIO CIUDAD DE LOS RIOS VALDIVI,"-39,830929","-73,234879"
2026,"Liceo Bicentenario Ciudad De Los Rios Valdivi
Rama",31010,Obligatoria,624.9,LICEO BICENTENARIO CIUDAD DE LOS RIOS VALDIVI,"-39,830929","-73,234879"
2026,"Instituto Bicentenario De Excelencia Chile Asia Pac
Rama",31012,Lenguaje,546.9,INSTITUTO BICENTENARIO DE EXCELENCIA CHILE ASIA PACIFICO,"-39,852329","-73,212273"
2026,"Instituto Bicentenario De Excelencia Chile Asia Pac
Rama",31012,M1,547.8,INSTITUTO BICENTENARIO DE EXCELENCIA CHILE ASIA PACIFICO,"-39,852329","-73,212273"
2026,"Instituto Bicentenario De Excelencia Chile Asia Pac
Rama",31012,M2,349.7,INSTITUTO BICENTENARIO DE EXCELENCIA CHILE ASIA PACIFICO,"-39,852329","-73,212273"
2026,"Instituto Bicentenario De Excelencia Chile Asia Pac
Rama",31012,Historia,458.2,INSTITUTO BICENTENARIO DE EXCELENCIA CHILE ASIA PACIFICO,"-39,852329","-73,212273"
2026,"Instituto Bicentenario De Excelencia Chile Asia Pac
Rama",31012,Ciencias,412.0,INSTITUTO BICENTENARIO DE EXCELENCIA CHILE ASIA PACIFICO,"-39,852329","-73,212273"
2026,"Instituto Bicentenario De Excelencia Chile Asia Pac
Rama",31012,Obligatoria,547.3,INSTITUTO BICENTENARIO DE EXCELENCIA CHILE ASIA PACIFICO,"-39,852329","-73,212273"
2026,"Liceo Tecnologico Coñaripe
Rama",40102,Lenguaje,457.0,LICEO TECNOLOGICO COÑARIPE,"-39,54985","-71,990387"
2026,"Liceo Tecnologico Coñaripe
Rama",40102,M1,571.5,LICEO TECNOLOGICO COÑARIPE,"-39,54985","-71,990387"
2026,"Liceo Tecnologico Coñaripe
Rama",40102,M2,396.0,LICEO TECNOLOGICO COÑARIPE,"-39,54985","-71,990387"
2026,"Liceo Tecnologico Coñaripe
Rama",40102,Historia,402.0,LICEO TECNOLOGICO COÑARIPE,"-39,54985","-71,990387"
2026,"Liceo Tecnologico Coñaripe
Rama",40102,Ciencias,410.0,LICEO TECNOLOGICO COÑARIPE,"-39,54985","-71,990387"
2026,"Liceo Tecnologico Coñaripe
Rama",40102,Obligatoria,511.7,LICEO TECNOLOGICO COÑARIPE,"-39,54985","-71,990387"
2026,"Liceo Tecnologico Coñaripe
Rama",40102,Lenguaje,480.9,LICEO TECNOLOGICO COÑARIPE,"-39,54985","-71,990387"
2026,"Liceo Tecnologico Coñaripe
Rama",40102,M1,523.3,LICEO TECNOLOGICO COÑARIPE,"-39,54985","-71,990387"
2026,"Liceo Tecnologico Coñaripe
Rama",40102,M2,445.5,LICEO TECNOLOGICO COÑARIPE,"-39,54985","-71,990387"
2026,"Liceo Tecnologico Coñaripe
Rama",40102,Historia,429.4,LICEO TECNOLOGICO COÑARIPE,"-39,54985","-71,990387"
2026,"Liceo Tecnologico Coñaripe
Rama",40102,Ciencias,456.5,LICEO TECNOLOGICO COÑARIPE,"-39,54985","-71,990387"
2026,"Liceo Tecnologico Coñaripe
Rama",40102,Obligatoria,512.1,LICEO TECNOLOGICO COÑARIPE,"-39,54985","-71,990387"
2026,"Colegio Tecnico Naciones Unidas
Rama",40256,Lenguaje,633.4,COLEGIO TECNICO NACIONES UNIDAS,"-41,4622","-72,923332"
2026,"Colegio Tecnico Naciones Unidas
Rama",40256,M1,607.3,COLEGIO TECNICO NACIONES UNIDAS,"-41,4622","-72,923332"
2026,"Colegio Tecnico Naciones Unidas
Rama",40256,M2,396.2,COLEGIO TECNICO NACIONES UNIDAS,"-41,4622","-72,923332"
2026,"Colegio Tecnico Naciones Unidas
Rama",40256,Historia,506.6,COLEGIO TECNICO NACIONES UNIDAS,"-41,4622","-72,923332"
2026,"Colegio Tecnico Naciones Unidas
Rama",40256,Ciencias,461.0,COLEGIO TECNICO NACIONES UNIDAS,"-41,4622","-72,923332"
2026,"Colegio Tecnico Naciones Unidas
Rama",40256,Obligatoria,620.4,COLEGIO TECNICO NACIONES UNIDAS,"-41,4622","-72,923332"
2026,"Colegio Tecnico Naciones Unidas
Rama",40256,Lenguaje,534.8,COLEGIO TECNICO NACIONES UNIDAS,"-41,4622","-72,923332"
2026,"Colegio Tecnico Naciones Unidas
Rama",40256,M1,553.8,COLEGIO TECNICO NACIONES UNIDAS,"-41,4622","-72,923332"
2026,"Colegio Tecnico Naciones Unidas
Rama",40256,M2,414.3,COLEGIO TECNICO NACIONES UNIDAS,"-41,4622","-72,923332"
2026,"Colegio Tecnico Naciones Unidas
Rama",40256,Historia,387.0,COLEGIO TECNICO NACIONES UNIDAS,"-41,4622","-72,923332"
2026,"Colegio Tecnico Naciones Unidas
Rama",40256,Ciencias,430.0,COLEGIO TECNICO NACIONES UNIDAS,"-41,4622","-72,923332"
2026,"Colegio Tecnico Naciones Unidas
Rama",40256,Obligatoria,548.5,COLEGIO TECNICO NACIONES UNIDAS,"-41,4622","-72,923332"
2026,"Colegio Tecnico Naciones Unidas
Rama",40256,Lenguaje,542.0,COLEGIO TECNICO NACIONES UNIDAS,"-41,4622","-72,923332"
2026,"Colegio Tecnico Naciones Unidas
Rama",40256,M1,520.2,COLEGIO TECNICO NACIONES UNIDAS,"-41,4622","-72,923332"
2026,"Colegio Tecnico Naciones Unidas
Rama",40256,M2,402.4,COLEGIO TECNICO NACIONES UNIDAS,"-41,4622","-72,923332"
2026,"Colegio Tecnico Naciones Unidas
Rama",40256,Historia,400.4,COLEGIO TECNICO NACIONES UNIDAS,"-41,4622","-72,923332"
2026,"Colegio Tecnico Naciones Unidas
Rama",40256,Ciencias,399.8,COLEGIO TECNICO NACIONES UNIDAS,"-41,4622","-72,923332"
2026,"Colegio Tecnico Naciones Unidas
Rama",40256,Obligatoria,531.5,COLEGIO TECNICO NACIONES UNIDAS,"-41,4622","-72,923332"
2026,"Colegio Andalue
Rama",40284,Lenguaje,610.1,COLEGIO ANDALUE,"-40,583839","-73,091087"
2026,"Colegio Andalue
Rama",40284,M1,620.3,COLEGIO ANDALUE,"-40,583839","-73,091087"
2026,"Colegio Andalue
Rama",40284,M2,405.1,COLEGIO ANDALUE,"-40,583839","-73,091087"
2026,"Colegio Andalue
Rama",40284,Historia,486.1,COLEGIO ANDALUE,"-40,583839","-73,091087"
2026,"Colegio Andalue
Rama",40284,Ciencias,470.5,COLEGIO ANDALUE,"-40,583839","-73,091087"
2026,"Colegio Andalue
Rama",40284,Obligatoria,615.2,COLEGIO ANDALUE,"-40,583839","-73,091087"
2026,"Colegio Particular Da Vinci School
Rama",40285,Lenguaje,641.5,COLEGIO PARTICULAR DA VINCI SCHOOL,"-41,446548","-72,914581"
2026,"Colegio Particular Da Vinci School
Rama",40285,M1,656.2,COLEGIO PARTICULAR DA VINCI SCHOOL,"-41,446548","-72,914581"
2026,"Colegio Particular Da Vinci School
Rama",40285,M2,452.0,COLEGIO PARTICULAR DA VINCI SCHOOL,"-41,446548","-72,914581"
2026,"Colegio Particular Da Vinci School
Rama",40285,Historia,525.8,COLEGIO PARTICULAR DA VINCI SCHOOL,"-41,446548","-72,914581"
2026,"Colegio Particular Da Vinci School
Rama",40285,Ciencias,519.4,COLEGIO PARTICULAR DA VINCI SCHOOL,"-41,446548","-72,914581"
2026,"Colegio Particular Da Vinci School
Rama",40285,Obligatoria,648.9,COLEGIO PARTICULAR DA VINCI SCHOOL,"-41,446548","-72,914581"
2026,"Colegio San Francisco De Asis De Osorno
Rama",40288,Lenguaje,489.5,COLEGIO SAN FRANCISCO DE ASIS DE OSORNO,"-40,560291","-73,172783"
2026,"Colegio San Francisco De Asis De Osorno
Rama",40288,M1,577.0,COLEGIO SAN FRANCISCO DE ASIS DE OSORNO,"-40,560291","-73,172783"
2026,"Colegio San Francisco De Asis De Osorno
Rama",40288,M2,330.0,COLEGIO SAN FRANCISCO DE ASIS DE OSORNO,"-40,560291","-73,172783"
2026,"Colegio San Francisco De Asis De Osorno
Rama",40288,Historia,0.0,COLEGIO SAN FRANCISCO DE ASIS DE OSORNO,"-40,560291","-73,172783"
2026,"Colegio San Francisco De Asis De Osorno
Rama",40288,Ciencias,416.0,COLEGIO SAN FRANCISCO DE ASIS DE OSORNO,"-40,560291","-73,172783"
2026,"Colegio San Francisco De Asis De Osorno
Rama",40288,Obligatoria,533.3,COLEGIO SAN FRANCISCO DE ASIS DE OSORNO,"-40,560291","-73,172783"
2026,"Liceo Politecnico De Quellon
Rama",40301,Lenguaje,538.9,LICEO POLITECNICO DE QUELLON,"-43,114399","-73,607002"
2026,"Liceo Politecnico De Quellon
Rama",40301,M1,570.8,LICEO POLITECNICO DE QUELLON,"-43,114399","-73,607002"
2026,"Liceo Politecnico De Quellon
Rama",40301,M2,373.8,LICEO POLITECNICO DE QUELLON,"-43,114399","-73,607002"
2026,"Liceo Politecnico De Quellon
Rama",40301,Historia,451.1,LICEO POLITECNICO DE QUELLON,"-43,114399","-73,607002"
2026,"Liceo Politecnico De Quellon
Rama",40301,Ciencias,392.3,LICEO POLITECNICO DE QUELLON,"-43,114399","-73,607002"
2026,"Liceo Politecnico De Quellon
Rama",40301,Obligatoria,554.9,LICEO POLITECNICO DE QUELLON,"-43,114399","-73,607002"
2026,"Liceo Politecnico De Quellon
Rama",40301,Lenguaje,438.5,LICEO POLITECNICO DE QUELLON,"-43,114399","-73,607002"
2026,"Liceo Politecnico De Quellon
Rama",40301,M1,455.5,LICEO POLITECNICO DE QUELLON,"-43,114399","-73,607002"
2026,"Liceo Politecnico De Quellon
Rama",40301,M2,0.0,LICEO POLITECNICO DE QUELLON,"-43,114399","-73,607002"
2026,"Liceo Politecnico De Quellon
Rama",40301,Historia,406.0,LICEO POLITECNICO DE QUELLON,"-43,114399","-73,607002"
2026,"Liceo Politecnico De Quellon
Rama",40301,Ciencias,358.0,LICEO POLITECNICO DE QUELLON,"-43,114399","-73,607002"
2026,"Liceo Politecnico De Quellon
Rama",40301,Obligatoria,447.0,LICEO POLITECNICO DE QUELLON,"-43,114399","-73,607002"
2026,"Liceo Politecnico De Quellon
Rama",40301,Lenguaje,558.4,LICEO POLITECNICO DE QUELLON,"-43,114399","-73,607002"
2026,"Liceo Politecnico De Quellon
Rama",40301,M1,548.9,LICEO POLITECNICO DE QUELLON,"-43,114399","-73,607002"
2026,"Liceo Politecnico De Quellon
Rama",40301,M2,386.6,LICEO POLITECNICO DE QUELLON,"-43,114399","-73,607002"
2026,"Liceo Politecnico De Quellon
Rama",40301,Historia,406.9,LICEO POLITECNICO DE QUELLON,"-43,114399","-73,607002"
2026,"Liceo Politecnico De Quellon
Rama",40301,Ciencias,410.1,LICEO POLITECNICO DE QUELLON,"-43,114399","-73,607002"
2026,"Liceo Politecnico De Quellon
Rama",40301,Obligatoria,553.7,LICEO POLITECNICO DE QUELLON,"-43,114399","-73,607002"
2026,"Comunidad De Accion Educativa Vinculos
Rama",40308,Lenguaje,499.0,COMUNIDAD DE ACCION EDUCATIVA VINCULOS,"-41,4572","-72,9488"
2026,"Comunidad De Accion Educativa Vinculos
Rama",40308,M1,401.5,COMUNIDAD DE ACCION EDUCATIVA VINCULOS,"-41,4572","-72,9488"
2026,"Comunidad De Accion Educativa Vinculos
Rama",40308,M2,417.5,COMUNIDAD DE ACCION EDUCATIVA VINCULOS,"-41,4572","-72,9488"
2026,"Comunidad De Accion Educativa Vinculos
Rama",40308,Historia,478.0,COMUNIDAD DE ACCION EDUCATIVA VINCULOS,"-41,4572","-72,9488"
2026,"Comunidad De Accion Educativa Vinculos
Rama",40308,Ciencias,374.8,COMUNIDAD DE ACCION EDUCATIVA VINCULOS,"-41,4572","-72,9488"
2026,"Comunidad De Accion Educativa Vinculos
Rama",40308,Obligatoria,430.1,COMUNIDAD DE ACCION EDUCATIVA VINCULOS,"-41,4572","-72,9488"
2026,"Colegio Pulmahue
Rama",40316,Lenguaje,557.2,COLEGIO PULMAHUE,"-41,449429","-72,902512"
2026,"Colegio Pulmahue
Rama",40316,M1,576.4,COLEGIO PULMAHUE,"-41,449429","-72,902512"
2026,"Colegio Pulmahue
Rama",40316,M2,413.1,COLEGIO PULMAHUE,"-41,449429","-72,902512"
2026,"Colegio Pulmahue
Rama",40316,Historia,460.2,COLEGIO PULMAHUE,"-41,449429","-72,902512"
2026,"Colegio Pulmahue
Rama",40316,Ciencias,426.4,COLEGIO PULMAHUE,"-41,449429","-72,902512"
2026,"Colegio Pulmahue
Rama",40316,Obligatoria,566.8,COLEGIO PULMAHUE,"-41,449429","-72,902512"
2026,"Colegio Creacion La Araucana Puerto Montt
Rama",40343,Lenguaje,616.2,COLEGIO CREACION LA ARAUCANA PUERTO MONTT,"-41,460129","-72,994057"
2026,"Colegio Creacion La Araucana Puerto Montt
Rama",40343,M1,646.6,COLEGIO CREACION LA ARAUCANA PUERTO MONTT,"-41,460129","-72,994057"
2026,"Colegio Creacion La Araucana Puerto Montt
Rama",40343,M2,470.0,COLEGIO CREACION LA ARAUCANA PUERTO MONTT,"-41,460129","-72,994057"
2026,"Colegio Creacion La Araucana Puerto Montt
Rama",40343,Historia,503.2,COLEGIO CREACION LA ARAUCANA PUERTO MONTT,"-41,460129","-72,994057"
2026,"Colegio Creacion La Araucana Puerto Montt
Rama",40343,Ciencias,457.1,COLEGIO CREACION LA ARAUCANA PUERTO MONTT,"-41,460129","-72,994057"
2026,"Colegio Creacion La Araucana Puerto Montt
Rama",40343,Obligatoria,631.5,COLEGIO CREACION LA ARAUCANA PUERTO MONTT,"-41,460129","-72,994057"
2026,"Colegio Bosquemar
Rama",40351,Lenguaje,613.2,COLEGIO BOSQUEMAR,"-41,486","-73,00029"
2026,"Colegio Bosquemar
Rama",40351,M1,611.7,COLEGIO BOSQUEMAR,"-41,486","-73,00029"
2026,"Colegio Bosquemar
Rama",40351,M2,415.4,COLEGIO BOSQUEMAR,"-41,486","-73,00029"
2026,"Colegio Bosquemar
Rama",40351,Historia,502.7,COLEGIO BOSQUEMAR,"-41,486","-73,00029"
2026,"Colegio Bosquemar
Rama",40351,Ciencias,461.3,COLEGIO BOSQUEMAR,"-41,486","-73,00029"
2026,"Colegio Bosquemar
Rama",40351,Obligatoria,612.4,COLEGIO BOSQUEMAR,"-41,486","-73,00029"
2026,"Escuela Hospitalaria Alianza
Rama",40390,Lenguaje,569.3,ESCUELA HOSPITALARIA ALIANZA,"-40,588424","-73,126425"
2026,"Escuela Hospitalaria Alianza
Rama",40390,M1,579.3,ESCUELA HOSPITALARIA ALIANZA,"-40,588424","-73,126425"
2026,"Escuela Hospitalaria Alianza
Rama",40390,M2,0.0,ESCUELA HOSPITALARIA ALIANZA,"-40,588424","-73,126425"
2026,"Escuela Hospitalaria Alianza
Rama",40390,Historia,463.0,ESCUELA HOSPITALARIA ALIANZA,"-40,588424","-73,126425"
2026,"Escuela Hospitalaria Alianza
Rama",40390,Ciencias,402.0,ESCUELA HOSPITALARIA ALIANZA,"-40,588424","-73,126425"
2026,"Escuela Hospitalaria Alianza
Rama",40390,Obligatoria,574.3,ESCUELA HOSPITALARIA ALIANZA,"-40,588424","-73,126425"
2026,"Colegio Madre Isabel Larrañaga
Rama",40406,Lenguaje,538.9,COLEGIO MADRE ISABEL LARRAÑAGA,"-41,46985","-72,94141"
2026,"Colegio Madre Isabel Larrañaga
Rama",40406,M1,539.8,COLEGIO MADRE ISABEL LARRAÑAGA,"-41,46985","-72,94141"
2026,"Colegio Madre Isabel Larrañaga
Rama",40406,M2,385.3,COLEGIO MADRE ISABEL LARRAÑAGA,"-41,46985","-72,94141"
2026,"Colegio Madre Isabel Larrañaga
Rama",40406,Historia,494.2,COLEGIO MADRE ISABEL LARRAÑAGA,"-41,46985","-72,94141"
2026,"Colegio Madre Isabel Larrañaga
Rama",40406,Ciencias,392.7,COLEGIO MADRE ISABEL LARRAÑAGA,"-41,46985","-72,94141"
2026,"Colegio Madre Isabel Larrañaga
Rama",40406,Obligatoria,542.1,COLEGIO MADRE ISABEL LARRAÑAGA,"-41,46985","-72,94141"
2026,"Centro De Educacion Integrada De Adultos Aek
Rama",40447,Lenguaje,440.0,CENTRO DE EDUCACION INTEGRADA DE ADULTOS AEK,"-41,76973","-73,13183"
2026,"Centro De Educacion Integrada De Adultos Aek
Rama",40447,M1,508.0,CENTRO DE EDUCACION INTEGRADA DE ADULTOS AEK,"-41,76973","-73,13183"
2026,"Centro De Educacion Integrada De Adultos Aek
Rama",40447,M2,0.0,CENTRO DE EDUCACION INTEGRADA DE ADULTOS AEK,"-41,76973","-73,13183"
2026,"Centro De Educacion Integrada De Adultos Aek
Rama",40447,Historia,270.0,CENTRO DE EDUCACION INTEGRADA DE ADULTOS AEK,"-41,76973","-73,13183"
2026,"Centro De Educacion Integrada De Adultos Aek
Rama",40447,Ciencias,363.0,CENTRO DE EDUCACION INTEGRADA DE ADULTOS AEK,"-41,76973","-73,13183"
2026,"Centro De Educacion Integrada De Adultos Aek
Rama",40447,Obligatoria,474.0,CENTRO DE EDUCACION INTEGRADA DE ADULTOS AEK,"-41,76973","-73,13183"
2026,"Liceo Tecnico Profesional Pablo Neruda
Rama",40457,Lenguaje,561.0,LICEO TECNICO PROFESIONAL PABLO NERUDA,"-42,4828","-73,773521"
2026,"Liceo Tecnico Profesional Pablo Neruda
Rama",40457,M1,652.5,LICEO TECNICO PROFESIONAL PABLO NERUDA,"-42,4828","-73,773521"
2026,"Liceo Tecnico Profesional Pablo Neruda
Rama",40457,M2,366.0,LICEO TECNICO PROFESIONAL PABLO NERUDA,"-42,4828","-73,773521"
2026,"Liceo Tecnico Profesional Pablo Neruda
Rama",40457,Historia,476.0,LICEO TECNICO PROFESIONAL PABLO NERUDA,"-42,4828","-73,773521"
2026,"Liceo Tecnico Profesional Pablo Neruda
Rama",40457,Ciencias,404.0,LICEO TECNICO PROFESIONAL PABLO NERUDA,"-42,4828","-73,773521"
2026,"Liceo Tecnico Profesional Pablo Neruda
Rama",40457,Obligatoria,606.8,LICEO TECNICO PROFESIONAL PABLO NERUDA,"-42,4828","-73,773521"
2026,"Liceo Tecnico Profesional Pablo Neruda
Rama",40457,Lenguaje,443.0,LICEO TECNICO PROFESIONAL PABLO NERUDA,"-42,4828","-73,773521"
2026,"Liceo Tecnico Profesional Pablo Neruda
Rama",40457,M1,493.3,LICEO TECNICO PROFESIONAL PABLO NERUDA,"-42,4828","-73,773521"
2026,"Liceo Tecnico Profesional Pablo Neruda
Rama",40457,M2,311.3,LICEO TECNICO PROFESIONAL PABLO NERUDA,"-42,4828","-73,773521"
2026,"Liceo Tecnico Profesional Pablo Neruda
Rama",40457,Historia,404.3,LICEO TECNICO PROFESIONAL PABLO NERUDA,"-42,4828","-73,773521"
2026,"Liceo Tecnico Profesional Pablo Neruda
Rama",40457,Ciencias,402.5,LICEO TECNICO PROFESIONAL PABLO NERUDA,"-42,4828","-73,773521"
2026,"Liceo Tecnico Profesional Pablo Neruda
Rama",40457,Obligatoria,468.1,LICEO TECNICO PROFESIONAL PABLO NERUDA,"-42,4828","-73,773521"
2026,"Colegio Patagonia Puerto Varas
Rama",41439,Lenguaje,654.9,COLEGIO PATAGONIA PUERTO VARAS,"-41,305518","-72,992808"
2026,"Colegio Patagonia Puerto Varas
Rama",41439,M1,707.9,COLEGIO PATAGONIA PUERTO VARAS,"-41,305518","-72,992808"
2026,"Colegio Patagonia Puerto Varas
Rama",41439,M2,459.6,COLEGIO PATAGONIA PUERTO VARAS,"-41,305518","-72,992808"
2026,"Colegio Patagonia Puerto Varas
Rama",41439,Historia,529.4,COLEGIO PATAGONIA PUERTO VARAS,"-41,305518","-72,992808"
2026,"Colegio Patagonia Puerto Varas
Rama",41439,Ciencias,540.5,COLEGIO PATAGONIA PUERTO VARAS,"-41,305518","-72,992808"
2026,"Colegio Patagonia Puerto Varas
Rama",41439,Obligatoria,681.4,COLEGIO PATAGONIA PUERTO VARAS,"-41,305518","-72,992808"
2026,"Centro Educacional Integrado De Adultos Latinoameri
Rama",41533,Lenguaje,500.0,CENTRO EDUCACIONAL INTEGRADO DE ADULTOS LATINOAMERICANO,"-40,3298","-72,22519"
2026,"Centro Educacional Integrado De Adultos Latinoameri
Rama",41533,M1,474.0,CENTRO EDUCACIONAL INTEGRADO DE ADULTOS LATINOAMERICANO,"-40,3298","-72,22519"
2026,"Centro Educacional Integrado De Adultos Latinoameri
Rama",41533,M2,0.0,CENTRO EDUCACIONAL INTEGRADO DE ADULTOS LATINOAMERICANO,"-40,3298","-72,22519"
2026,"Centro Educacional Integrado De Adultos Latinoameri
Rama",41533,Historia,348.0,CENTRO EDUCACIONAL INTEGRADO DE ADULTOS LATINOAMERICANO,"-40,3298","-72,22519"
2026,"Centro Educacional Integrado De Adultos Latinoameri
Rama",41533,Ciencias,0.0,CENTRO EDUCACIONAL INTEGRADO DE ADULTOS LATINOAMERICANO,"-40,3298","-72,22519"
2026,"Centro Educacional Integrado De Adultos Latinoameri
Rama",41533,Obligatoria,487.0,CENTRO EDUCACIONAL INTEGRADO DE ADULTOS LATINOAMERICANO,"-40,3298","-72,22519"
2026,"Colegio Comunitario Enlace
Rama",41712,Lenguaje,373.0,COLEGIO COMUNITARIO ENLACE,"-38,7908","-72,7235"
2026,"Colegio Comunitario Enlace
Rama",41712,M1,462.0,COLEGIO COMUNITARIO ENLACE,"-38,7908","-72,7235"
2026,"Colegio Comunitario Enlace
Rama",41712,M2,0.0,COLEGIO COMUNITARIO ENLACE,"-38,7908","-72,7235"
2026,"Colegio Comunitario Enlace
Rama",41712,Historia,406.0,COLEGIO COMUNITARIO ENLACE,"-38,7908","-72,7235"
2026,"Colegio Comunitario Enlace
Rama",41712,Ciencias,0.0,COLEGIO COMUNITARIO ENLACE,"-38,7908","-72,7235"
2026,"Colegio Comunitario Enlace
Rama",41712,Obligatoria,417.5,COLEGIO COMUNITARIO ENLACE,"-38,7908","-72,7235"
2026,"Colegio San Francisco De Asis De San Pablo
Rama",41872,Lenguaje,515.0,COLEGIO SAN FRANCISCO DE ASIS DE SAN PABLO,"-40,41544","-73,012321"
2026,"Colegio San Francisco De Asis De San Pablo
Rama",41872,M1,501.3,COLEGIO SAN FRANCISCO DE ASIS DE SAN PABLO,"-40,41544","-73,012321"
2026,"Colegio San Francisco De Asis De San Pablo
Rama",41872,M2,0.0,COLEGIO SAN FRANCISCO DE ASIS DE SAN PABLO,"-40,41544","-73,012321"
2026,"Colegio San Francisco De Asis De San Pablo
Rama",41872,Historia,397.5,COLEGIO SAN FRANCISCO DE ASIS DE SAN PABLO,"-40,41544","-73,012321"
2026,"Colegio San Francisco De Asis De San Pablo
Rama",41872,Ciencias,426.0,COLEGIO SAN FRANCISCO DE ASIS DE SAN PABLO,"-40,41544","-73,012321"
2026,"Colegio San Francisco De Asis De San Pablo
Rama",41872,Obligatoria,508.1,COLEGIO SAN FRANCISCO DE ASIS DE SAN PABLO,"-40,41544","-73,012321"
2026,"Escuela Hospitalaria Chiloe
Rama",41888,Lenguaje,699.0,ESCUELA HOSPITALARIA CHILOE,"-42,47706958","-73,76900624"
2026,"Escuela Hospitalaria Chiloe
Rama",41888,M1,793.0,ESCUELA HOSPITALARIA CHILOE,"-42,47706958","-73,76900624"
2026,"Escuela Hospitalaria Chiloe
Rama",41888,M2,0.0,ESCUELA HOSPITALARIA CHILOE,"-42,47706958","-73,76900624"
2026,"Escuela Hospitalaria Chiloe
Rama",41888,Historia,0.0,ESCUELA HOSPITALARIA CHILOE,"-42,47706958","-73,76900624"
2026,"Escuela Hospitalaria Chiloe
Rama",41888,Ciencias,504.0,ESCUELA HOSPITALARIA CHILOE,"-42,47706958","-73,76900624"
2026,"Escuela Hospitalaria Chiloe
Rama",41888,Obligatoria,746.0,ESCUELA HOSPITALARIA CHILOE,"-42,47706958","-73,76900624"
2026,"Instituto Aprender Alerce
Rama",42158,Lenguaje,484.2,INSTITUTO APRENDER ALERCE,"-41,393548","-72,92716"
2026,"Instituto Aprender Alerce
Rama",42158,M1,513.8,INSTITUTO APRENDER ALERCE,"-41,393548","-72,92716"
2026,"Instituto Aprender Alerce
Rama",42158,M2,409.0,INSTITUTO APRENDER ALERCE,"-41,393548","-72,92716"
2026,"Instituto Aprender Alerce
Rama",42158,Historia,406.0,INSTITUTO APRENDER ALERCE,"-41,393548","-72,92716"
2026,"Instituto Aprender Alerce
Rama",42158,Ciencias,352.0,INSTITUTO APRENDER ALERCE,"-41,393548","-72,92716"
2026,"Instituto Aprender Alerce
Rama",42158,Obligatoria,504.8,INSTITUTO APRENDER ALERCE,"-41,393548","-72,92716"
2026,"Ceia Inapewma Puerto Montt
Rama",42339,Lenguaje,699.0,CEIA INAPEWMA PUERTO MONTT,"-41,480461","-73,004313"
2026,"Ceia Inapewma Puerto Montt
Rama",42339,M1,609.0,CEIA INAPEWMA PUERTO MONTT,"-41,480461","-73,004313"
2026,"Ceia Inapewma Puerto Montt
Rama",42339,M2,438.0,CEIA INAPEWMA PUERTO MONTT,"-41,480461","-73,004313"
2026,"Ceia Inapewma Puerto Montt
Rama",42339,Historia,607.0,CEIA INAPEWMA PUERTO MONTT,"-41,480461","-73,004313"
2026,"Ceia Inapewma Puerto Montt
Rama",42339,Ciencias,0.0,CEIA INAPEWMA PUERTO MONTT,"-41,480461","-73,004313"
2026,"Ceia Inapewma Puerto Montt
Rama",42339,Obligatoria,654.0,CEIA INAPEWMA PUERTO MONTT,"-41,480461","-73,004313"
2026,"Instituto Comercial De Valdivia
Rama",6751,Lenguaje,557.5,INSTITUTO COMERCIAL DE VALDIVIA,"-39,817619","-73,246964"
2026,"Instituto Comercial De Valdivia
Rama",6751,M1,573.5,INSTITUTO COMERCIAL DE VALDIVIA,"-39,817619","-73,246964"
2026,"Instituto Comercial De Valdivia
Rama",6751,M2,393.6,INSTITUTO COMERCIAL DE VALDIVIA,"-39,817619","-73,246964"
2026,"Instituto Comercial De Valdivia
Rama",6751,Historia,466.8,INSTITUTO COMERCIAL DE VALDIVIA,"-39,817619","-73,246964"
2026,"Instituto Comercial De Valdivia
Rama",6751,Ciencias,405.2,INSTITUTO COMERCIAL DE VALDIVIA,"-39,817619","-73,246964"
2026,"Instituto Comercial De Valdivia
Rama",6751,Obligatoria,566.6,INSTITUTO COMERCIAL DE VALDIVIA,"-39,817619","-73,246964"
2026,"Instituto Comercial De Valdivia
Rama",6751,Lenguaje,581.2,INSTITUTO COMERCIAL DE VALDIVIA,"-39,817619","-73,246964"
2026,"Instituto Comercial De Valdivia
Rama",6751,M1,606.2,INSTITUTO COMERCIAL DE VALDIVIA,"-39,817619","-73,246964"
2026,"Instituto Comercial De Valdivia
Rama",6751,M2,413.6,INSTITUTO COMERCIAL DE VALDIVIA,"-39,817619","-73,246964"
2026,"Instituto Comercial De Valdivia
Rama",6751,Historia,459.4,INSTITUTO COMERCIAL DE VALDIVIA,"-39,817619","-73,246964"
2026,"Instituto Comercial De Valdivia
Rama",6751,Ciencias,413.9,INSTITUTO COMERCIAL DE VALDIVIA,"-39,817619","-73,246964"
2026,"Instituto Comercial De Valdivia
Rama",6751,Obligatoria,592.7,INSTITUTO COMERCIAL DE VALDIVIA,"-39,817619","-73,246964"
2026,"Liceo Tecnico Valdivia
Rama",6752,Lenguaje,524.3,LICEO TECNICO VALDIVIA,"-39,82925","-73,221237"
2026,"Liceo Tecnico Valdivia
Rama",6752,M1,518.1,LICEO TECNICO VALDIVIA,"-39,82925","-73,221237"
2026,"Liceo Tecnico Valdivia
Rama",6752,M2,389.7,LICEO TECNICO VALDIVIA,"-39,82925","-73,221237"
2026,"Liceo Tecnico Valdivia
Rama",6752,Historia,419.3,LICEO TECNICO VALDIVIA,"-39,82925","-73,221237"
2026,"Liceo Tecnico Valdivia
Rama",6752,Ciencias,403.4,LICEO TECNICO VALDIVIA,"-39,82925","-73,221237"
2026,"Liceo Tecnico Valdivia
Rama",6752,Obligatoria,522.8,LICEO TECNICO VALDIVIA,"-39,82925","-73,221237"
2026,"Liceo Santa Maria La Blanca
Rama",6753,Lenguaje,582.9,LICEO SANTA MARIA LA BLANCA,"-39,81601","-73,240768"
2026,"Liceo Santa Maria La Blanca
Rama",6753,M1,588.3,LICEO SANTA MARIA LA BLANCA,"-39,81601","-73,240768"
2026,"Liceo Santa Maria La Blanca
Rama",6753,M2,396.8,LICEO SANTA MARIA LA BLANCA,"-39,81601","-73,240768"
2026,"Liceo Santa Maria La Blanca
Rama",6753,Historia,463.7,LICEO SANTA MARIA LA BLANCA,"-39,81601","-73,240768"
2026,"Liceo Santa Maria La Blanca
Rama",6753,Ciencias,431.5,LICEO SANTA MARIA LA BLANCA,"-39,81601","-73,240768"
2026,"Liceo Santa Maria La Blanca
Rama",6753,Obligatoria,587.3,LICEO SANTA MARIA LA BLANCA,"-39,81601","-73,240768"
2026,"Liceo Armando Robles Rivera
Rama",6754,Lenguaje,589.0,LICEO ARMANDO ROBLES RIVERA,"-39,81567","-73,242622"
2026,"Liceo Armando Robles Rivera
Rama",6754,M1,590.9,LICEO ARMANDO ROBLES RIVERA,"-39,81567","-73,242622"
2026,"Liceo Armando Robles Rivera
Rama",6754,M2,416.0,LICEO ARMANDO ROBLES RIVERA,"-39,81567","-73,242622"
2026,"Liceo Armando Robles Rivera
Rama",6754,Historia,499.5,LICEO ARMANDO ROBLES RIVERA,"-39,81567","-73,242622"
2026,"Liceo Armando Robles Rivera
Rama",6754,Ciencias,440.3,LICEO ARMANDO ROBLES RIVERA,"-39,81567","-73,242622"
2026,"Liceo Armando Robles Rivera
Rama",6754,Obligatoria,591.7,LICEO ARMANDO ROBLES RIVERA,"-39,81567","-73,242622"
2026,"Liceo Industrial Valdivia
Rama",6755,Lenguaje,512.1,LICEO INDUSTRIAL VALDIVIA,"-39,831871","-73,220757"
2026,"Liceo Industrial Valdivia
Rama",6755,M1,580.2,LICEO INDUSTRIAL VALDIVIA,"-39,831871","-73,220757"
2026,"Liceo Industrial Valdivia
Rama",6755,M2,389.0,LICEO INDUSTRIAL VALDIVIA,"-39,831871","-73,220757"
2026,"Liceo Industrial Valdivia
Rama",6755,Historia,428.0,LICEO INDUSTRIAL VALDIVIA,"-39,831871","-73,220757"
2026,"Liceo Industrial Valdivia
Rama",6755,Ciencias,385.0,LICEO INDUSTRIAL VALDIVIA,"-39,831871","-73,220757"
2026,"Liceo Industrial Valdivia
Rama",6755,Obligatoria,548.3,LICEO INDUSTRIAL VALDIVIA,"-39,831871","-73,220757"
2026,"Instituto De Recursos Renovables Y Tecnología Los R
Rama",6757,Lenguaje,594.0,INSTITUTO DE RECURSOS RENOVABLES Y TECNOLOGÍA LOS RÍOS,"-39,826889","-73,206703"
2026,"Instituto De Recursos Renovables Y Tecnología Los R
Rama",6757,M1,591.5,INSTITUTO DE RECURSOS RENOVABLES Y TECNOLOGÍA LOS RÍOS,"-39,826889","-73,206703"
2026,"Instituto De Recursos Renovables Y Tecnología Los R
Rama",6757,M2,409.0,INSTITUTO DE RECURSOS RENOVABLES Y TECNOLOGÍA LOS RÍOS,"-39,826889","-73,206703"
2026,"Instituto De Recursos Renovables Y Tecnología Los R
Rama",6757,Historia,482.5,INSTITUTO DE RECURSOS RENOVABLES Y TECNOLOGÍA LOS RÍOS,"-39,826889","-73,206703"
2026,"Instituto De Recursos Renovables Y Tecnología Los R
Rama",6757,Ciencias,385.0,INSTITUTO DE RECURSOS RENOVABLES Y TECNOLOGÍA LOS RÍOS,"-39,826889","-73,206703"
2026,"Instituto De Recursos Renovables Y Tecnología Los R
Rama",6757,Obligatoria,592.8,INSTITUTO DE RECURSOS RENOVABLES Y TECNOLOGÍA LOS RÍOS,"-39,826889","-73,206703"
2026,"Instituto De Recursos Renovables Y Tecnología Los R
Rama",6757,Lenguaje,497.5,INSTITUTO DE RECURSOS RENOVABLES Y TECNOLOGÍA LOS RÍOS,"-39,826889","-73,206703"
2026,"Instituto De Recursos Renovables Y Tecnología Los R
Rama",6757,M1,523.5,INSTITUTO DE RECURSOS RENOVABLES Y TECNOLOGÍA LOS RÍOS,"-39,826889","-73,206703"
2026,"Instituto De Recursos Renovables Y Tecnología Los R
Rama",6757,M2,366.0,INSTITUTO DE RECURSOS RENOVABLES Y TECNOLOGÍA LOS RÍOS,"-39,826889","-73,206703"
2026,"Instituto De Recursos Renovables Y Tecnología Los R
Rama",6757,Historia,387.0,INSTITUTO DE RECURSOS RENOVABLES Y TECNOLOGÍA LOS RÍOS,"-39,826889","-73,206703"
2026,"Instituto De Recursos Renovables Y Tecnología Los R
Rama",6757,Ciencias,394.0,INSTITUTO DE RECURSOS RENOVABLES Y TECNOLOGÍA LOS RÍOS,"-39,826889","-73,206703"
2026,"Instituto De Recursos Renovables Y Tecnología Los R
Rama",6757,Obligatoria,510.5,INSTITUTO DE RECURSOS RENOVABLES Y TECNOLOGÍA LOS RÍOS,"-39,826889","-73,206703"
2026,"Colegio Teniente Hernan Merino Correa
Rama",6766,Lenguaje,561.6,COLEGIO TENIENTE HERNAN MERINO CORREA,"-39,83773","-73,215477"
2026,"Colegio Teniente Hernan Merino Correa
Rama",6766,M1,550.1,COLEGIO TENIENTE HERNAN MERINO CORREA,"-39,83773","-73,215477"
2026,"Colegio Teniente Hernan Merino Correa
Rama",6766,M2,372.1,COLEGIO TENIENTE HERNAN MERINO CORREA,"-39,83773","-73,215477"
2026,"Colegio Teniente Hernan Merino Correa
Rama",6766,Historia,463.4,COLEGIO TENIENTE HERNAN MERINO CORREA,"-39,83773","-73,215477"
2026,"Colegio Teniente Hernan Merino Correa
Rama",6766,Ciencias,405.1,COLEGIO TENIENTE HERNAN MERINO CORREA,"-39,83773","-73,215477"
2026,"Colegio Teniente Hernan Merino Correa
Rama",6766,Obligatoria,555.8,COLEGIO TENIENTE HERNAN MERINO CORREA,"-39,83773","-73,215477"
2026,"Colegio Bicentenario De Musica Juan Sebastian Bach
Rama",6770,Lenguaje,662.6,COLEGIO BICENTENARIO DE MUSICA JUAN SEBASTIAN BACH,"-39,83084488","-73,22172546"
2026,"Colegio Bicentenario De Musica Juan Sebastian Bach
Rama",6770,M1,668.3,COLEGIO BICENTENARIO DE MUSICA JUAN SEBASTIAN BACH,"-39,83084488","-73,22172546"
2026,"Colegio Bicentenario De Musica Juan Sebastian Bach
Rama",6770,M2,443.4,COLEGIO BICENTENARIO DE MUSICA JUAN SEBASTIAN BACH,"-39,83084488","-73,22172546"
2026,"Colegio Bicentenario De Musica Juan Sebastian Bach
Rama",6770,Historia,528.2,COLEGIO BICENTENARIO DE MUSICA JUAN SEBASTIAN BACH,"-39,83084488","-73,22172546"
2026,"Colegio Bicentenario De Musica Juan Sebastian Bach
Rama",6770,Ciencias,482.4,COLEGIO BICENTENARIO DE MUSICA JUAN SEBASTIAN BACH,"-39,83084488","-73,22172546"
2026,"Colegio Bicentenario De Musica Juan Sebastian Bach
Rama",6770,Obligatoria,666.7,COLEGIO BICENTENARIO DE MUSICA JUAN SEBASTIAN BACH,"-39,83084488","-73,22172546"
2026,C,6772,Lenguaje,463.6,C.E.I.A. NARCISO GARCIA BARRIA,"-41,46338272","-72,93325043"
2026,C,6772,M1,508.3,C.E.I.A. NARCISO GARCIA BARRIA,"-41,46338272","-72,93325043"
2026,C,6772,M2,402.5,C.E.I.A. NARCISO GARCIA BARRIA,"-41,46338272","-72,93325043"
2026,C,6772,Historia,412.4,C.E.I.A. NARCISO GARCIA BARRIA,"-41,46338272","-72,93325043"
2026,C,6772,Ciencias,372.6,C.E.I.A. NARCISO GARCIA BARRIA,"-41,46338272","-72,93325043"
2026,C,6772,Obligatoria,486.0,C.E.I.A. NARCISO GARCIA BARRIA,"-41,46338272","-72,93325043"
2026,Centro Educ,6787,Lenguaje,502.6,CENTRO EDUC.ADULTOS LUIS MOLL BRIONES,"-39,83191299","-73,22041321"
2026,Centro Educ,6787,M1,521.4,CENTRO EDUC.ADULTOS LUIS MOLL BRIONES,"-39,83191299","-73,22041321"
2026,Centro Educ,6787,M2,487.5,CENTRO EDUC.ADULTOS LUIS MOLL BRIONES,"-39,83191299","-73,22041321"
2026,Centro Educ,6787,Historia,416.6,CENTRO EDUC.ADULTOS LUIS MOLL BRIONES,"-39,83191299","-73,22041321"
2026,Centro Educ,6787,Ciencias,382.2,CENTRO EDUC.ADULTOS LUIS MOLL BRIONES,"-39,83191299","-73,22041321"
2026,Centro Educ,6787,Obligatoria,512.0,CENTRO EDUC.ADULTOS LUIS MOLL BRIONES,"-39,83191299","-73,22041321"
2026,"Escuela De Niebla Juan Bosch
Rama",6791,Lenguaje,455.0,ESCUELA DE NIEBLA JUAN BOSCH,"-39,873058","-73,398987"
2026,"Escuela De Niebla Juan Bosch
Rama",6791,M1,609.0,ESCUELA DE NIEBLA JUAN BOSCH,"-39,873058","-73,398987"
2026,"Escuela De Niebla Juan Bosch
Rama",6791,M2,382.0,ESCUELA DE NIEBLA JUAN BOSCH,"-39,873058","-73,398987"
2026,"Escuela De Niebla Juan Bosch
Rama",6791,Historia,0.0,ESCUELA DE NIEBLA JUAN BOSCH,"-39,873058","-73,398987"
2026,"Escuela De Niebla Juan Bosch
Rama",6791,Ciencias,409.0,ESCUELA DE NIEBLA JUAN BOSCH,"-39,873058","-73,398987"
2026,"Escuela De Niebla Juan Bosch
Rama",6791,Obligatoria,532.0,ESCUELA DE NIEBLA JUAN BOSCH,"-39,873058","-73,398987"
2026,"Colegio Santa Marta De Valdivia
Rama",6826,Lenguaje,614.9,COLEGIO SANTA MARTA DE VALDIVIA,"-39,828289","-73,210098"
2026,"Colegio Santa Marta De Valdivia
Rama",6826,M1,616.1,COLEGIO SANTA MARTA DE VALDIVIA,"-39,828289","-73,210098"
2026,"Colegio Santa Marta De Valdivia
Rama",6826,M2,415.3,COLEGIO SANTA MARTA DE VALDIVIA,"-39,828289","-73,210098"
2026,"Colegio Santa Marta De Valdivia
Rama",6826,Historia,516.2,COLEGIO SANTA MARTA DE VALDIVIA,"-39,828289","-73,210098"
2026,"Colegio Santa Marta De Valdivia
Rama",6826,Ciencias,449.8,COLEGIO SANTA MARTA DE VALDIVIA,"-39,828289","-73,210098"
2026,"Colegio Santa Marta De Valdivia
Rama",6826,Obligatoria,617.2,COLEGIO SANTA MARTA DE VALDIVIA,"-39,828289","-73,210098"
2026,"Colegio Austral
Rama",6828,Lenguaje,626.6,COLEGIO AUSTRAL,"-39,82061","-73,241203"
2026,"Colegio Austral
Rama",6828,M1,645.6,COLEGIO AUSTRAL,"-39,82061","-73,241203"
2026,"Colegio Austral
Rama",6828,M2,374.2,COLEGIO AUSTRAL,"-39,82061","-73,241203"
2026,"Colegio Austral
Rama",6828,Historia,544.1,COLEGIO AUSTRAL,"-39,82061","-73,241203"
2026,"Colegio Austral
Rama",6828,Ciencias,464.2,COLEGIO AUSTRAL,"-39,82061","-73,241203"
2026,"Colegio Austral
Rama",6828,Obligatoria,636.1,COLEGIO AUSTRAL,"-39,82061","-73,241203"
2026,"Instituto Salesiano
Rama",6829,Lenguaje,649.3,INSTITUTO SALESIANO,"-39,814991","-73,237907"
2026,"Instituto Salesiano
Rama",6829,M1,717.5,INSTITUTO SALESIANO,"-39,814991","-73,237907"
2026,"Instituto Salesiano
Rama",6829,M2,451.7,INSTITUTO SALESIANO,"-39,814991","-73,237907"
2026,"Instituto Salesiano
Rama",6829,Historia,558.2,INSTITUTO SALESIANO,"-39,814991","-73,237907"
2026,"Instituto Salesiano
Rama",6829,Ciencias,511.6,INSTITUTO SALESIANO,"-39,814991","-73,237907"
2026,"Instituto Salesiano
Rama",6829,Obligatoria,683.4,INSTITUTO SALESIANO,"-39,814991","-73,237907"
2026,"Colegio Nuestra Senora Del Carmen
Rama",6830,Lenguaje,611.0,COLEGIO NUESTRA SENORA DEL CARMEN,"-39,82616","-73,230186"
2026,"Colegio Nuestra Senora Del Carmen
Rama",6830,M1,580.5,COLEGIO NUESTRA SENORA DEL CARMEN,"-39,82616","-73,230186"
2026,"Colegio Nuestra Senora Del Carmen
Rama",6830,M2,415.3,COLEGIO NUESTRA SENORA DEL CARMEN,"-39,82616","-73,230186"
2026,"Colegio Nuestra Senora Del Carmen
Rama",6830,Historia,505.4,COLEGIO NUESTRA SENORA DEL CARMEN,"-39,82616","-73,230186"
2026,"Colegio Nuestra Senora Del Carmen
Rama",6830,Ciencias,446.5,COLEGIO NUESTRA SENORA DEL CARMEN,"-39,82616","-73,230186"
2026,"Colegio Nuestra Senora Del Carmen
Rama",6830,Obligatoria,596.8,COLEGIO NUESTRA SENORA DEL CARMEN,"-39,82616","-73,230186"
2026,"Colegio Maria Auxiliadora
Rama",6832,Lenguaje,652.9,COLEGIO MARIA AUXILIADORA,"-39,817131","-73,233849"
2026,"Colegio Maria Auxiliadora
Rama",6832,M1,647.3,COLEGIO MARIA AUXILIADORA,"-39,817131","-73,233849"
2026,"Colegio Maria Auxiliadora
Rama",6832,M2,396.2,COLEGIO MARIA AUXILIADORA,"-39,817131","-73,233849"
2026,"Colegio Maria Auxiliadora
Rama",6832,Historia,543.7,COLEGIO MARIA AUXILIADORA,"-39,817131","-73,233849"
2026,"Colegio Maria Auxiliadora
Rama",6832,Ciencias,491.0,COLEGIO MARIA AUXILIADORA,"-39,817131","-73,233849"
2026,"Colegio Maria Auxiliadora
Rama",6832,Obligatoria,650.1,COLEGIO MARIA AUXILIADORA,"-39,817131","-73,233849"
2026,"Colegio Metodista La Trinidad
Rama",6834,Lenguaje,594.8,COLEGIO METODISTA LA TRINIDAD,"-39,828259","-73,205551"
2026,"Colegio Metodista La Trinidad
Rama",6834,M1,579.4,COLEGIO METODISTA LA TRINIDAD,"-39,828259","-73,205551"
2026,"Colegio Metodista La Trinidad
Rama",6834,M2,366.0,COLEGIO METODISTA LA TRINIDAD,"-39,828259","-73,205551"
2026,"Colegio Metodista La Trinidad
Rama",6834,Historia,695.0,COLEGIO METODISTA LA TRINIDAD,"-39,828259","-73,205551"
2026,"Colegio Metodista La Trinidad
Rama",6834,Ciencias,458.3,COLEGIO METODISTA LA TRINIDAD,"-39,828259","-73,205551"
2026,"Colegio Metodista La Trinidad
Rama",6834,Obligatoria,587.1,COLEGIO METODISTA LA TRINIDAD,"-39,828259","-73,205551"
2026,"Colegio Adventista De Valdivia
Rama",6835,Lenguaje,603.4,COLEGIO ADVENTISTA DE VALDIVIA,"-39,830872","-73,221642"
2026,"Colegio Adventista De Valdivia
Rama",6835,M1,619.9,COLEGIO ADVENTISTA DE VALDIVIA,"-39,830872","-73,221642"
2026,"Colegio Adventista De Valdivia
Rama",6835,M2,411.6,COLEGIO ADVENTISTA DE VALDIVIA,"-39,830872","-73,221642"
2026,"Colegio Adventista De Valdivia
Rama",6835,Historia,482.9,COLEGIO ADVENTISTA DE VALDIVIA,"-39,830872","-73,221642"
2026,"Colegio Adventista De Valdivia
Rama",6835,Ciencias,483.4,COLEGIO ADVENTISTA DE VALDIVIA,"-39,830872","-73,221642"
2026,"Colegio Adventista De Valdivia
Rama",6835,Obligatoria,613.7,COLEGIO ADVENTISTA DE VALDIVIA,"-39,830872","-73,221642"
2026,"Colegio Alonso De Ercilla
Rama",6836,Lenguaje,627.0,COLEGIO ALONSO DE ERCILLA,"-39,819752","-73,248978"
2026,"Colegio Alonso De Ercilla
Rama",6836,M1,652.9,COLEGIO ALONSO DE ERCILLA,"-39,819752","-73,248978"
2026,"Colegio Alonso De Ercilla
Rama",6836,M2,460.4,COLEGIO ALONSO DE ERCILLA,"-39,819752","-73,248978"
2026,"Colegio Alonso De Ercilla
Rama",6836,Historia,538.8,COLEGIO ALONSO DE ERCILLA,"-39,819752","-73,248978"
2026,"Colegio Alonso De Ercilla
Rama",6836,Ciencias,486.5,COLEGIO ALONSO DE ERCILLA,"-39,819752","-73,248978"
2026,"Colegio Alonso De Ercilla
Rama",6836,Obligatoria,642.0,COLEGIO ALONSO DE ERCILLA,"-39,819752","-73,248978"
2026,"Colegio Windsor School
Rama",6843,Lenguaje,729.9,COLEGIO WINDSOR SCHOOL,"-39,833375","-73,24143"
2026,"Colegio Windsor School
Rama",6843,M1,805.3,COLEGIO WINDSOR SCHOOL,"-39,833375","-73,24143"
2026,"Colegio Windsor School
Rama",6843,M2,584.4,COLEGIO WINDSOR SCHOOL,"-39,833375","-73,24143"
2026,"Colegio Windsor School
Rama",6843,Historia,610.7,COLEGIO WINDSOR SCHOOL,"-39,833375","-73,24143"
2026,"Colegio Windsor School
Rama",6843,Ciencias,639.7,COLEGIO WINDSOR SCHOOL,"-39,833375","-73,24143"
2026,"Colegio Windsor School
Rama",6843,Obligatoria,767.6,COLEGIO WINDSOR SCHOOL,"-39,833375","-73,24143"
2026,"Instituto Aleman Carlos Anwandter
Rama",6844,Lenguaje,724.7,INSTITUTO ALEMAN CARLOS ANWANDTER,"-39,811772","-73,25277"
2026,"Instituto Aleman Carlos Anwandter
Rama",6844,M1,816.5,INSTITUTO ALEMAN CARLOS ANWANDTER,"-39,811772","-73,25277"
2026,"Instituto Aleman Carlos Anwandter
Rama",6844,M2,513.4,INSTITUTO ALEMAN CARLOS ANWANDTER,"-39,811772","-73,25277"
2026,"Instituto Aleman Carlos Anwandter
Rama",6844,Historia,578.4,INSTITUTO ALEMAN CARLOS ANWANDTER,"-39,811772","-73,25277"
2026,"Instituto Aleman Carlos Anwandter
Rama",6844,Ciencias,612.2,INSTITUTO ALEMAN CARLOS ANWANDTER,"-39,811772","-73,25277"
2026,"Instituto Aleman Carlos Anwandter
Rama",6844,Obligatoria,770.2,INSTITUTO ALEMAN CARLOS ANWANDTER,"-39,811772","-73,25277"
2026,"Liceo San Luis De Alba
Rama",6846,Lenguaje,603.8,LICEO SAN LUIS DE ALBA,"-39,537159","-72,958687"
2026,"Liceo San Luis De Alba
Rama",6846,M1,568.9,LICEO SAN LUIS DE ALBA,"-39,537159","-72,958687"
2026,"Liceo San Luis De Alba
Rama",6846,M2,359.0,LICEO SAN LUIS DE ALBA,"-39,537159","-72,958687"
2026,"Liceo San Luis De Alba
Rama",6846,Historia,452.7,LICEO SAN LUIS DE ALBA,"-39,537159","-72,958687"
2026,"Liceo San Luis De Alba
Rama",6846,Ciencias,427.1,LICEO SAN LUIS DE ALBA,"-39,537159","-72,958687"
2026,"Liceo San Luis De Alba
Rama",6846,Obligatoria,586.4,LICEO SAN LUIS DE ALBA,"-39,537159","-72,958687"
2026,"Liceo San Luis De Alba
Rama",6846,Lenguaje,466.8,LICEO SAN LUIS DE ALBA,"-39,537159","-72,958687"
2026,"Liceo San Luis De Alba
Rama",6846,M1,479.3,LICEO SAN LUIS DE ALBA,"-39,537159","-72,958687"
2026,"Liceo San Luis De Alba
Rama",6846,M2,350.0,LICEO SAN LUIS DE ALBA,"-39,537159","-72,958687"
2026,"Liceo San Luis De Alba
Rama",6846,Historia,408.7,LICEO SAN LUIS DE ALBA,"-39,537159","-72,958687"
2026,"Liceo San Luis De Alba
Rama",6846,Ciencias,378.9,LICEO SAN LUIS DE ALBA,"-39,537159","-72,958687"
2026,"Liceo San Luis De Alba
Rama",6846,Obligatoria,473.8,LICEO SAN LUIS DE ALBA,"-39,537159","-72,958687"
2026,"Liceo San Luis De Alba
Rama",6846,Lenguaje,452.5,LICEO SAN LUIS DE ALBA,"-39,537159","-72,958687"
2026,"Liceo San Luis De Alba
Rama",6846,M1,486.3,LICEO SAN LUIS DE ALBA,"-39,537159","-72,958687"
2026,"Liceo San Luis De Alba
Rama",6846,M2,366.0,LICEO SAN LUIS DE ALBA,"-39,537159","-72,958687"
2026,"Liceo San Luis De Alba
Rama",6846,Historia,360.0,LICEO SAN LUIS DE ALBA,"-39,537159","-72,958687"
2026,"Liceo San Luis De Alba
Rama",6846,Ciencias,0.0,LICEO SAN LUIS DE ALBA,"-39,537159","-72,958687"
2026,"Liceo San Luis De Alba
Rama",6846,Obligatoria,483.3,LICEO SAN LUIS DE ALBA,"-39,537159","-72,958687"
2026,"Liceo San Luis De Alba
Rama",6846,Lenguaje,650.0,LICEO SAN LUIS DE ALBA,"-39,537159","-72,958687"
2026,"Liceo San Luis De Alba
Rama",6846,M1,595.0,LICEO SAN LUIS DE ALBA,"-39,537159","-72,958687"
2026,"Liceo San Luis De Alba
Rama",6846,M2,423.0,LICEO SAN LUIS DE ALBA,"-39,537159","-72,958687"
2026,"Liceo San Luis De Alba
Rama",6846,Historia,0.0,LICEO SAN LUIS DE ALBA,"-39,537159","-72,958687"
2026,"Liceo San Luis De Alba
Rama",6846,Ciencias,402.0,LICEO SAN LUIS DE ALBA,"-39,537159","-72,958687"
2026,"Liceo San Luis De Alba
Rama",6846,Obligatoria,622.5,LICEO SAN LUIS DE ALBA,"-39,537159","-72,958687"
2026,"Liceo Politecnico Pesquero
Rama",6853,Lenguaje,421.0,LICEO POLITECNICO PESQUERO,"-39,435989","-73,211281"
2026,"Liceo Politecnico Pesquero
Rama",6853,M1,513.5,LICEO POLITECNICO PESQUERO,"-39,435989","-73,211281"
2026,"Liceo Politecnico Pesquero
Rama",6853,M2,349.0,LICEO POLITECNICO PESQUERO,"-39,435989","-73,211281"
2026,"Liceo Politecnico Pesquero
Rama",6853,Historia,476.0,LICEO POLITECNICO PESQUERO,"-39,435989","-73,211281"
2026,"Liceo Politecnico Pesquero
Rama",6853,Ciencias,360.5,LICEO POLITECNICO PESQUERO,"-39,435989","-73,211281"
2026,"Liceo Politecnico Pesquero
Rama",6853,Obligatoria,467.3,LICEO POLITECNICO PESQUERO,"-39,435989","-73,211281"
2026,"Liceo Bicentenario Santa Cruz
Rama",6895,Lenguaje,565.9,LICEO BICENTENARIO SANTA CRUZ,"-39,53957","-72,961937"
2026,"Liceo Bicentenario Santa Cruz
Rama",6895,M1,558.9,LICEO BICENTENARIO SANTA CRUZ,"-39,53957","-72,961937"
2026,"Liceo Bicentenario Santa Cruz
Rama",6895,M2,395.8,LICEO BICENTENARIO SANTA CRUZ,"-39,53957","-72,961937"
2026,"Liceo Bicentenario Santa Cruz
Rama",6895,Historia,482.3,LICEO BICENTENARIO SANTA CRUZ,"-39,53957","-72,961937"
2026,"Liceo Bicentenario Santa Cruz
Rama",6895,Ciencias,416.9,LICEO BICENTENARIO SANTA CRUZ,"-39,53957","-72,961937"
2026,"Liceo Bicentenario Santa Cruz
Rama",6895,Obligatoria,563.0,LICEO BICENTENARIO SANTA CRUZ,"-39,53957","-72,961937"
2026,"Seminario San Fidel
Rama",6896,Lenguaje,626.8,SEMINARIO SAN FIDEL,"-39,541981","-72,96991"
2026,"Seminario San Fidel
Rama",6896,M1,639.6,SEMINARIO SAN FIDEL,"-39,541981","-72,96991"
2026,"Seminario San Fidel
Rama",6896,M2,444.3,SEMINARIO SAN FIDEL,"-39,541981","-72,96991"
2026,"Seminario San Fidel
Rama",6896,Historia,542.5,SEMINARIO SAN FIDEL,"-39,541981","-72,96991"
2026,"Seminario San Fidel
Rama",6896,Ciencias,465.5,SEMINARIO SAN FIDEL,"-39,541981","-72,96991"
2026,"Seminario San Fidel
Rama",6896,Obligatoria,633.5,SEMINARIO SAN FIDEL,"-39,541981","-72,96991"
2026,"Liceo Bicentenario De Excelencia Camilo Henriquez G
Rama",6897,Lenguaje,574.1,LICEO BICENTENERIO DE EXCELENCIA CAMILO HENRIQUEZ GONZALEZ DE LANCO.,"-39,45113","-72,771851"
2026,"Liceo Bicentenario De Excelencia Camilo Henriquez G
Rama",6897,M1,593.3,LICEO BICENTENERIO DE EXCELENCIA CAMILO HENRIQUEZ GONZALEZ DE LANCO.,"-39,45113","-72,771851"
2026,"Liceo Bicentenario De Excelencia Camilo Henriquez G
Rama",6897,M2,392.2,LICEO BICENTENERIO DE EXCELENCIA CAMILO HENRIQUEZ GONZALEZ DE LANCO.,"-39,45113","-72,771851"
2026,"Liceo Bicentenario De Excelencia Camilo Henriquez G
Rama",6897,Historia,460.5,LICEO BICENTENERIO DE EXCELENCIA CAMILO HENRIQUEZ GONZALEZ DE LANCO.,"-39,45113","-72,771851"
2026,"Liceo Bicentenario De Excelencia Camilo Henriquez G
Rama",6897,Ciencias,426.2,LICEO BICENTENERIO DE EXCELENCIA CAMILO HENRIQUEZ GONZALEZ DE LANCO.,"-39,45113","-72,771851"
2026,"Liceo Bicentenario De Excelencia Camilo Henriquez G
Rama",6897,Obligatoria,587.4,LICEO BICENTENERIO DE EXCELENCIA CAMILO HENRIQUEZ GONZALEZ DE LANCO.,"-39,45113","-72,771851"
2026,"Liceo Bicentenario De Excelencia Camilo Henriquez G
Rama",6897,Lenguaje,517.7,LICEO BICENTENERIO DE EXCELENCIA CAMILO HENRIQUEZ GONZALEZ DE LANCO.,"-39,45113","-72,771851"
2026,"Liceo Bicentenario De Excelencia Camilo Henriquez G
Rama",6897,M1,554.0,LICEO BICENTENERIO DE EXCELENCIA CAMILO HENRIQUEZ GONZALEZ DE LANCO.,"-39,45113","-72,771851"
2026,"Liceo Bicentenario De Excelencia Camilo Henriquez G
Rama",6897,M2,374.0,LICEO BICENTENERIO DE EXCELENCIA CAMILO HENRIQUEZ GONZALEZ DE LANCO.,"-39,45113","-72,771851"
2026,"Liceo Bicentenario De Excelencia Camilo Henriquez G
Rama",6897,Historia,449.3,LICEO BICENTENERIO DE EXCELENCIA CAMILO HENRIQUEZ GONZALEZ DE LANCO.,"-39,45113","-72,771851"
2026,"Liceo Bicentenario De Excelencia Camilo Henriquez G
Rama",6897,Ciencias,388.8,LICEO BICENTENERIO DE EXCELENCIA CAMILO HENRIQUEZ GONZALEZ DE LANCO.,"-39,45113","-72,771851"
2026,"Liceo Bicentenario De Excelencia Camilo Henriquez G
Rama",6897,Obligatoria,537.9,LICEO BICENTENERIO DE EXCELENCIA CAMILO HENRIQUEZ GONZALEZ DE LANCO.,"-39,45113","-72,771851"
2026,"Liceo Bicentenario De Excelencia Camilo Henriquez G
Rama",6897,Lenguaje,500.1,LICEO BICENTENERIO DE EXCELENCIA CAMILO HENRIQUEZ GONZALEZ DE LANCO.,"-39,45113","-72,771851"
2026,"Liceo Bicentenario De Excelencia Camilo Henriquez G
Rama",6897,M1,547.6,LICEO BICENTENERIO DE EXCELENCIA CAMILO HENRIQUEZ GONZALEZ DE LANCO.,"-39,45113","-72,771851"
2026,"Liceo Bicentenario De Excelencia Camilo Henriquez G
Rama",6897,M2,390.0,LICEO BICENTENERIO DE EXCELENCIA CAMILO HENRIQUEZ GONZALEZ DE LANCO.,"-39,45113","-72,771851"
2026,"Liceo Bicentenario De Excelencia Camilo Henriquez G
Rama",6897,Historia,390.6,LICEO BICENTENERIO DE EXCELENCIA CAMILO HENRIQUEZ GONZALEZ DE LANCO.,"-39,45113","-72,771851"
2026,"Liceo Bicentenario De Excelencia Camilo Henriquez G
Rama",6897,Ciencias,377.6,LICEO BICENTENERIO DE EXCELENCIA CAMILO HENRIQUEZ GONZALEZ DE LANCO.,"-39,45113","-72,771851"
2026,"Liceo Bicentenario De Excelencia Camilo Henriquez G
Rama",6897,Obligatoria,532.5,LICEO BICENTENERIO DE EXCELENCIA CAMILO HENRIQUEZ GONZALEZ DE LANCO.,"-39,45113","-72,771851"
2026,"Liceo Bicentenario De Excelencia Camilo Henriquez G
Rama",6897,Lenguaje,489.4,LICEO BICENTENERIO DE EXCELENCIA CAMILO HENRIQUEZ GONZALEZ DE LANCO.,"-39,45113","-72,771851"
2026,"Liceo Bicentenario De Excelencia Camilo Henriquez G
Rama",6897,M1,475.1,LICEO BICENTENERIO DE EXCELENCIA CAMILO HENRIQUEZ GONZALEZ DE LANCO.,"-39,45113","-72,771851"
2026,"Liceo Bicentenario De Excelencia Camilo Henriquez G
Rama",6897,M2,413.7,LICEO BICENTENERIO DE EXCELENCIA CAMILO HENRIQUEZ GONZALEZ DE LANCO.,"-39,45113","-72,771851"
2026,"Liceo Bicentenario De Excelencia Camilo Henriquez G
Rama",6897,Historia,427.0,LICEO BICENTENERIO DE EXCELENCIA CAMILO HENRIQUEZ GONZALEZ DE LANCO.,"-39,45113","-72,771851"
2026,"Liceo Bicentenario De Excelencia Camilo Henriquez G
Rama",6897,Ciencias,383.2,LICEO BICENTENERIO DE EXCELENCIA CAMILO HENRIQUEZ GONZALEZ DE LANCO.,"-39,45113","-72,771851"
2026,"Liceo Bicentenario De Excelencia Camilo Henriquez G
Rama",6897,Obligatoria,482.3,LICEO BICENTENERIO DE EXCELENCIA CAMILO HENRIQUEZ GONZALEZ DE LANCO.,"-39,45113","-72,771851"
2026,"Liceo Republica Del Brasil
Rama",6899,Lenguaje,552.7,LICEO REPUBLICA DEL BRASIL,"-39,539982","-72,508507"
2026,"Liceo Republica Del Brasil
Rama",6899,M1,583.9,LICEO REPUBLICA DEL BRASIL,"-39,539982","-72,508507"
2026,"Liceo Republica Del Brasil
Rama",6899,M2,386.6,LICEO REPUBLICA DEL BRASIL,"-39,539982","-72,508507"
2026,"Liceo Republica Del Brasil
Rama",6899,Historia,497.2,LICEO REPUBLICA DEL BRASIL,"-39,539982","-72,508507"
2026,"Liceo Republica Del Brasil
Rama",6899,Ciencias,406.3,LICEO REPUBLICA DEL BRASIL,"-39,539982","-72,508507"
2026,"Liceo Republica Del Brasil
Rama",6899,Obligatoria,568.3,LICEO REPUBLICA DEL BRASIL,"-39,539982","-72,508507"
2026,"Liceo Padre Alcuino
Rama",6922,Lenguaje,515.5,LICEO PADRE ALCUINO,"-39,538731","-72,508324"
2026,"Liceo Padre Alcuino
Rama",6922,M1,552.9,LICEO PADRE ALCUINO,"-39,538731","-72,508324"
2026,"Liceo Padre Alcuino
Rama",6922,M2,384.9,LICEO PADRE ALCUINO,"-39,538731","-72,508324"
2026,"Liceo Padre Alcuino
Rama",6922,Historia,439.1,LICEO PADRE ALCUINO,"-39,538731","-72,508324"
2026,"Liceo Padre Alcuino
Rama",6922,Ciencias,419.4,LICEO PADRE ALCUINO,"-39,538731","-72,508324"
2026,"Liceo Padre Alcuino
Rama",6922,Obligatoria,534.2,LICEO PADRE ALCUINO,"-39,538731","-72,508324"
2026,"Liceo Padre Alcuino
Rama",6922,Lenguaje,569.0,LICEO PADRE ALCUINO,"-39,538731","-72,508324"
2026,"Liceo Padre Alcuino
Rama",6922,M1,571.7,LICEO PADRE ALCUINO,"-39,538731","-72,508324"
2026,"Liceo Padre Alcuino
Rama",6922,M2,393.5,LICEO PADRE ALCUINO,"-39,538731","-72,508324"
2026,"Liceo Padre Alcuino
Rama",6922,Historia,415.7,LICEO PADRE ALCUINO,"-39,538731","-72,508324"
2026,"Liceo Padre Alcuino
Rama",6922,Ciencias,398.5,LICEO PADRE ALCUINO,"-39,538731","-72,508324"
2026,"Liceo Padre Alcuino
Rama",6922,Obligatoria,570.3,LICEO PADRE ALCUINO,"-39,538731","-72,508324"
2026,"Colegio Maria Reina
Rama",6925,Lenguaje,453.8,COLEGIO MARIA REINA,"-39,480652","-72,694054"
2026,"Colegio Maria Reina
Rama",6925,M1,462.0,COLEGIO MARIA REINA,"-39,480652","-72,694054"
2026,"Colegio Maria Reina
Rama",6925,M2,349.0,COLEGIO MARIA REINA,"-39,480652","-72,694054"
2026,"Colegio Maria Reina
Rama",6925,Historia,377.0,COLEGIO MARIA REINA,"-39,480652","-72,694054"
2026,"Colegio Maria Reina
Rama",6925,Ciencias,394.0,COLEGIO MARIA REINA,"-39,480652","-72,694054"
2026,"Colegio Maria Reina
Rama",6925,Obligatoria,457.9,COLEGIO MARIA REINA,"-39,480652","-72,694054"
2026,"Liceo Bicentenario Alberto Blest Gana
Rama",6929,Lenguaje,559.0,LICEO BICENTENARIO ALBERTO BLEST GANA,"-39,864521","-72,80262"
2026,"Liceo Bicentenario Alberto Blest Gana
Rama",6929,M1,554.6,LICEO BICENTENARIO ALBERTO BLEST GANA,"-39,864521","-72,80262"
2026,"Liceo Bicentenario Alberto Blest Gana
Rama",6929,M2,399.8,LICEO BICENTENARIO ALBERTO BLEST GANA,"-39,864521","-72,80262"
2026,"Liceo Bicentenario Alberto Blest Gana
Rama",6929,Historia,458.6,LICEO BICENTENARIO ALBERTO BLEST GANA,"-39,864521","-72,80262"
2026,"Liceo Bicentenario Alberto Blest Gana
Rama",6929,Ciencias,418.6,LICEO BICENTENARIO ALBERTO BLEST GANA,"-39,864521","-72,80262"
2026,"Liceo Bicentenario Alberto Blest Gana
Rama",6929,Obligatoria,558.1,LICEO BICENTENARIO ALBERTO BLEST GANA,"-39,864521","-72,80262"
2026,"Liceo Bicentenario Alberto Blest Gana
Rama",6929,Lenguaje,506.8,LICEO BICENTENARIO ALBERTO BLEST GANA,"-39,864521","-72,80262"
2026,"Liceo Bicentenario Alberto Blest Gana
Rama",6929,M1,573.1,LICEO BICENTENARIO ALBERTO BLEST GANA,"-39,864521","-72,80262"
2026,"Liceo Bicentenario Alberto Blest Gana
Rama",6929,M2,374.1,LICEO BICENTENARIO ALBERTO BLEST GANA,"-39,864521","-72,80262"
2026,"Liceo Bicentenario Alberto Blest Gana
Rama",6929,Historia,468.4,LICEO BICENTENARIO ALBERTO BLEST GANA,"-39,864521","-72,80262"
2026,"Liceo Bicentenario Alberto Blest Gana
Rama",6929,Ciencias,369.5,LICEO BICENTENARIO ALBERTO BLEST GANA,"-39,864521","-72,80262"
2026,"Liceo Bicentenario Alberto Blest Gana
Rama",6929,Obligatoria,545.4,LICEO BICENTENARIO ALBERTO BLEST GANA,"-39,864521","-72,80262"
2026,"Colegio Jose Manuel Balmaceda Férnandez
Rama",6983,Lenguaje,569.6,COLEGIO JOSE MANUEL BALMACEDA FÉRNANDEZ,"-40,13195","-72,38678"
2026,"Colegio Jose Manuel Balmaceda Férnandez
Rama",6983,M1,566.0,COLEGIO JOSE MANUEL BALMACEDA FÉRNANDEZ,"-40,13195","-72,38678"
2026,"Colegio Jose Manuel Balmaceda Férnandez
Rama",6983,M2,418.8,COLEGIO JOSE MANUEL BALMACEDA FÉRNANDEZ,"-40,13195","-72,38678"
2026,"Colegio Jose Manuel Balmaceda Férnandez
Rama",6983,Historia,480.0,COLEGIO JOSE MANUEL BALMACEDA FÉRNANDEZ,"-40,13195","-72,38678"
2026,"Colegio Jose Manuel Balmaceda Férnandez
Rama",6983,Ciencias,408.5,COLEGIO JOSE MANUEL BALMACEDA FÉRNANDEZ,"-40,13195","-72,38678"
2026,"Colegio Jose Manuel Balmaceda Férnandez
Rama",6983,Obligatoria,566.5,COLEGIO JOSE MANUEL BALMACEDA FÉRNANDEZ,"-40,13195","-72,38678"
2026,"Colegio Maria Deogracia
Rama",7004,Lenguaje,564.7,COLEGIO MARIA DEOGRACIA,"-40,131531","-72,388977"
2026,"Colegio Maria Deogracia
Rama",7004,M1,559.8,COLEGIO MARIA DEOGRACIA,"-40,131531","-72,388977"
2026,"Colegio Maria Deogracia
Rama",7004,M2,391.7,COLEGIO MARIA DEOGRACIA,"-40,131531","-72,388977"
2026,"Colegio Maria Deogracia
Rama",7004,Historia,484.9,COLEGIO MARIA DEOGRACIA,"-40,131531","-72,388977"
2026,"Colegio Maria Deogracia
Rama",7004,Ciencias,409.4,COLEGIO MARIA DEOGRACIA,"-40,131531","-72,388977"
2026,"Colegio Maria Deogracia
Rama",7004,Obligatoria,562.2,COLEGIO MARIA DEOGRACIA,"-40,131531","-72,388977"
2026,"Liceo San Conrado De Futrono
Rama",7006,Lenguaje,586.6,LICEO SAN CONRADO DE FUTRONO,"-40,128239","-72,387619"
2026,"Liceo San Conrado De Futrono
Rama",7006,M1,584.2,LICEO SAN CONRADO DE FUTRONO,"-40,128239","-72,387619"
2026,"Liceo San Conrado De Futrono
Rama",7006,M2,410.9,LICEO SAN CONRADO DE FUTRONO,"-40,128239","-72,387619"
2026,"Liceo San Conrado De Futrono
Rama",7006,Historia,488.2,LICEO SAN CONRADO DE FUTRONO,"-40,128239","-72,387619"
2026,"Liceo San Conrado De Futrono
Rama",7006,Ciencias,426.7,LICEO SAN CONRADO DE FUTRONO,"-40,128239","-72,387619"
2026,"Liceo San Conrado De Futrono
Rama",7006,Obligatoria,587.3,LICEO SAN CONRADO DE FUTRONO,"-40,128239","-72,387619"
2026,"Liceo San Conrado De Futrono
Rama",7006,Lenguaje,525.3,LICEO SAN CONRADO DE FUTRONO,"-40,128239","-72,387619"
2026,"Liceo San Conrado De Futrono
Rama",7006,M1,548.2,LICEO SAN CONRADO DE FUTRONO,"-40,128239","-72,387619"
2026,"Liceo San Conrado De Futrono
Rama",7006,M2,390.3,LICEO SAN CONRADO DE FUTRONO,"-40,128239","-72,387619"
2026,"Liceo San Conrado De Futrono
Rama",7006,Historia,414.9,LICEO SAN CONRADO DE FUTRONO,"-40,128239","-72,387619"
2026,"Liceo San Conrado De Futrono
Rama",7006,Ciencias,374.4,LICEO SAN CONRADO DE FUTRONO,"-40,128239","-72,387619"
2026,"Liceo San Conrado De Futrono
Rama",7006,Obligatoria,539.4,LICEO SAN CONRADO DE FUTRONO,"-40,128239","-72,387619"
2026,"Liceo San Conrado De Futrono
Rama",7006,Lenguaje,478.6,LICEO SAN CONRADO DE FUTRONO,"-40,128239","-72,387619"
2026,"Liceo San Conrado De Futrono
Rama",7006,M1,526.8,LICEO SAN CONRADO DE FUTRONO,"-40,128239","-72,387619"
2026,"Liceo San Conrado De Futrono
Rama",7006,M2,357.5,LICEO SAN CONRADO DE FUTRONO,"-40,128239","-72,387619"
2026,"Liceo San Conrado De Futrono
Rama",7006,Historia,458.5,LICEO SAN CONRADO DE FUTRONO,"-40,128239","-72,387619"
2026,"Liceo San Conrado De Futrono
Rama",7006,Ciencias,369.8,LICEO SAN CONRADO DE FUTRONO,"-40,128239","-72,387619"
2026,"Liceo San Conrado De Futrono
Rama",7006,Obligatoria,515.3,LICEO SAN CONRADO DE FUTRONO,"-40,128239","-72,387619"
2026,"Liceo Bicentenario De Excelencia Carlos Haverbeck R
Rama",7015,Lenguaje,548.5,LICEO BICENTENARIO DE EXCELENCIA CARLOS HAVERBECK RICHTER,"-39,889389","-73,432877"
2026,"Liceo Bicentenario De Excelencia Carlos Haverbeck R
Rama",7015,M1,583.1,LICEO BICENTENARIO DE EXCELENCIA CARLOS HAVERBECK RICHTER,"-39,889389","-73,432877"
2026,"Liceo Bicentenario De Excelencia Carlos Haverbeck R
Rama",7015,M2,402.0,LICEO BICENTENARIO DE EXCELENCIA CARLOS HAVERBECK RICHTER,"-39,889389","-73,432877"
2026,"Liceo Bicentenario De Excelencia Carlos Haverbeck R
Rama",7015,Historia,430.1,LICEO BICENTENARIO DE EXCELENCIA CARLOS HAVERBECK RICHTER,"-39,889389","-73,432877"
2026,"Liceo Bicentenario De Excelencia Carlos Haverbeck R
Rama",7015,Ciencias,431.1,LICEO BICENTENARIO DE EXCELENCIA CARLOS HAVERBECK RICHTER,"-39,889389","-73,432877"
2026,"Liceo Bicentenario De Excelencia Carlos Haverbeck R
Rama",7015,Obligatoria,564.4,LICEO BICENTENARIO DE EXCELENCIA CARLOS HAVERBECK RICHTER,"-39,889389","-73,432877"
2026,"Liceo Bicentenario De Excelencia Carlos Haverbeck R
Rama",7015,Lenguaje,484.8,LICEO BICENTENARIO DE EXCELENCIA CARLOS HAVERBECK RICHTER,"-39,889389","-73,432877"
2026,"Liceo Bicentenario De Excelencia Carlos Haverbeck R
Rama",7015,M1,518.9,LICEO BICENTENARIO DE EXCELENCIA CARLOS HAVERBECK RICHTER,"-39,889389","-73,432877"
2026,"Liceo Bicentenario De Excelencia Carlos Haverbeck R
Rama",7015,M2,372.6,LICEO BICENTENARIO DE EXCELENCIA CARLOS HAVERBECK RICHTER,"-39,889389","-73,432877"
2026,"Liceo Bicentenario De Excelencia Carlos Haverbeck R
Rama",7015,Historia,389.0,LICEO BICENTENARIO DE EXCELENCIA CARLOS HAVERBECK RICHTER,"-39,889389","-73,432877"
2026,"Liceo Bicentenario De Excelencia Carlos Haverbeck R
Rama",7015,Ciencias,395.4,LICEO BICENTENARIO DE EXCELENCIA CARLOS HAVERBECK RICHTER,"-39,889389","-73,432877"
2026,"Liceo Bicentenario De Excelencia Carlos Haverbeck R
Rama",7015,Obligatoria,501.9,LICEO BICENTENARIO DE EXCELENCIA CARLOS HAVERBECK RICHTER,"-39,889389","-73,432877"
2026,"Liceo Bicentenario Gabriela Mistral
Rama",7031,Lenguaje,554.5,LICEO BICENTENARIO GABRIELA MISTRAL,"-39,6665","-72,954781"
2026,"Liceo Bicentenario Gabriela Mistral
Rama",7031,M1,577.1,LICEO BICENTENARIO GABRIELA MISTRAL,"-39,6665","-72,954781"
2026,"Liceo Bicentenario Gabriela Mistral
Rama",7031,M2,384.6,LICEO BICENTENARIO GABRIELA MISTRAL,"-39,6665","-72,954781"
2026,"Liceo Bicentenario Gabriela Mistral
Rama",7031,Historia,505.5,LICEO BICENTENARIO GABRIELA MISTRAL,"-39,6665","-72,954781"
2026,"Liceo Bicentenario Gabriela Mistral
Rama",7031,Ciencias,454.6,LICEO BICENTENARIO GABRIELA MISTRAL,"-39,6665","-72,954781"
2026,"Liceo Bicentenario Gabriela Mistral
Rama",7031,Obligatoria,565.8,LICEO BICENTENARIO GABRIELA MISTRAL,"-39,6665","-72,954781"
2026,"Liceo Bicentenario Gabriela Mistral
Rama",7031,Lenguaje,583.0,LICEO BICENTENARIO GABRIELA MISTRAL,"-39,6665","-72,954781"
2026,"Liceo Bicentenario Gabriela Mistral
Rama",7031,M1,502.0,LICEO BICENTENARIO GABRIELA MISTRAL,"-39,6665","-72,954781"
2026,"Liceo Bicentenario Gabriela Mistral
Rama",7031,M2,0.0,LICEO BICENTENARIO GABRIELA MISTRAL,"-39,6665","-72,954781"
2026,"Liceo Bicentenario Gabriela Mistral
Rama",7031,Historia,331.0,LICEO BICENTENARIO GABRIELA MISTRAL,"-39,6665","-72,954781"
2026,"Liceo Bicentenario Gabriela Mistral
Rama",7031,Ciencias,426.0,LICEO BICENTENARIO GABRIELA MISTRAL,"-39,6665","-72,954781"
2026,"Liceo Bicentenario Gabriela Mistral
Rama",7031,Obligatoria,542.5,LICEO BICENTENARIO GABRIELA MISTRAL,"-39,6665","-72,954781"
2026,"Liceo Bicentenario Gabriela Mistral
Rama",7031,Lenguaje,488.5,LICEO BICENTENARIO GABRIELA MISTRAL,"-39,6665","-72,954781"
2026,"Liceo Bicentenario Gabriela Mistral
Rama",7031,M1,528.8,LICEO BICENTENARIO GABRIELA MISTRAL,"-39,6665","-72,954781"
2026,"Liceo Bicentenario Gabriela Mistral
Rama",7031,M2,374.7,LICEO BICENTENARIO GABRIELA MISTRAL,"-39,6665","-72,954781"
2026,"Liceo Bicentenario Gabriela Mistral
Rama",7031,Historia,394.2,LICEO BICENTENARIO GABRIELA MISTRAL,"-39,6665","-72,954781"
2026,"Liceo Bicentenario Gabriela Mistral
Rama",7031,Ciencias,374.4,LICEO BICENTENARIO GABRIELA MISTRAL,"-39,6665","-72,954781"
2026,"Liceo Bicentenario Gabriela Mistral
Rama",7031,Obligatoria,508.7,LICEO BICENTENARIO GABRIELA MISTRAL,"-39,6665","-72,954781"
2026,"Liceo Bicentenario Gabriela Mistral
Rama",7031,Lenguaje,499.2,LICEO BICENTENARIO GABRIELA MISTRAL,"-39,6665","-72,954781"
2026,"Liceo Bicentenario Gabriela Mistral
Rama",7031,M1,492.3,LICEO BICENTENARIO GABRIELA MISTRAL,"-39,6665","-72,954781"
2026,"Liceo Bicentenario Gabriela Mistral
Rama",7031,M2,376.8,LICEO BICENTENARIO GABRIELA MISTRAL,"-39,6665","-72,954781"
2026,"Liceo Bicentenario Gabriela Mistral
Rama",7031,Historia,381.2,LICEO BICENTENARIO GABRIELA MISTRAL,"-39,6665","-72,954781"
2026,"Liceo Bicentenario Gabriela Mistral
Rama",7031,Ciencias,344.5,LICEO BICENTENARIO GABRIELA MISTRAL,"-39,6665","-72,954781"
2026,"Liceo Bicentenario Gabriela Mistral
Rama",7031,Obligatoria,495.8,LICEO BICENTENARIO GABRIELA MISTRAL,"-39,6665","-72,954781"
2026,"Liceo Santo Cura De Ars
Rama",7044,Lenguaje,588.1,LICEO SANTO CURA DE ARS,"-39,66526","-72,953056"
2026,"Liceo Santo Cura De Ars
Rama",7044,M1,597.5,LICEO SANTO CURA DE ARS,"-39,66526","-72,953056"
2026,"Liceo Santo Cura De Ars
Rama",7044,M2,370.3,LICEO SANTO CURA DE ARS,"-39,66526","-72,953056"
2026,"Liceo Santo Cura De Ars
Rama",7044,Historia,465.9,LICEO SANTO CURA DE ARS,"-39,66526","-72,953056"
2026,"Liceo Santo Cura De Ars
Rama",7044,Ciencias,432.2,LICEO SANTO CURA DE ARS,"-39,66526","-72,953056"
2026,"Liceo Santo Cura De Ars
Rama",7044,Obligatoria,592.8,LICEO SANTO CURA DE ARS,"-39,66526","-72,953056"
2026,"Liceo Santo Cura De Ars
Rama",7044,Lenguaje,569.5,LICEO SANTO CURA DE ARS,"-39,66526","-72,953056"
2026,"Liceo Santo Cura De Ars
Rama",7044,M1,540.1,LICEO SANTO CURA DE ARS,"-39,66526","-72,953056"
2026,"Liceo Santo Cura De Ars
Rama",7044,M2,409.5,LICEO SANTO CURA DE ARS,"-39,66526","-72,953056"
2026,"Liceo Santo Cura De Ars
Rama",7044,Historia,423.0,LICEO SANTO CURA DE ARS,"-39,66526","-72,953056"
2026,"Liceo Santo Cura De Ars
Rama",7044,Ciencias,393.8,LICEO SANTO CURA DE ARS,"-39,66526","-72,953056"
2026,"Liceo Santo Cura De Ars
Rama",7044,Obligatoria,554.8,LICEO SANTO CURA DE ARS,"-39,66526","-72,953056"
2026,"Liceo Santo Cura De Ars
Rama",7044,Lenguaje,527.2,LICEO SANTO CURA DE ARS,"-39,66526","-72,953056"
2026,"Liceo Santo Cura De Ars
Rama",7044,M1,508.4,LICEO SANTO CURA DE ARS,"-39,66526","-72,953056"
2026,"Liceo Santo Cura De Ars
Rama",7044,M2,384.3,LICEO SANTO CURA DE ARS,"-39,66526","-72,953056"
2026,"Liceo Santo Cura De Ars
Rama",7044,Historia,397.0,LICEO SANTO CURA DE ARS,"-39,66526","-72,953056"
2026,"Liceo Santo Cura De Ars
Rama",7044,Ciencias,398.1,LICEO SANTO CURA DE ARS,"-39,66526","-72,953056"
2026,"Liceo Santo Cura De Ars
Rama",7044,Obligatoria,517.4,LICEO SANTO CURA DE ARS,"-39,66526","-72,953056"
2026,"Centro Educativo Fernando Santivan
Rama",7049,Lenguaje,550.8,CENTRO EDUCATIVO FERNANDO SANTIVAN,"-39,639389","-72,327049"
2026,"Centro Educativo Fernando Santivan
Rama",7049,M1,519.6,CENTRO EDUCATIVO FERNANDO SANTIVAN,"-39,639389","-72,327049"
2026,"Centro Educativo Fernando Santivan
Rama",7049,M2,388.7,CENTRO EDUCATIVO FERNANDO SANTIVAN,"-39,639389","-72,327049"
2026,"Centro Educativo Fernando Santivan
Rama",7049,Historia,447.2,CENTRO EDUCATIVO FERNANDO SANTIVAN,"-39,639389","-72,327049"
2026,"Centro Educativo Fernando Santivan
Rama",7049,Ciencias,404.3,CENTRO EDUCATIVO FERNANDO SANTIVAN,"-39,639389","-72,327049"
2026,"Centro Educativo Fernando Santivan
Rama",7049,Obligatoria,535.2,CENTRO EDUCATIVO FERNANDO SANTIVAN,"-39,639389","-72,327049"
2026,"Centro Educativo Fernando Santivan
Rama",7049,Lenguaje,506.8,CENTRO EDUCATIVO FERNANDO SANTIVAN,"-39,639389","-72,327049"
2026,"Centro Educativo Fernando Santivan
Rama",7049,M1,462.5,CENTRO EDUCATIVO FERNANDO SANTIVAN,"-39,639389","-72,327049"
2026,"Centro Educativo Fernando Santivan
Rama",7049,M2,395.5,CENTRO EDUCATIVO FERNANDO SANTIVAN,"-39,639389","-72,327049"
2026,"Centro Educativo Fernando Santivan
Rama",7049,Historia,392.3,CENTRO EDUCATIVO FERNANDO SANTIVAN,"-39,639389","-72,327049"
2026,"Centro Educativo Fernando Santivan
Rama",7049,Ciencias,363.2,CENTRO EDUCATIVO FERNANDO SANTIVAN,"-39,639389","-72,327049"
2026,"Centro Educativo Fernando Santivan
Rama",7049,Obligatoria,484.7,CENTRO EDUCATIVO FERNANDO SANTIVAN,"-39,639389","-72,327049"
2026,"Complejo Educacional Tierra De Esperanza
Rama",7085,Lenguaje,544.0,COMPLEJO EDUCACIONAL TIERRA DE ESPERANZA,"-39,84993","-71,945099"
2026,"Complejo Educacional Tierra De Esperanza
Rama",7085,M1,530.9,COMPLEJO EDUCACIONAL TIERRA DE ESPERANZA,"-39,84993","-71,945099"
2026,"Complejo Educacional Tierra De Esperanza
Rama",7085,M2,369.3,COMPLEJO EDUCACIONAL TIERRA DE ESPERANZA,"-39,84993","-71,945099"
2026,"Complejo Educacional Tierra De Esperanza
Rama",7085,Historia,407.0,COMPLEJO EDUCACIONAL TIERRA DE ESPERANZA,"-39,84993","-71,945099"
2026,"Complejo Educacional Tierra De Esperanza
Rama",7085,Ciencias,362.8,COMPLEJO EDUCACIONAL TIERRA DE ESPERANZA,"-39,84993","-71,945099"
2026,"Complejo Educacional Tierra De Esperanza
Rama",7085,Obligatoria,537.4,COMPLEJO EDUCACIONAL TIERRA DE ESPERANZA,"-39,84993","-71,945099"
2026,"Liceo Padre Sigisfredo
Rama",7102,Lenguaje,547.7,LICEO PADRE SIGISFREDO,"-39,641479","-72,333076"
2026,"Liceo Padre Sigisfredo
Rama",7102,M1,532.2,LICEO PADRE SIGISFREDO,"-39,641479","-72,333076"
2026,"Liceo Padre Sigisfredo
Rama",7102,M2,381.8,LICEO PADRE SIGISFREDO,"-39,641479","-72,333076"
2026,"Liceo Padre Sigisfredo
Rama",7102,Historia,444.2,LICEO PADRE SIGISFREDO,"-39,641479","-72,333076"
2026,"Liceo Padre Sigisfredo
Rama",7102,Ciencias,394.8,LICEO PADRE SIGISFREDO,"-39,641479","-72,333076"
2026,"Liceo Padre Sigisfredo
Rama",7102,Obligatoria,539.9,LICEO PADRE SIGISFREDO,"-39,641479","-72,333076"
2026,"Liceo Padre Sigisfredo
Rama",7102,Lenguaje,528.0,LICEO PADRE SIGISFREDO,"-39,641479","-72,333076"
2026,"Liceo Padre Sigisfredo
Rama",7102,M1,495.2,LICEO PADRE SIGISFREDO,"-39,641479","-72,333076"
2026,"Liceo Padre Sigisfredo
Rama",7102,M2,370.6,LICEO PADRE SIGISFREDO,"-39,641479","-72,333076"
2026,"Liceo Padre Sigisfredo
Rama",7102,Historia,426.7,LICEO PADRE SIGISFREDO,"-39,641479","-72,333076"
2026,"Liceo Padre Sigisfredo
Rama",7102,Ciencias,380.0,LICEO PADRE SIGISFREDO,"-39,641479","-72,333076"
2026,"Liceo Padre Sigisfredo
Rama",7102,Obligatoria,511.6,LICEO PADRE SIGISFREDO,"-39,641479","-72,333076"
2026,"Colegio De Cultura Y Difusion Artistica
Rama",7128,Lenguaje,546.3,COLEGIO DE CULTURA Y DIFUSION ARTISTICA,"-40,29660034","-73,07873535"
2026,"Colegio De Cultura Y Difusion Artistica
Rama",7128,M1,550.7,COLEGIO DE CULTURA Y DIFUSION ARTISTICA,"-40,29660034","-73,07873535"
2026,"Colegio De Cultura Y Difusion Artistica
Rama",7128,M2,381.0,COLEGIO DE CULTURA Y DIFUSION ARTISTICA,"-40,29660034","-73,07873535"
2026,"Colegio De Cultura Y Difusion Artistica
Rama",7128,Historia,482.5,COLEGIO DE CULTURA Y DIFUSION ARTISTICA,"-40,29660034","-73,07873535"
2026,"Colegio De Cultura Y Difusion Artistica
Rama",7128,Ciencias,422.9,COLEGIO DE CULTURA Y DIFUSION ARTISTICA,"-40,29660034","-73,07873535"
2026,"Colegio De Cultura Y Difusion Artistica
Rama",7128,Obligatoria,549.3,COLEGIO DE CULTURA Y DIFUSION ARTISTICA,"-40,29660034","-73,07873535"
2026,"Liceo Bicentenario Rector Abdon Andrade Coloma
Rama",7129,Lenguaje,621.0,LICEO BICENTENARIO RECTOR ABDON ANDRADE COLOMA,"-40,29813","-73,083611"
2026,"Liceo Bicentenario Rector Abdon Andrade Coloma
Rama",7129,M1,647.8,LICEO BICENTENARIO RECTOR ABDON ANDRADE COLOMA,"-40,29813","-73,083611"
2026,"Liceo Bicentenario Rector Abdon Andrade Coloma
Rama",7129,M2,420.0,LICEO BICENTENARIO RECTOR ABDON ANDRADE COLOMA,"-40,29813","-73,083611"
2026,"Liceo Bicentenario Rector Abdon Andrade Coloma
Rama",7129,Historia,489.3,LICEO BICENTENARIO RECTOR ABDON ANDRADE COLOMA,"-40,29813","-73,083611"
2026,"Liceo Bicentenario Rector Abdon Andrade Coloma
Rama",7129,Ciencias,456.9,LICEO BICENTENARIO RECTOR ABDON ANDRADE COLOMA,"-40,29813","-73,083611"
2026,"Liceo Bicentenario Rector Abdon Andrade Coloma
Rama",7129,Obligatoria,634.9,LICEO BICENTENARIO RECTOR ABDON ANDRADE COLOMA,"-40,29813","-73,083611"
2026,"Liceo Bicentenario Rector Abdon Andrade Coloma
Rama",7129,Lenguaje,575.4,LICEO BICENTENARIO RECTOR ABDON ANDRADE COLOMA,"-40,29813","-73,083611"
2026,"Liceo Bicentenario Rector Abdon Andrade Coloma
Rama",7129,M1,587.2,LICEO BICENTENARIO RECTOR ABDON ANDRADE COLOMA,"-40,29813","-73,083611"
2026,"Liceo Bicentenario Rector Abdon Andrade Coloma
Rama",7129,M2,383.5,LICEO BICENTENARIO RECTOR ABDON ANDRADE COLOMA,"-40,29813","-73,083611"
2026,"Liceo Bicentenario Rector Abdon Andrade Coloma
Rama",7129,Historia,440.7,LICEO BICENTENARIO RECTOR ABDON ANDRADE COLOMA,"-40,29813","-73,083611"
2026,"Liceo Bicentenario Rector Abdon Andrade Coloma
Rama",7129,Ciencias,400.0,LICEO BICENTENARIO RECTOR ABDON ANDRADE COLOMA,"-40,29813","-73,083611"
2026,"Liceo Bicentenario Rector Abdon Andrade Coloma
Rama",7129,Obligatoria,583.5,LICEO BICENTENARIO RECTOR ABDON ANDRADE COLOMA,"-40,29813","-73,083611"
2026,"Liceo Bicentenario Rector Abdon Andrade Coloma
Rama",7129,Lenguaje,521.4,LICEO BICENTENARIO RECTOR ABDON ANDRADE COLOMA,"-40,29813","-73,083611"
2026,"Liceo Bicentenario Rector Abdon Andrade Coloma
Rama",7129,M1,609.6,LICEO BICENTENARIO RECTOR ABDON ANDRADE COLOMA,"-40,29813","-73,083611"
2026,"Liceo Bicentenario Rector Abdon Andrade Coloma
Rama",7129,M2,370.9,LICEO BICENTENARIO RECTOR ABDON ANDRADE COLOMA,"-40,29813","-73,083611"
2026,"Liceo Bicentenario Rector Abdon Andrade Coloma
Rama",7129,Historia,399.0,LICEO BICENTENARIO RECTOR ABDON ANDRADE COLOMA,"-40,29813","-73,083611"
2026,"Liceo Bicentenario Rector Abdon Andrade Coloma
Rama",7129,Ciencias,443.3,LICEO BICENTENARIO RECTOR ABDON ANDRADE COLOMA,"-40,29813","-73,083611"
2026,"Liceo Bicentenario Rector Abdon Andrade Coloma
Rama",7129,Obligatoria,564.7,LICEO BICENTENARIO RECTOR ABDON ANDRADE COLOMA,"-40,29813","-73,083611"
2026,Colegio Tecnico Profesional N,7135,Lenguaje,514.7,COLEGIO TECNICO PROFESIONAL N°1 HONORIO OJEDA VALDERAS,"-40,292339","-73,079422"
2026,Colegio Tecnico Profesional N,7135,M1,660.3,COLEGIO TECNICO PROFESIONAL N°1 HONORIO OJEDA VALDERAS,"-40,292339","-73,079422"
2026,Colegio Tecnico Profesional N,7135,M2,347.0,COLEGIO TECNICO PROFESIONAL N°1 HONORIO OJEDA VALDERAS,"-40,292339","-73,079422"
2026,Colegio Tecnico Profesional N,7135,Historia,348.0,COLEGIO TECNICO PROFESIONAL N°1 HONORIO OJEDA VALDERAS,"-40,292339","-73,079422"
2026,Colegio Tecnico Profesional N,7135,Ciencias,378.7,COLEGIO TECNICO PROFESIONAL N°1 HONORIO OJEDA VALDERAS,"-40,292339","-73,079422"
2026,Colegio Tecnico Profesional N,7135,Obligatoria,587.5,COLEGIO TECNICO PROFESIONAL N°1 HONORIO OJEDA VALDERAS,"-40,292339","-73,079422"
2026,Colegio Tecnico Profesional N,7135,Lenguaje,515.6,COLEGIO TECNICO PROFESIONAL N°1 HONORIO OJEDA VALDERAS,"-40,292339","-73,079422"
2026,Colegio Tecnico Profesional N,7135,M1,505.6,COLEGIO TECNICO PROFESIONAL N°1 HONORIO OJEDA VALDERAS,"-40,292339","-73,079422"
2026,Colegio Tecnico Profesional N,7135,M2,360.0,COLEGIO TECNICO PROFESIONAL N°1 HONORIO OJEDA VALDERAS,"-40,292339","-73,079422"
2026,Colegio Tecnico Profesional N,7135,Historia,405.0,COLEGIO TECNICO PROFESIONAL N°1 HONORIO OJEDA VALDERAS,"-40,292339","-73,079422"
2026,Colegio Tecnico Profesional N,7135,Ciencias,377.4,COLEGIO TECNICO PROFESIONAL N°1 HONORIO OJEDA VALDERAS,"-40,292339","-73,079422"
2026,Colegio Tecnico Profesional N,7135,Obligatoria,514.4,COLEGIO TECNICO PROFESIONAL N°1 HONORIO OJEDA VALDERAS,"-40,292339","-73,079422"
2026,Colegio Aleman R,7180,Lenguaje,720.8,COLEGIO ALEMAN R.A. PHILIPPI,"-40,294868","-73,08438"
2026,Colegio Aleman R,7180,M1,769.2,COLEGIO ALEMAN R.A. PHILIPPI,"-40,294868","-73,08438"
2026,Colegio Aleman R,7180,M2,471.3,COLEGIO ALEMAN R.A. PHILIPPI,"-40,294868","-73,08438"
2026,Colegio Aleman R,7180,Historia,654.3,COLEGIO ALEMAN R.A. PHILIPPI,"-40,294868","-73,08438"
2026,Colegio Aleman R,7180,Ciencias,583.3,COLEGIO ALEMAN R.A. PHILIPPI,"-40,294868","-73,08438"
2026,Colegio Aleman R,7180,Obligatoria,745.0,COLEGIO ALEMAN R.A. PHILIPPI,"-40,294868","-73,08438"
2026,"Colegio Santa Marta
Rama",7181,Lenguaje,638.1,COLEGIO SANTA MARTA,"-40,297359","-73,083801"
2026,"Colegio Santa Marta
Rama",7181,M1,637.9,COLEGIO SANTA MARTA,"-40,297359","-73,083801"
2026,"Colegio Santa Marta
Rama",7181,M2,418.8,COLEGIO SANTA MARTA,"-40,297359","-73,083801"
2026,"Colegio Santa Marta
Rama",7181,Historia,531.9,COLEGIO SANTA MARTA,"-40,297359","-73,083801"
2026,"Colegio Santa Marta
Rama",7181,Ciencias,454.0,COLEGIO SANTA MARTA,"-40,297359","-73,083801"
2026,"Colegio Santa Marta
Rama",7181,Obligatoria,638.0,COLEGIO SANTA MARTA,"-40,297359","-73,083801"
2026,"Colegio Padre Damian
Rama",7183,Lenguaje,577.0,COLEGIO PADRE DAMIAN,"-40,299389","-73,0737"
2026,"Colegio Padre Damian
Rama",7183,M1,586.5,COLEGIO PADRE DAMIAN,"-40,299389","-73,0737"
2026,"Colegio Padre Damian
Rama",7183,M2,383.8,COLEGIO PADRE DAMIAN,"-40,299389","-73,0737"
2026,"Colegio Padre Damian
Rama",7183,Historia,511.3,COLEGIO PADRE DAMIAN,"-40,299389","-73,0737"
2026,"Colegio Padre Damian
Rama",7183,Ciencias,434.6,COLEGIO PADRE DAMIAN,"-40,299389","-73,0737"
2026,"Colegio Padre Damian
Rama",7183,Obligatoria,581.8,COLEGIO PADRE DAMIAN,"-40,299389","-73,0737"
2026,"Liceo Rodulfo Amando Philippi
Rama",7200,Lenguaje,575.4,LICEO RODULFO AMANDO PHILIPPI,"-40,069962","-72,866417"
2026,"Liceo Rodulfo Amando Philippi
Rama",7200,M1,577.6,LICEO RODULFO AMANDO PHILIPPI,"-40,069962","-72,866417"
2026,"Liceo Rodulfo Amando Philippi
Rama",7200,M2,388.6,LICEO RODULFO AMANDO PHILIPPI,"-40,069962","-72,866417"
2026,"Liceo Rodulfo Amando Philippi
Rama",7200,Historia,470.8,LICEO RODULFO AMANDO PHILIPPI,"-40,069962","-72,866417"
2026,"Liceo Rodulfo Amando Philippi
Rama",7200,Ciencias,425.3,LICEO RODULFO AMANDO PHILIPPI,"-40,069962","-72,866417"
2026,"Liceo Rodulfo Amando Philippi
Rama",7200,Obligatoria,577.8,LICEO RODULFO AMANDO PHILIPPI,"-40,069962","-72,866417"
2026,"Liceo Rodulfo Amando Philippi
Rama",7200,Lenguaje,478.7,LICEO RODULFO AMANDO PHILIPPI,"-40,069962","-72,866417"
2026,"Liceo Rodulfo Amando Philippi
Rama",7200,M1,421.7,LICEO RODULFO AMANDO PHILIPPI,"-40,069962","-72,866417"
2026,"Liceo Rodulfo Amando Philippi
Rama",7200,M2,369.5,LICEO RODULFO AMANDO PHILIPPI,"-40,069962","-72,866417"
2026,"Liceo Rodulfo Amando Philippi
Rama",7200,Historia,459.0,LICEO RODULFO AMANDO PHILIPPI,"-40,069962","-72,866417"
2026,"Liceo Rodulfo Amando Philippi
Rama",7200,Ciencias,344.0,LICEO RODULFO AMANDO PHILIPPI,"-40,069962","-72,866417"
2026,"Liceo Rodulfo Amando Philippi
Rama",7200,Obligatoria,450.2,LICEO RODULFO AMANDO PHILIPPI,"-40,069962","-72,866417"
2026,"Liceo Rodulfo Amando Philippi
Rama",7200,Lenguaje,555.8,LICEO RODULFO AMANDO PHILIPPI,"-40,069962","-72,866417"
2026,"Liceo Rodulfo Amando Philippi
Rama",7200,M1,562.8,LICEO RODULFO AMANDO PHILIPPI,"-40,069962","-72,866417"
2026,"Liceo Rodulfo Amando Philippi
Rama",7200,M2,352.3,LICEO RODULFO AMANDO PHILIPPI,"-40,069962","-72,866417"
2026,"Liceo Rodulfo Amando Philippi
Rama",7200,Historia,457.8,LICEO RODULFO AMANDO PHILIPPI,"-40,069962","-72,866417"
2026,"Liceo Rodulfo Amando Philippi
Rama",7200,Ciencias,471.0,LICEO RODULFO AMANDO PHILIPPI,"-40,069962","-72,866417"
2026,"Liceo Rodulfo Amando Philippi
Rama",7200,Obligatoria,559.3,LICEO RODULFO AMANDO PHILIPPI,"-40,069962","-72,866417"
2026,"Liceo Rodulfo Amando Philippi
Rama",7200,Lenguaje,480.0,LICEO RODULFO AMANDO PHILIPPI,"-40,069962","-72,866417"
2026,"Liceo Rodulfo Amando Philippi
Rama",7200,M1,526.8,LICEO RODULFO AMANDO PHILIPPI,"-40,069962","-72,866417"
2026,"Liceo Rodulfo Amando Philippi
Rama",7200,M2,396.2,LICEO RODULFO AMANDO PHILIPPI,"-40,069962","-72,866417"
2026,"Liceo Rodulfo Amando Philippi
Rama",7200,Historia,391.8,LICEO RODULFO AMANDO PHILIPPI,"-40,069962","-72,866417"
2026,"Liceo Rodulfo Amando Philippi
Rama",7200,Ciencias,383.6,LICEO RODULFO AMANDO PHILIPPI,"-40,069962","-72,866417"
2026,"Liceo Rodulfo Amando Philippi
Rama",7200,Obligatoria,506.7,LICEO RODULFO AMANDO PHILIPPI,"-40,069962","-72,866417"
2026,"Liceo Rodulfo Amando Philippi
Rama",7200,Lenguaje,540.5,LICEO RODULFO AMANDO PHILIPPI,"-40,069962","-72,866417"
2026,"Liceo Rodulfo Amando Philippi
Rama",7200,M1,518.2,LICEO RODULFO AMANDO PHILIPPI,"-40,069962","-72,866417"
2026,"Liceo Rodulfo Amando Philippi
Rama",7200,M2,342.7,LICEO RODULFO AMANDO PHILIPPI,"-40,069962","-72,866417"
2026,"Liceo Rodulfo Amando Philippi
Rama",7200,Historia,516.0,LICEO RODULFO AMANDO PHILIPPI,"-40,069962","-72,866417"
2026,"Liceo Rodulfo Amando Philippi
Rama",7200,Ciencias,372.3,LICEO RODULFO AMANDO PHILIPPI,"-40,069962","-72,866417"
2026,"Liceo Rodulfo Amando Philippi
Rama",7200,Obligatoria,529.3,LICEO RODULFO AMANDO PHILIPPI,"-40,069962","-72,866417"
2026,"Colegio Proyecto De Futuro
Rama",7202,Lenguaje,573.8,COLEGIO PROYECTO DE FUTURO,"-40,072399","-72,869247"
2026,"Colegio Proyecto De Futuro
Rama",7202,M1,578.3,COLEGIO PROYECTO DE FUTURO,"-40,072399","-72,869247"
2026,"Colegio Proyecto De Futuro
Rama",7202,M2,389.3,COLEGIO PROYECTO DE FUTURO,"-40,072399","-72,869247"
2026,"Colegio Proyecto De Futuro
Rama",7202,Historia,458.6,COLEGIO PROYECTO DE FUTURO,"-40,072399","-72,869247"
2026,"Colegio Proyecto De Futuro
Rama",7202,Ciencias,455.7,COLEGIO PROYECTO DE FUTURO,"-40,072399","-72,869247"
2026,"Colegio Proyecto De Futuro
Rama",7202,Obligatoria,576.1,COLEGIO PROYECTO DE FUTURO,"-40,072399","-72,869247"
2026,"Escuela Particular Alemana
Rama",7231,Lenguaje,553.3,ESCUELA PARTICULAR ALEMANA,"-40,073292","-72,875511"
2026,"Escuela Particular Alemana
Rama",7231,M1,576.9,ESCUELA PARTICULAR ALEMANA,"-40,073292","-72,875511"
2026,"Escuela Particular Alemana
Rama",7231,M2,440.5,ESCUELA PARTICULAR ALEMANA,"-40,073292","-72,875511"
2026,"Escuela Particular Alemana
Rama",7231,Historia,497.6,ESCUELA PARTICULAR ALEMANA,"-40,073292","-72,875511"
2026,"Escuela Particular Alemana
Rama",7231,Ciencias,417.8,ESCUELA PARTICULAR ALEMANA,"-40,073292","-72,875511"
2026,"Escuela Particular Alemana
Rama",7231,Obligatoria,565.1,ESCUELA PARTICULAR ALEMANA,"-40,073292","-72,875511"
2026,"Liceo Bicentenario Vicente Pérez Rosales
Rama",7236,Lenguaje,591.1,LICEO BICENTENARIO VICENTE PÉREZ ROSALES,"-40,336208","-72,94957"
2026,"Liceo Bicentenario Vicente Pérez Rosales
Rama",7236,M1,575.6,LICEO BICENTENARIO VICENTE PÉREZ ROSALES,"-40,336208","-72,94957"
2026,"Liceo Bicentenario Vicente Pérez Rosales
Rama",7236,M2,377.5,LICEO BICENTENARIO VICENTE PÉREZ ROSALES,"-40,336208","-72,94957"
2026,"Liceo Bicentenario Vicente Pérez Rosales
Rama",7236,Historia,482.3,LICEO BICENTENARIO VICENTE PÉREZ ROSALES,"-40,336208","-72,94957"
2026,"Liceo Bicentenario Vicente Pérez Rosales
Rama",7236,Ciencias,430.3,LICEO BICENTENARIO VICENTE PÉREZ ROSALES,"-40,336208","-72,94957"
2026,"Liceo Bicentenario Vicente Pérez Rosales
Rama",7236,Obligatoria,583.3,LICEO BICENTENARIO VICENTE PÉREZ ROSALES,"-40,336208","-72,94957"
2026,"Colegio Bicentenario Crucero Oscar Daniel
Rama",7240,Lenguaje,510.0,COLEGIO BICENTENARIO CRUCERO OSCAR DANIEL,"-40,41819","-72,805367"
2026,"Colegio Bicentenario Crucero Oscar Daniel
Rama",7240,M1,490.7,COLEGIO BICENTENARIO CRUCERO OSCAR DANIEL,"-40,41819","-72,805367"
2026,"Colegio Bicentenario Crucero Oscar Daniel
Rama",7240,M2,360.6,COLEGIO BICENTENARIO CRUCERO OSCAR DANIEL,"-40,41819","-72,805367"
2026,"Colegio Bicentenario Crucero Oscar Daniel
Rama",7240,Historia,465.3,COLEGIO BICENTENARIO CRUCERO OSCAR DANIEL,"-40,41819","-72,805367"
2026,"Colegio Bicentenario Crucero Oscar Daniel
Rama",7240,Ciencias,402.8,COLEGIO BICENTENARIO CRUCERO OSCAR DANIEL,"-40,41819","-72,805367"
2026,"Colegio Bicentenario Crucero Oscar Daniel
Rama",7240,Obligatoria,502.0,COLEGIO BICENTENARIO CRUCERO OSCAR DANIEL,"-40,41819","-72,805367"
2026,"Colegio Santa Cruz
Rama",7276,Lenguaje,613.5,COLEGIO SANTA CRUZ,"-40,334301","-72,956741"
2026,"Colegio Santa Cruz
Rama",7276,M1,619.5,COLEGIO SANTA CRUZ,"-40,334301","-72,956741"
2026,"Colegio Santa Cruz
Rama",7276,M2,423.1,COLEGIO SANTA CRUZ,"-40,334301","-72,956741"
2026,"Colegio Santa Cruz
Rama",7276,Historia,472.0,COLEGIO SANTA CRUZ,"-40,334301","-72,956741"
2026,"Colegio Santa Cruz
Rama",7276,Ciencias,443.1,COLEGIO SANTA CRUZ,"-40,334301","-72,956741"
2026,"Colegio Santa Cruz
Rama",7276,Obligatoria,616.5,COLEGIO SANTA CRUZ,"-40,334301","-72,956741"
2026,"Liceo Antonio Varas
Rama",7299,Lenguaje,603.7,LICEO ANTONIO VARAS,"-40,32111","-72,47612"
2026,"Liceo Antonio Varas
Rama",7299,M1,614.6,LICEO ANTONIO VARAS,"-40,32111","-72,47612"
2026,"Liceo Antonio Varas
Rama",7299,M2,401.5,LICEO ANTONIO VARAS,"-40,32111","-72,47612"
2026,"Liceo Antonio Varas
Rama",7299,Historia,505.1,LICEO ANTONIO VARAS,"-40,32111","-72,47612"
2026,"Liceo Antonio Varas
Rama",7299,Ciencias,420.4,LICEO ANTONIO VARAS,"-40,32111","-72,47612"
2026,"Liceo Antonio Varas
Rama",7299,Obligatoria,609.1,LICEO ANTONIO VARAS,"-40,32111","-72,47612"
2026,"Colegio Inti Suyay
Rama",7323,Lenguaje,453.1,COLEGIO INTI SUYAY,"-40,57859039","-73,12755585"
2026,"Colegio Inti Suyay
Rama",7323,M1,479.4,COLEGIO INTI SUYAY,"-40,57859039","-73,12755585"
2026,"Colegio Inti Suyay
Rama",7323,M2,362.0,COLEGIO INTI SUYAY,"-40,57859039","-73,12755585"
2026,"Colegio Inti Suyay
Rama",7323,Historia,433.1,COLEGIO INTI SUYAY,"-40,57859039","-73,12755585"
2026,"Colegio Inti Suyay
Rama",7323,Ciencias,389.6,COLEGIO INTI SUYAY,"-40,57859039","-73,12755585"
2026,"Colegio Inti Suyay
Rama",7323,Obligatoria,466.2,COLEGIO INTI SUYAY,"-40,57859039","-73,12755585"
2026,"Liceo Carmela Carvajal De Prat
Rama",7325,Lenguaje,582.9,LICEO CARMELA CARVAJAL DE PRAT,"-40,575989","-73,127029"
2026,"Liceo Carmela Carvajal De Prat
Rama",7325,M1,594.8,LICEO CARMELA CARVAJAL DE PRAT,"-40,575989","-73,127029"
2026,"Liceo Carmela Carvajal De Prat
Rama",7325,M2,386.3,LICEO CARMELA CARVAJAL DE PRAT,"-40,575989","-73,127029"
2026,"Liceo Carmela Carvajal De Prat
Rama",7325,Historia,476.3,LICEO CARMELA CARVAJAL DE PRAT,"-40,575989","-73,127029"
2026,"Liceo Carmela Carvajal De Prat
Rama",7325,Ciencias,436.8,LICEO CARMELA CARVAJAL DE PRAT,"-40,575989","-73,127029"
2026,"Liceo Carmela Carvajal De Prat
Rama",7325,Obligatoria,588.8,LICEO CARMELA CARVAJAL DE PRAT,"-40,575989","-73,127029"
2026,"Liceo Industrial Osorno
Rama",7326,Lenguaje,540.5,LICEO INDUSTRIAL OSORNO,"-40,580109","-73,101669"
2026,"Liceo Industrial Osorno
Rama",7326,M1,574.5,LICEO INDUSTRIAL OSORNO,"-40,580109","-73,101669"
2026,"Liceo Industrial Osorno
Rama",7326,M2,393.1,LICEO INDUSTRIAL OSORNO,"-40,580109","-73,101669"
2026,"Liceo Industrial Osorno
Rama",7326,Historia,484.7,LICEO INDUSTRIAL OSORNO,"-40,580109","-73,101669"
2026,"Liceo Industrial Osorno
Rama",7326,Ciencias,404.0,LICEO INDUSTRIAL OSORNO,"-40,580109","-73,101669"
2026,"Liceo Industrial Osorno
Rama",7326,Obligatoria,557.5,LICEO INDUSTRIAL OSORNO,"-40,580109","-73,101669"
2026,"Liceo Rahue
Rama",7328,Lenguaje,554.4,LICEO RAHUE,"-40,577839","-73,163918"
2026,"Liceo Rahue
Rama",7328,M1,549.0,LICEO RAHUE,"-40,577839","-73,163918"
2026,"Liceo Rahue
Rama",7328,M2,384.2,LICEO RAHUE,"-40,577839","-73,163918"
2026,"Liceo Rahue
Rama",7328,Historia,514.1,LICEO RAHUE,"-40,577839","-73,163918"
2026,"Liceo Rahue
Rama",7328,Ciencias,419.5,LICEO RAHUE,"-40,577839","-73,163918"
2026,"Liceo Rahue
Rama",7328,Obligatoria,551.7,LICEO RAHUE,"-40,577839","-73,163918"
2026,"Liceo Rahue
Rama",7328,Lenguaje,500.8,LICEO RAHUE,"-40,577839","-73,163918"
2026,"Liceo Rahue
Rama",7328,M1,496.1,LICEO RAHUE,"-40,577839","-73,163918"
2026,"Liceo Rahue
Rama",7328,M2,365.8,LICEO RAHUE,"-40,577839","-73,163918"
2026,"Liceo Rahue
Rama",7328,Historia,418.3,LICEO RAHUE,"-40,577839","-73,163918"
2026,"Liceo Rahue
Rama",7328,Ciencias,351.9,LICEO RAHUE,"-40,577839","-73,163918"
2026,"Liceo Rahue
Rama",7328,Obligatoria,498.5,LICEO RAHUE,"-40,577839","-73,163918"
2026,"Liceo Rahue
Rama",7328,Lenguaje,499.6,LICEO RAHUE,"-40,577839","-73,163918"
2026,"Liceo Rahue
Rama",7328,M1,512.7,LICEO RAHUE,"-40,577839","-73,163918"
2026,"Liceo Rahue
Rama",7328,M2,378.2,LICEO RAHUE,"-40,577839","-73,163918"
2026,"Liceo Rahue
Rama",7328,Historia,396.2,LICEO RAHUE,"-40,577839","-73,163918"
2026,"Liceo Rahue
Rama",7328,Ciencias,370.9,LICEO RAHUE,"-40,577839","-73,163918"
2026,"Liceo Rahue
Rama",7328,Obligatoria,505.8,LICEO RAHUE,"-40,577839","-73,163918"
2026,"Liceo Bicentenario De Excelencia Eleuterio Ramirez
Rama",7329,Lenguaje,586.2,LICEO BICENTENARIO DE EXCELENCIA ELEUTERIO RAMIREZ,"-40,575588","-73,131081"
2026,"Liceo Bicentenario De Excelencia Eleuterio Ramirez
Rama",7329,M1,596.1,LICEO BICENTENARIO DE EXCELENCIA ELEUTERIO RAMIREZ,"-40,575588","-73,131081"
2026,"Liceo Bicentenario De Excelencia Eleuterio Ramirez
Rama",7329,M2,401.6,LICEO BICENTENARIO DE EXCELENCIA ELEUTERIO RAMIREZ,"-40,575588","-73,131081"
2026,"Liceo Bicentenario De Excelencia Eleuterio Ramirez
Rama",7329,Historia,492.8,LICEO BICENTENARIO DE EXCELENCIA ELEUTERIO RAMIREZ,"-40,575588","-73,131081"
2026,"Liceo Bicentenario De Excelencia Eleuterio Ramirez
Rama",7329,Ciencias,432.0,LICEO BICENTENARIO DE EXCELENCIA ELEUTERIO RAMIREZ,"-40,575588","-73,131081"
2026,"Liceo Bicentenario De Excelencia Eleuterio Ramirez
Rama",7329,Obligatoria,591.4,LICEO BICENTENARIO DE EXCELENCIA ELEUTERIO RAMIREZ,"-40,575588","-73,131081"
2026,"Liceo Bicentenario De Excelencia Instituto Comercia
Rama",7331,Lenguaje,591.6,LICEO BICENTENARIO DE EXCELENCIA INSTITUTO COMERCIAL DE OSORNO,"-40,571758","-73,138161"
2026,"Liceo Bicentenario De Excelencia Instituto Comercia
Rama",7331,M1,587.0,LICEO BICENTENARIO DE EXCELENCIA INSTITUTO COMERCIAL DE OSORNO,"-40,571758","-73,138161"
2026,"Liceo Bicentenario De Excelencia Instituto Comercia
Rama",7331,M2,389.5,LICEO BICENTENARIO DE EXCELENCIA INSTITUTO COMERCIAL DE OSORNO,"-40,571758","-73,138161"
2026,"Liceo Bicentenario De Excelencia Instituto Comercia
Rama",7331,Historia,481.6,LICEO BICENTENARIO DE EXCELENCIA INSTITUTO COMERCIAL DE OSORNO,"-40,571758","-73,138161"
2026,"Liceo Bicentenario De Excelencia Instituto Comercia
Rama",7331,Ciencias,408.7,LICEO BICENTENARIO DE EXCELENCIA INSTITUTO COMERCIAL DE OSORNO,"-40,571758","-73,138161"
2026,"Liceo Bicentenario De Excelencia Instituto Comercia
Rama",7331,Obligatoria,588.9,LICEO BICENTENARIO DE EXCELENCIA INSTITUTO COMERCIAL DE OSORNO,"-40,571758","-73,138161"
2026,"Liceo Bicentenario De Excelencia Instituto Comercia
Rama",7331,Lenguaje,566.9,LICEO BICENTENARIO DE EXCELENCIA INSTITUTO COMERCIAL DE OSORNO,"-40,571758","-73,138161"
2026,"Liceo Bicentenario De Excelencia Instituto Comercia
Rama",7331,M1,599.2,LICEO BICENTENARIO DE EXCELENCIA INSTITUTO COMERCIAL DE OSORNO,"-40,571758","-73,138161"
2026,"Liceo Bicentenario De Excelencia Instituto Comercia
Rama",7331,M2,410.5,LICEO BICENTENARIO DE EXCELENCIA INSTITUTO COMERCIAL DE OSORNO,"-40,571758","-73,138161"
2026,"Liceo Bicentenario De Excelencia Instituto Comercia
Rama",7331,Historia,464.2,LICEO BICENTENARIO DE EXCELENCIA INSTITUTO COMERCIAL DE OSORNO,"-40,571758","-73,138161"
2026,"Liceo Bicentenario De Excelencia Instituto Comercia
Rama",7331,Ciencias,419.8,LICEO BICENTENARIO DE EXCELENCIA INSTITUTO COMERCIAL DE OSORNO,"-40,571758","-73,138161"
2026,"Liceo Bicentenario De Excelencia Instituto Comercia
Rama",7331,Obligatoria,583.1,LICEO BICENTENARIO DE EXCELENCIA INSTITUTO COMERCIAL DE OSORNO,"-40,571758","-73,138161"
2026,"Liceo Bicentenario De Excelencia Instituto Comercia
Rama",7331,Lenguaje,515.0,LICEO BICENTENARIO DE EXCELENCIA INSTITUTO COMERCIAL DE OSORNO,"-40,571758","-73,138161"
2026,"Liceo Bicentenario De Excelencia Instituto Comercia
Rama",7331,M1,506.9,LICEO BICENTENARIO DE EXCELENCIA INSTITUTO COMERCIAL DE OSORNO,"-40,571758","-73,138161"
2026,"Liceo Bicentenario De Excelencia Instituto Comercia
Rama",7331,M2,438.0,LICEO BICENTENARIO DE EXCELENCIA INSTITUTO COMERCIAL DE OSORNO,"-40,571758","-73,138161"
2026,"Liceo Bicentenario De Excelencia Instituto Comercia
Rama",7331,Historia,407.9,LICEO BICENTENARIO DE EXCELENCIA INSTITUTO COMERCIAL DE OSORNO,"-40,571758","-73,138161"
2026,"Liceo Bicentenario De Excelencia Instituto Comercia
Rama",7331,Ciencias,399.6,LICEO BICENTENARIO DE EXCELENCIA INSTITUTO COMERCIAL DE OSORNO,"-40,571758","-73,138161"
2026,"Liceo Bicentenario De Excelencia Instituto Comercia
Rama",7331,Obligatoria,511.2,LICEO BICENTENARIO DE EXCELENCIA INSTITUTO COMERCIAL DE OSORNO,"-40,571758","-73,138161"
2026,"Colegio San Jose
Rama",7388,Lenguaje,639.6,COLEGIO SAN JOSE,"-40,573738","-73,1567"
2026,"Colegio San Jose
Rama",7388,M1,682.6,COLEGIO SAN JOSE,"-40,573738","-73,1567"
2026,"Colegio San Jose
Rama",7388,M2,467.1,COLEGIO SAN JOSE,"-40,573738","-73,1567"
2026,"Colegio San Jose
Rama",7388,Historia,488.2,COLEGIO SAN JOSE,"-40,573738","-73,1567"
2026,"Colegio San Jose
Rama",7388,Ciencias,474.3,COLEGIO SAN JOSE,"-40,573738","-73,1567"
2026,"Colegio San Jose
Rama",7388,Obligatoria,660.9,COLEGIO SAN JOSE,"-40,573738","-73,1567"
2026,"Colegio Santa Marta
Rama",7401,Lenguaje,624.6,COLEGIO SANTA MARTA,"-40,579399","-73,134666"
2026,"Colegio Santa Marta
Rama",7401,M1,607.6,COLEGIO SANTA MARTA,"-40,579399","-73,134666"
2026,"Colegio Santa Marta
Rama",7401,M2,435.8,COLEGIO SANTA MARTA,"-40,579399","-73,134666"
2026,"Colegio Santa Marta
Rama",7401,Historia,504.1,COLEGIO SANTA MARTA,"-40,579399","-73,134666"
2026,"Colegio Santa Marta
Rama",7401,Ciencias,440.7,COLEGIO SANTA MARTA,"-40,579399","-73,134666"
2026,"Colegio Santa Marta
Rama",7401,Obligatoria,616.1,COLEGIO SANTA MARTA,"-40,579399","-73,134666"
2026,"Colegio San Mateo
Rama",7406,Lenguaje,695.7,COLEGIO SAN MATEO,"-40,581272","-73,12753"
2026,"Colegio San Mateo
Rama",7406,M1,757.6,COLEGIO SAN MATEO,"-40,581272","-73,12753"
2026,"Colegio San Mateo
Rama",7406,M2,528.6,COLEGIO SAN MATEO,"-40,581272","-73,12753"
2026,"Colegio San Mateo
Rama",7406,Historia,582.3,COLEGIO SAN MATEO,"-40,581272","-73,12753"
2026,"Colegio San Mateo
Rama",7406,Ciencias,597.4,COLEGIO SAN MATEO,"-40,581272","-73,12753"
2026,"Colegio San Mateo
Rama",7406,Obligatoria,726.7,COLEGIO SAN MATEO,"-40,581272","-73,12753"
2026,"Liceo Alianza Francesa Claude Gay
Rama",7414,Lenguaje,761.2,LICEO ALIANZA FRANCESA CLAUDE GAY,"-40,571492","-73,13638"
2026,"Liceo Alianza Francesa Claude Gay
Rama",7414,M1,852.2,LICEO ALIANZA FRANCESA CLAUDE GAY,"-40,571492","-73,13638"
2026,"Liceo Alianza Francesa Claude Gay
Rama",7414,M2,542.9,LICEO ALIANZA FRANCESA CLAUDE GAY,"-40,571492","-73,13638"
2026,"Liceo Alianza Francesa Claude Gay
Rama",7414,Historia,714.0,LICEO ALIANZA FRANCESA CLAUDE GAY,"-40,571492","-73,13638"
2026,"Liceo Alianza Francesa Claude Gay
Rama",7414,Ciencias,692.8,LICEO ALIANZA FRANCESA CLAUDE GAY,"-40,571492","-73,13638"
2026,"Liceo Alianza Francesa Claude Gay
Rama",7414,Obligatoria,806.7,LICEO ALIANZA FRANCESA CLAUDE GAY,"-40,571492","-73,13638"
2026,"Instituto Aleman De Osorno
Rama",7415,Lenguaje,742.0,INSTITUTO ALEMAN DE OSORNO,"-40,571653","-73,13641"
2026,"Instituto Aleman De Osorno
Rama",7415,M1,842.3,INSTITUTO ALEMAN DE OSORNO,"-40,571653","-73,13641"
2026,"Instituto Aleman De Osorno
Rama",7415,M2,598.0,INSTITUTO ALEMAN DE OSORNO,"-40,571653","-73,13641"
2026,"Instituto Aleman De Osorno
Rama",7415,Historia,627.6,INSTITUTO ALEMAN DE OSORNO,"-40,571653","-73,13641"
2026,"Instituto Aleman De Osorno
Rama",7415,Ciencias,687.8,INSTITUTO ALEMAN DE OSORNO,"-40,571653","-73,13641"
2026,"Instituto Aleman De Osorno
Rama",7415,Obligatoria,792.2,INSTITUTO ALEMAN DE OSORNO,"-40,571653","-73,13641"
2026,"Liceo Osorno College
Rama",7416,Lenguaje,709.9,LICEO OSORNO COLLEGE,"-40,591269","-73,1154"
2026,"Liceo Osorno College
Rama",7416,M1,793.8,LICEO OSORNO COLLEGE,"-40,591269","-73,1154"
2026,"Liceo Osorno College
Rama",7416,M2,517.8,LICEO OSORNO COLLEGE,"-40,591269","-73,1154"
2026,"Liceo Osorno College
Rama",7416,Historia,666.6,LICEO OSORNO COLLEGE,"-40,591269","-73,1154"
2026,"Liceo Osorno College
Rama",7416,Ciencias,612.7,LICEO OSORNO COLLEGE,"-40,591269","-73,1154"
2026,"Liceo Osorno College
Rama",7416,Obligatoria,751.9,LICEO OSORNO COLLEGE,"-40,591269","-73,1154"
2026,"Colegio Aleman
Rama",7435,Lenguaje,715.1,COLEGIO ALEMAN,"-41,3214","-72,9486"
2026,"Colegio Aleman
Rama",7435,M1,825.1,COLEGIO ALEMAN,"-41,3214","-72,9486"
2026,"Colegio Aleman
Rama",7435,M2,517.3,COLEGIO ALEMAN,"-41,3214","-72,9486"
2026,"Colegio Aleman
Rama",7435,Historia,589.0,COLEGIO ALEMAN,"-41,3214","-72,9486"
2026,"Colegio Aleman
Rama",7435,Ciencias,620.2,COLEGIO ALEMAN,"-41,3214","-72,9486"
2026,"Colegio Aleman
Rama",7435,Obligatoria,770.1,COLEGIO ALEMAN,"-41,3214","-72,9486"
2026,"Colegio Bicentenario De Excelencia Quilacahuin
Rama",7441,Lenguaje,500.7,COLEGIO BICENTENARIO DE EXCELENCIA QUILACAHUIN,"-40,3749613537922","-73,2645915925305"
2026,"Colegio Bicentenario De Excelencia Quilacahuin
Rama",7441,M1,517.8,COLEGIO BICENTENARIO DE EXCELENCIA QUILACAHUIN,"-40,3749613537922","-73,2645915925305"
2026,"Colegio Bicentenario De Excelencia Quilacahuin
Rama",7441,M2,443.3,COLEGIO BICENTENARIO DE EXCELENCIA QUILACAHUIN,"-40,3749613537922","-73,2645915925305"
2026,"Colegio Bicentenario De Excelencia Quilacahuin
Rama",7441,Historia,425.3,COLEGIO BICENTENARIO DE EXCELENCIA QUILACAHUIN,"-40,3749613537922","-73,2645915925305"
2026,"Colegio Bicentenario De Excelencia Quilacahuin
Rama",7441,Ciencias,384.2,COLEGIO BICENTENARIO DE EXCELENCIA QUILACAHUIN,"-40,3749613537922","-73,2645915925305"
2026,"Colegio Bicentenario De Excelencia Quilacahuin
Rama",7441,Obligatoria,509.3,COLEGIO BICENTENARIO DE EXCELENCIA QUILACAHUIN,"-40,3749613537922","-73,2645915925305"
2026,"Liceo Bicentenario People Help People De Pilmaiquen
Rama",7470,Lenguaje,553.2,LICEO BICENTENARIO PEOPLE HELP PEOPLE DE PILMAIQUEN,"-40,642399","-72,657227"
2026,"Liceo Bicentenario People Help People De Pilmaiquen
Rama",7470,M1,570.3,LICEO BICENTENARIO PEOPLE HELP PEOPLE DE PILMAIQUEN,"-40,642399","-72,657227"
2026,"Liceo Bicentenario People Help People De Pilmaiquen
Rama",7470,M2,384.8,LICEO BICENTENARIO PEOPLE HELP PEOPLE DE PILMAIQUEN,"-40,642399","-72,657227"
2026,"Liceo Bicentenario People Help People De Pilmaiquen
Rama",7470,Historia,497.0,LICEO BICENTENARIO PEOPLE HELP PEOPLE DE PILMAIQUEN,"-40,642399","-72,657227"
2026,"Liceo Bicentenario People Help People De Pilmaiquen
Rama",7470,Ciencias,410.6,LICEO BICENTENARIO PEOPLE HELP PEOPLE DE PILMAIQUEN,"-40,642399","-72,657227"
2026,"Liceo Bicentenario People Help People De Pilmaiquen
Rama",7470,Obligatoria,564.7,LICEO BICENTENARIO PEOPLE HELP PEOPLE DE PILMAIQUEN,"-40,642399","-72,657227"
2026,"Liceo Bicentenario People Help People De Pilmaiquen
Rama",7470,Lenguaje,561.6,LICEO BICENTENARIO PEOPLE HELP PEOPLE DE PILMAIQUEN,"-40,642399","-72,657227"
2026,"Liceo Bicentenario People Help People De Pilmaiquen
Rama",7470,M1,563.6,LICEO BICENTENARIO PEOPLE HELP PEOPLE DE PILMAIQUEN,"-40,642399","-72,657227"
2026,"Liceo Bicentenario People Help People De Pilmaiquen
Rama",7470,M2,390.0,LICEO BICENTENARIO PEOPLE HELP PEOPLE DE PILMAIQUEN,"-40,642399","-72,657227"
2026,"Liceo Bicentenario People Help People De Pilmaiquen
Rama",7470,Historia,456.8,LICEO BICENTENARIO PEOPLE HELP PEOPLE DE PILMAIQUEN,"-40,642399","-72,657227"
2026,"Liceo Bicentenario People Help People De Pilmaiquen
Rama",7470,Ciencias,403.0,LICEO BICENTENARIO PEOPLE HELP PEOPLE DE PILMAIQUEN,"-40,642399","-72,657227"
2026,"Liceo Bicentenario People Help People De Pilmaiquen
Rama",7470,Obligatoria,568.1,LICEO BICENTENARIO PEOPLE HELP PEOPLE DE PILMAIQUEN,"-40,642399","-72,657227"
2026,"Liceo Bicentenario Tomas Burgos
Rama",7505,Lenguaje,591.0,LICEO BICENTENARIO TOMAS BURGOS,"-40,918579","-73,156914"
2026,"Liceo Bicentenario Tomas Burgos
Rama",7505,M1,587.0,LICEO BICENTENARIO TOMAS BURGOS,"-40,918579","-73,156914"
2026,"Liceo Bicentenario Tomas Burgos
Rama",7505,M2,416.3,LICEO BICENTENARIO TOMAS BURGOS,"-40,918579","-73,156914"
2026,"Liceo Bicentenario Tomas Burgos
Rama",7505,Historia,489.7,LICEO BICENTENARIO TOMAS BURGOS,"-40,918579","-73,156914"
2026,"Liceo Bicentenario Tomas Burgos
Rama",7505,Ciencias,417.5,LICEO BICENTENARIO TOMAS BURGOS,"-40,918579","-73,156914"
2026,"Liceo Bicentenario Tomas Burgos
Rama",7505,Obligatoria,589.0,LICEO BICENTENARIO TOMAS BURGOS,"-40,918579","-73,156914"
2026,"Liceo Bicentenario Tomas Burgos
Rama",7505,Lenguaje,569.4,LICEO BICENTENARIO TOMAS BURGOS,"-40,918579","-73,156914"
2026,"Liceo Bicentenario Tomas Burgos
Rama",7505,M1,561.4,LICEO BICENTENARIO TOMAS BURGOS,"-40,918579","-73,156914"
2026,"Liceo Bicentenario Tomas Burgos
Rama",7505,M2,374.0,LICEO BICENTENARIO TOMAS BURGOS,"-40,918579","-73,156914"
2026,"Liceo Bicentenario Tomas Burgos
Rama",7505,Historia,476.6,LICEO BICENTENARIO TOMAS BURGOS,"-40,918579","-73,156914"
2026,"Liceo Bicentenario Tomas Burgos
Rama",7505,Ciencias,403.3,LICEO BICENTENARIO TOMAS BURGOS,"-40,918579","-73,156914"
2026,"Liceo Bicentenario Tomas Burgos
Rama",7505,Obligatoria,565.4,LICEO BICENTENARIO TOMAS BURGOS,"-40,918579","-73,156914"
2026,"Liceo Bicentenario Tomas Burgos
Rama",7505,Lenguaje,458.0,LICEO BICENTENARIO TOMAS BURGOS,"-40,918579","-73,156914"
2026,"Liceo Bicentenario Tomas Burgos
Rama",7505,M1,479.0,LICEO BICENTENARIO TOMAS BURGOS,"-40,918579","-73,156914"
2026,"Liceo Bicentenario Tomas Burgos
Rama",7505,M2,409.0,LICEO BICENTENARIO TOMAS BURGOS,"-40,918579","-73,156914"
2026,"Liceo Bicentenario Tomas Burgos
Rama",7505,Historia,348.0,LICEO BICENTENARIO TOMAS BURGOS,"-40,918579","-73,156914"
2026,"Liceo Bicentenario Tomas Burgos
Rama",7505,Ciencias,384.0,LICEO BICENTENARIO TOMAS BURGOS,"-40,918579","-73,156914"
2026,"Liceo Bicentenario Tomas Burgos
Rama",7505,Obligatoria,468.5,LICEO BICENTENARIO TOMAS BURGOS,"-40,918579","-73,156914"
2026,"Liceo Bicentenario Tomas Burgos
Rama",7505,Lenguaje,556.4,LICEO BICENTENARIO TOMAS BURGOS,"-40,918579","-73,156914"
2026,"Liceo Bicentenario Tomas Burgos
Rama",7505,M1,532.2,LICEO BICENTENARIO TOMAS BURGOS,"-40,918579","-73,156914"
2026,"Liceo Bicentenario Tomas Burgos
Rama",7505,M2,389.0,LICEO BICENTENARIO TOMAS BURGOS,"-40,918579","-73,156914"
2026,"Liceo Bicentenario Tomas Burgos
Rama",7505,Historia,462.0,LICEO BICENTENARIO TOMAS BURGOS,"-40,918579","-73,156914"
2026,"Liceo Bicentenario Tomas Burgos
Rama",7505,Ciencias,396.0,LICEO BICENTENARIO TOMAS BURGOS,"-40,918579","-73,156914"
2026,"Liceo Bicentenario Tomas Burgos
Rama",7505,Obligatoria,544.3,LICEO BICENTENARIO TOMAS BURGOS,"-40,918579","-73,156914"
2026,"Centro Educacion Integral De Adultos
Rama",7509,Lenguaje,510.0,CENTRO EDUCACION INTEGRAL DE ADULTOS,"-40,91317749","-73,16080475"
2026,"Centro Educacion Integral De Adultos
Rama",7509,M1,476.7,CENTRO EDUCACION INTEGRAL DE ADULTOS,"-40,91317749","-73,16080475"
2026,"Centro Educacion Integral De Adultos
Rama",7509,M2,0.0,CENTRO EDUCACION INTEGRAL DE ADULTOS,"-40,91317749","-73,16080475"
2026,"Centro Educacion Integral De Adultos
Rama",7509,Historia,476.3,CENTRO EDUCACION INTEGRAL DE ADULTOS,"-40,91317749","-73,16080475"
2026,"Centro Educacion Integral De Adultos
Rama",7509,Ciencias,495.0,CENTRO EDUCACION INTEGRAL DE ADULTOS,"-40,91317749","-73,16080475"
2026,"Centro Educacion Integral De Adultos
Rama",7509,Obligatoria,493.3,CENTRO EDUCACION INTEGRAL DE ADULTOS,"-40,91317749","-73,16080475"
2026,"Colegio Preciosa Sangre
Rama",7536,Lenguaje,607.3,COLEGIO PRECIOSA SANGRE,"-40,913288","-73,15712"
2026,"Colegio Preciosa Sangre
Rama",7536,M1,618.6,COLEGIO PRECIOSA SANGRE,"-40,913288","-73,15712"
2026,"Colegio Preciosa Sangre
Rama",7536,M2,399.2,COLEGIO PRECIOSA SANGRE,"-40,913288","-73,15712"
2026,"Colegio Preciosa Sangre
Rama",7536,Historia,495.0,COLEGIO PRECIOSA SANGRE,"-40,913288","-73,15712"
2026,"Colegio Preciosa Sangre
Rama",7536,Ciencias,451.7,COLEGIO PRECIOSA SANGRE,"-40,913288","-73,15712"
2026,"Colegio Preciosa Sangre
Rama",7536,Obligatoria,613.0,COLEGIO PRECIOSA SANGRE,"-40,913288","-73,15712"
2026,"Liceo Jose Toribio Medina
Rama",7542,Lenguaje,581.3,LICEO JOSE TORIBIO MEDINA,"-40,790031","-73,213387"
2026,"Liceo Jose Toribio Medina
Rama",7542,M1,603.7,LICEO JOSE TORIBIO MEDINA,"-40,790031","-73,213387"
2026,"Liceo Jose Toribio Medina
Rama",7542,M2,406.9,LICEO JOSE TORIBIO MEDINA,"-40,790031","-73,213387"
2026,"Liceo Jose Toribio Medina
Rama",7542,Historia,508.5,LICEO JOSE TORIBIO MEDINA,"-40,790031","-73,213387"
2026,"Liceo Jose Toribio Medina
Rama",7542,Ciencias,452.9,LICEO JOSE TORIBIO MEDINA,"-40,790031","-73,213387"
2026,"Liceo Jose Toribio Medina
Rama",7542,Obligatoria,592.5,LICEO JOSE TORIBIO MEDINA,"-40,790031","-73,213387"
2026,"Liceo Jose Toribio Medina
Rama",7542,Lenguaje,457.2,LICEO JOSE TORIBIO MEDINA,"-40,790031","-73,213387"
2026,"Liceo Jose Toribio Medina
Rama",7542,M1,487.2,LICEO JOSE TORIBIO MEDINA,"-40,790031","-73,213387"
2026,"Liceo Jose Toribio Medina
Rama",7542,M2,365.5,LICEO JOSE TORIBIO MEDINA,"-40,790031","-73,213387"
2026,"Liceo Jose Toribio Medina
Rama",7542,Historia,370.5,LICEO JOSE TORIBIO MEDINA,"-40,790031","-73,213387"
2026,"Liceo Jose Toribio Medina
Rama",7542,Ciencias,381.0,LICEO JOSE TORIBIO MEDINA,"-40,790031","-73,213387"
2026,"Liceo Jose Toribio Medina
Rama",7542,Obligatoria,472.2,LICEO JOSE TORIBIO MEDINA,"-40,790031","-73,213387"
2026,"Colegio Riachuelo
Rama",7544,Lenguaje,485.2,COLEGIO RIACHUELO,"-40,822811","-73,336052"
2026,"Colegio Riachuelo
Rama",7544,M1,537.9,COLEGIO RIACHUELO,"-40,822811","-73,336052"
2026,"Colegio Riachuelo
Rama",7544,M2,413.3,COLEGIO RIACHUELO,"-40,822811","-73,336052"
2026,"Colegio Riachuelo
Rama",7544,Historia,413.8,COLEGIO RIACHUELO,"-40,822811","-73,336052"
2026,"Colegio Riachuelo
Rama",7544,Ciencias,425.6,COLEGIO RIACHUELO,"-40,822811","-73,336052"
2026,"Colegio Riachuelo
Rama",7544,Obligatoria,512.9,COLEGIO RIACHUELO,"-40,822811","-73,336052"
2026,"Colegio Riachuelo
Rama",7544,Lenguaje,493.8,COLEGIO RIACHUELO,"-40,822811","-73,336052"
2026,"Colegio Riachuelo
Rama",7544,M1,527.3,COLEGIO RIACHUELO,"-40,822811","-73,336052"
2026,"Colegio Riachuelo
Rama",7544,M2,364.7,COLEGIO RIACHUELO,"-40,822811","-73,336052"
2026,"Colegio Riachuelo
Rama",7544,Historia,432.3,COLEGIO RIACHUELO,"-40,822811","-73,336052"
2026,"Colegio Riachuelo
Rama",7544,Ciencias,396.5,COLEGIO RIACHUELO,"-40,822811","-73,336052"
2026,"Colegio Riachuelo
Rama",7544,Obligatoria,510.5,COLEGIO RIACHUELO,"-40,822811","-73,336052"
2026,"Colegio Sagrada Familia
Rama",7572,Lenguaje,592.2,COLEGIO SAGRADA FAMILIA,"-40,803711","-73,216331"
2026,"Colegio Sagrada Familia
Rama",7572,M1,595.4,COLEGIO SAGRADA FAMILIA,"-40,803711","-73,216331"
2026,"Colegio Sagrada Familia
Rama",7572,M2,384.8,COLEGIO SAGRADA FAMILIA,"-40,803711","-73,216331"
2026,"Colegio Sagrada Familia
Rama",7572,Historia,468.4,COLEGIO SAGRADA FAMILIA,"-40,803711","-73,216331"
2026,"Colegio Sagrada Familia
Rama",7572,Ciencias,415.8,COLEGIO SAGRADA FAMILIA,"-40,803711","-73,216331"
2026,"Colegio Sagrada Familia
Rama",7572,Obligatoria,592.4,COLEGIO SAGRADA FAMILIA,"-40,803711","-73,216331"
2026,Liceo Bicentenario Agricola,7578,Lenguaje,553.5,LICEO BICENTENARIO AGRICOLA `VISTA HERMOSA`,"-40,784882","-73,215919"
2026,Liceo Bicentenario Agricola,7578,M1,611.9,LICEO BICENTENARIO AGRICOLA `VISTA HERMOSA`,"-40,784882","-73,215919"
2026,Liceo Bicentenario Agricola,7578,M2,434.5,LICEO BICENTENARIO AGRICOLA `VISTA HERMOSA`,"-40,784882","-73,215919"
2026,Liceo Bicentenario Agricola,7578,Historia,457.2,LICEO BICENTENARIO AGRICOLA `VISTA HERMOSA`,"-40,784882","-73,215919"
2026,Liceo Bicentenario Agricola,7578,Ciencias,409.7,LICEO BICENTENARIO AGRICOLA `VISTA HERMOSA`,"-40,784882","-73,215919"
2026,Liceo Bicentenario Agricola,7578,Obligatoria,583.8,LICEO BICENTENARIO AGRICOLA `VISTA HERMOSA`,"-40,784882","-73,215919"
2026,"Colegio Bicentenario De Excelencia Mision San Juan
Rama",7614,Lenguaje,558.0,COLEGIO BICENTENARIO DE EXCELENCIA MISION SAN JUAN DE LA COSTA,"-40,490292","-73,405212"
2026,"Colegio Bicentenario De Excelencia Mision San Juan
Rama",7614,M1,533.5,COLEGIO BICENTENARIO DE EXCELENCIA MISION SAN JUAN DE LA COSTA,"-40,490292","-73,405212"
2026,"Colegio Bicentenario De Excelencia Mision San Juan
Rama",7614,M2,0.0,COLEGIO BICENTENARIO DE EXCELENCIA MISION SAN JUAN DE LA COSTA,"-40,490292","-73,405212"
2026,"Colegio Bicentenario De Excelencia Mision San Juan
Rama",7614,Historia,426.5,COLEGIO BICENTENARIO DE EXCELENCIA MISION SAN JUAN DE LA COSTA,"-40,490292","-73,405212"
2026,"Colegio Bicentenario De Excelencia Mision San Juan
Rama",7614,Ciencias,383.6,COLEGIO BICENTENARIO DE EXCELENCIA MISION SAN JUAN DE LA COSTA,"-40,490292","-73,405212"
2026,"Colegio Bicentenario De Excelencia Mision San Juan
Rama",7614,Obligatoria,545.7,COLEGIO BICENTENARIO DE EXCELENCIA MISION SAN JUAN DE LA COSTA,"-40,490292","-73,405212"
2026,"Liceo Industrial Puerto Montt
Rama",7625,Lenguaje,545.1,LICEO INDUSTRIAL PUERTO MONTT,"-41,471519","-72,928703"
2026,"Liceo Industrial Puerto Montt
Rama",7625,M1,560.8,LICEO INDUSTRIAL PUERTO MONTT,"-41,471519","-72,928703"
2026,"Liceo Industrial Puerto Montt
Rama",7625,M2,395.6,LICEO INDUSTRIAL PUERTO MONTT,"-41,471519","-72,928703"
2026,"Liceo Industrial Puerto Montt
Rama",7625,Historia,424.7,LICEO INDUSTRIAL PUERTO MONTT,"-41,471519","-72,928703"
2026,"Liceo Industrial Puerto Montt
Rama",7625,Ciencias,383.0,LICEO INDUSTRIAL PUERTO MONTT,"-41,471519","-72,928703"
2026,"Liceo Industrial Puerto Montt
Rama",7625,Obligatoria,549.6,LICEO INDUSTRIAL PUERTO MONTT,"-41,471519","-72,928703"
2026,"Liceo Industrial Puerto Montt
Rama",7625,Lenguaje,488.3,LICEO INDUSTRIAL PUERTO MONTT,"-41,471519","-72,928703"
2026,"Liceo Industrial Puerto Montt
Rama",7625,M1,548.3,LICEO INDUSTRIAL PUERTO MONTT,"-41,471519","-72,928703"
2026,"Liceo Industrial Puerto Montt
Rama",7625,M2,366.0,LICEO INDUSTRIAL PUERTO MONTT,"-41,471519","-72,928703"
2026,"Liceo Industrial Puerto Montt
Rama",7625,Historia,403.6,LICEO INDUSTRIAL PUERTO MONTT,"-41,471519","-72,928703"
2026,"Liceo Industrial Puerto Montt
Rama",7625,Ciencias,372.7,LICEO INDUSTRIAL PUERTO MONTT,"-41,471519","-72,928703"
2026,"Liceo Industrial Puerto Montt
Rama",7625,Obligatoria,518.3,LICEO INDUSTRIAL PUERTO MONTT,"-41,471519","-72,928703"
2026,"Instituto Comercial De Puerto Montt
Rama",7626,Lenguaje,544.8,INSTITUTO COMERCIAL DE PUERTO MONTT,"-41,46777","-72,930542"
2026,"Instituto Comercial De Puerto Montt
Rama",7626,M1,551.6,INSTITUTO COMERCIAL DE PUERTO MONTT,"-41,46777","-72,930542"
2026,"Instituto Comercial De Puerto Montt
Rama",7626,M2,399.1,INSTITUTO COMERCIAL DE PUERTO MONTT,"-41,46777","-72,930542"
2026,"Instituto Comercial De Puerto Montt
Rama",7626,Historia,444.0,INSTITUTO COMERCIAL DE PUERTO MONTT,"-41,46777","-72,930542"
2026,"Instituto Comercial De Puerto Montt
Rama",7626,Ciencias,408.3,INSTITUTO COMERCIAL DE PUERTO MONTT,"-41,46777","-72,930542"
2026,"Instituto Comercial De Puerto Montt
Rama",7626,Obligatoria,548.1,INSTITUTO COMERCIAL DE PUERTO MONTT,"-41,46777","-72,930542"
2026,"Liceo De Hombres Manuel Montt
Rama",7627,Lenguaje,613.7,LICEO DE HOMBRES MANUEL MONTT,"-41,46949","-72,942574"
2026,"Liceo De Hombres Manuel Montt
Rama",7627,M1,628.4,LICEO DE HOMBRES MANUEL MONTT,"-41,46949","-72,942574"
2026,"Liceo De Hombres Manuel Montt
Rama",7627,M2,408.0,LICEO DE HOMBRES MANUEL MONTT,"-41,46949","-72,942574"
2026,"Liceo De Hombres Manuel Montt
Rama",7627,Historia,526.2,LICEO DE HOMBRES MANUEL MONTT,"-41,46949","-72,942574"
2026,"Liceo De Hombres Manuel Montt
Rama",7627,Ciencias,460.7,LICEO DE HOMBRES MANUEL MONTT,"-41,46949","-72,942574"
2026,"Liceo De Hombres Manuel Montt
Rama",7627,Obligatoria,621.8,LICEO DE HOMBRES MANUEL MONTT,"-41,46949","-72,942574"
2026,"Liceo Isidora Zegers De Huneeus
Rama",7628,Lenguaje,560.4,LICEO ISIDORA ZEGERS DE HUNEEUS,"-41,472012","-72,933151"
2026,"Liceo Isidora Zegers De Huneeus
Rama",7628,M1,562.6,LICEO ISIDORA ZEGERS DE HUNEEUS,"-41,472012","-72,933151"
2026,"Liceo Isidora Zegers De Huneeus
Rama",7628,M2,390.9,LICEO ISIDORA ZEGERS DE HUNEEUS,"-41,472012","-72,933151"
2026,"Liceo Isidora Zegers De Huneeus
Rama",7628,Historia,482.1,LICEO ISIDORA ZEGERS DE HUNEEUS,"-41,472012","-72,933151"
2026,"Liceo Isidora Zegers De Huneeus
Rama",7628,Ciencias,408.3,LICEO ISIDORA ZEGERS DE HUNEEUS,"-41,472012","-72,933151"
2026,"Liceo Isidora Zegers De Huneeus
Rama",7628,Obligatoria,561.1,LICEO ISIDORA ZEGERS DE HUNEEUS,"-41,472012","-72,933151"
2026,"Liceo Andres Bello
Rama",7629,Lenguaje,527.8,LICEO ANDRES BELLO,"-41,45974","-72,951591"
2026,"Liceo Andres Bello
Rama",7629,M1,561.5,LICEO ANDRES BELLO,"-41,45974","-72,951591"
2026,"Liceo Andres Bello
Rama",7629,M2,397.0,LICEO ANDRES BELLO,"-41,45974","-72,951591"
2026,"Liceo Andres Bello
Rama",7629,Historia,455.6,LICEO ANDRES BELLO,"-41,45974","-72,951591"
2026,"Liceo Andres Bello
Rama",7629,Ciencias,395.0,LICEO ANDRES BELLO,"-41,45974","-72,951591"
2026,"Liceo Andres Bello
Rama",7629,Obligatoria,540.0,LICEO ANDRES BELLO,"-41,45974","-72,951591"
2026,"Liceo Andres Bello
Rama",7629,Lenguaje,565.2,LICEO ANDRES BELLO,"-41,45974","-72,951591"
2026,"Liceo Andres Bello
Rama",7629,M1,572.3,LICEO ANDRES BELLO,"-41,45974","-72,951591"
2026,"Liceo Andres Bello
Rama",7629,M2,365.2,LICEO ANDRES BELLO,"-41,45974","-72,951591"
2026,"Liceo Andres Bello
Rama",7629,Historia,449.1,LICEO ANDRES BELLO,"-41,45974","-72,951591"
2026,"Liceo Andres Bello
Rama",7629,Ciencias,383.7,LICEO ANDRES BELLO,"-41,45974","-72,951591"
2026,"Liceo Andres Bello
Rama",7629,Obligatoria,572.7,LICEO ANDRES BELLO,"-41,45974","-72,951591"
2026,"Liceo Andres Bello
Rama",7629,Lenguaje,564.9,LICEO ANDRES BELLO,"-41,45974","-72,951591"
2026,"Liceo Andres Bello
Rama",7629,M1,576.2,LICEO ANDRES BELLO,"-41,45974","-72,951591"
2026,"Liceo Andres Bello
Rama",7629,M2,387.0,LICEO ANDRES BELLO,"-41,45974","-72,951591"
2026,"Liceo Andres Bello
Rama",7629,Historia,449.0,LICEO ANDRES BELLO,"-41,45974","-72,951591"
2026,"Liceo Andres Bello
Rama",7629,Ciencias,392.5,LICEO ANDRES BELLO,"-41,45974","-72,951591"
2026,"Liceo Andres Bello
Rama",7629,Obligatoria,574.6,LICEO ANDRES BELLO,"-41,45974","-72,951591"
2026,"Liceo Andres Bello
Rama",7629,Lenguaje,501.3,LICEO ANDRES BELLO,"-41,45974","-72,951591"
2026,"Liceo Andres Bello
Rama",7629,M1,482.5,LICEO ANDRES BELLO,"-41,45974","-72,951591"
2026,"Liceo Andres Bello
Rama",7629,M2,400.3,LICEO ANDRES BELLO,"-41,45974","-72,951591"
2026,"Liceo Andres Bello
Rama",7629,Historia,383.3,LICEO ANDRES BELLO,"-41,45974","-72,951591"
2026,"Liceo Andres Bello
Rama",7629,Ciencias,370.7,LICEO ANDRES BELLO,"-41,45974","-72,951591"
2026,"Liceo Andres Bello
Rama",7629,Obligatoria,492.6,LICEO ANDRES BELLO,"-41,45974","-72,951591"
2026,"Colegio Dario Salas
Rama",7639,Lenguaje,604.4,COLEGIO DARIO SALAS,"-41,464031","-72,931519"
2026,"Colegio Dario Salas
Rama",7639,M1,600.4,COLEGIO DARIO SALAS,"-41,464031","-72,931519"
2026,"Colegio Dario Salas
Rama",7639,M2,406.1,COLEGIO DARIO SALAS,"-41,464031","-72,931519"
2026,"Colegio Dario Salas
Rama",7639,Historia,482.3,COLEGIO DARIO SALAS,"-41,464031","-72,931519"
2026,"Colegio Dario Salas
Rama",7639,Ciencias,441.5,COLEGIO DARIO SALAS,"-41,464031","-72,931519"
2026,"Colegio Dario Salas
Rama",7639,Obligatoria,602.9,COLEGIO DARIO SALAS,"-41,464031","-72,931519"
2026,"Escuela De Cultura Y Difusion Artistica
Rama",7650,Lenguaje,566.7,ESCUELA DE CULTURA Y DIFUSION ARTISTICA,"-41,47690582","-72,95062256"
2026,"Escuela De Cultura Y Difusion Artistica
Rama",7650,M1,571.9,ESCUELA DE CULTURA Y DIFUSION ARTISTICA,"-41,47690582","-72,95062256"
2026,"Escuela De Cultura Y Difusion Artistica
Rama",7650,M2,406.8,ESCUELA DE CULTURA Y DIFUSION ARTISTICA,"-41,47690582","-72,95062256"
2026,"Escuela De Cultura Y Difusion Artistica
Rama",7650,Historia,455.7,ESCUELA DE CULTURA Y DIFUSION ARTISTICA,"-41,47690582","-72,95062256"
2026,"Escuela De Cultura Y Difusion Artistica
Rama",7650,Ciencias,432.6,ESCUELA DE CULTURA Y DIFUSION ARTISTICA,"-41,47690582","-72,95062256"
2026,"Escuela De Cultura Y Difusion Artistica
Rama",7650,Obligatoria,569.3,ESCUELA DE CULTURA Y DIFUSION ARTISTICA,"-41,47690582","-72,95062256"
2026,"Colegio Tecnico Profesional Piedra Azul
Rama",7651,Lenguaje,492.4,COLEGIO TECNICO PROFESIONAL PIEDRA AZUL,"-41,50882","-72,788307"
2026,"Colegio Tecnico Profesional Piedra Azul
Rama",7651,M1,464.8,COLEGIO TECNICO PROFESIONAL PIEDRA AZUL,"-41,50882","-72,788307"
2026,"Colegio Tecnico Profesional Piedra Azul
Rama",7651,M2,292.0,COLEGIO TECNICO PROFESIONAL PIEDRA AZUL,"-41,50882","-72,788307"
2026,"Colegio Tecnico Profesional Piedra Azul
Rama",7651,Historia,348.0,COLEGIO TECNICO PROFESIONAL PIEDRA AZUL,"-41,50882","-72,788307"
2026,"Colegio Tecnico Profesional Piedra Azul
Rama",7651,Ciencias,405.7,COLEGIO TECNICO PROFESIONAL PIEDRA AZUL,"-41,50882","-72,788307"
2026,"Colegio Tecnico Profesional Piedra Azul
Rama",7651,Obligatoria,485.1,COLEGIO TECNICO PROFESIONAL PIEDRA AZUL,"-41,50882","-72,788307"
2026,"Centro De Educacion De Adultos Jose Bernardo Suarez
Rama",7667,Lenguaje,499.3,CENTRO DE EDUCACION DE ADULTOS JOSE BERNARDO SUAREZ,"-41,46850586","-72,94135284"
2026,"Centro De Educacion De Adultos Jose Bernardo Suarez
Rama",7667,M1,471.0,CENTRO DE EDUCACION DE ADULTOS JOSE BERNARDO SUAREZ,"-41,46850586","-72,94135284"
2026,"Centro De Educacion De Adultos Jose Bernardo Suarez
Rama",7667,M2,0.0,CENTRO DE EDUCACION DE ADULTOS JOSE BERNARDO SUAREZ,"-41,46850586","-72,94135284"
2026,"Centro De Educacion De Adultos Jose Bernardo Suarez
Rama",7667,Historia,561.0,CENTRO DE EDUCACION DE ADULTOS JOSE BERNARDO SUAREZ,"-41,46850586","-72,94135284"
2026,"Centro De Educacion De Adultos Jose Bernardo Suarez
Rama",7667,Ciencias,410.0,CENTRO DE EDUCACION DE ADULTOS JOSE BERNARDO SUAREZ,"-41,46850586","-72,94135284"
2026,"Centro De Educacion De Adultos Jose Bernardo Suarez
Rama",7667,Obligatoria,485.1,CENTRO DE EDUCACION DE ADULTOS JOSE BERNARDO SUAREZ,"-41,46850586","-72,94135284"
2026,"Colegio Salesiano Padre Jose Fernandez Perez
Rama",7699,Lenguaje,668.9,COLEGIO SALESIANO PADRE JOSE FERNANDEZ PEREZ,"-41,463249","-72,962486"
2026,"Colegio Salesiano Padre Jose Fernandez Perez
Rama",7699,M1,704.3,COLEGIO SALESIANO PADRE JOSE FERNANDEZ PEREZ,"-41,463249","-72,962486"
2026,"Colegio Salesiano Padre Jose Fernandez Perez
Rama",7699,M2,516.7,COLEGIO SALESIANO PADRE JOSE FERNANDEZ PEREZ,"-41,463249","-72,962486"
2026,"Colegio Salesiano Padre Jose Fernandez Perez
Rama",7699,Historia,564.0,COLEGIO SALESIANO PADRE JOSE FERNANDEZ PEREZ,"-41,463249","-72,962486"
2026,"Colegio Salesiano Padre Jose Fernandez Perez
Rama",7699,Ciencias,515.7,COLEGIO SALESIANO PADRE JOSE FERNANDEZ PEREZ,"-41,463249","-72,962486"
2026,"Colegio Salesiano Padre Jose Fernandez Perez
Rama",7699,Obligatoria,686.6,COLEGIO SALESIANO PADRE JOSE FERNANDEZ PEREZ,"-41,463249","-72,962486"
2026,"Colegio Salesiano Padre Jose Fernandez Perez
Rama",7699,Lenguaje,579.1,COLEGIO SALESIANO PADRE JOSE FERNANDEZ PEREZ,"-41,463249","-72,962486"
2026,"Colegio Salesiano Padre Jose Fernandez Perez
Rama",7699,M1,612.0,COLEGIO SALESIANO PADRE JOSE FERNANDEZ PEREZ,"-41,463249","-72,962486"
2026,"Colegio Salesiano Padre Jose Fernandez Perez
Rama",7699,M2,404.4,COLEGIO SALESIANO PADRE JOSE FERNANDEZ PEREZ,"-41,463249","-72,962486"
2026,"Colegio Salesiano Padre Jose Fernandez Perez
Rama",7699,Historia,467.5,COLEGIO SALESIANO PADRE JOSE FERNANDEZ PEREZ,"-41,463249","-72,962486"
2026,"Colegio Salesiano Padre Jose Fernandez Perez
Rama",7699,Ciencias,416.5,COLEGIO SALESIANO PADRE JOSE FERNANDEZ PEREZ,"-41,463249","-72,962486"
2026,"Colegio Salesiano Padre Jose Fernandez Perez
Rama",7699,Obligatoria,595.5,COLEGIO SALESIANO PADRE JOSE FERNANDEZ PEREZ,"-41,463249","-72,962486"
2026,"Colegio Salesiano Padre Jose Fernandez Perez
Rama",7699,Lenguaje,560.6,COLEGIO SALESIANO PADRE JOSE FERNANDEZ PEREZ,"-41,463249","-72,962486"
2026,"Colegio Salesiano Padre Jose Fernandez Perez
Rama",7699,M1,599.9,COLEGIO SALESIANO PADRE JOSE FERNANDEZ PEREZ,"-41,463249","-72,962486"
2026,"Colegio Salesiano Padre Jose Fernandez Perez
Rama",7699,M2,392.4,COLEGIO SALESIANO PADRE JOSE FERNANDEZ PEREZ,"-41,463249","-72,962486"
2026,"Colegio Salesiano Padre Jose Fernandez Perez
Rama",7699,Historia,476.9,COLEGIO SALESIANO PADRE JOSE FERNANDEZ PEREZ,"-41,463249","-72,962486"
2026,"Colegio Salesiano Padre Jose Fernandez Perez
Rama",7699,Ciencias,423.2,COLEGIO SALESIANO PADRE JOSE FERNANDEZ PEREZ,"-41,463249","-72,962486"
2026,"Colegio Salesiano Padre Jose Fernandez Perez
Rama",7699,Obligatoria,580.7,COLEGIO SALESIANO PADRE JOSE FERNANDEZ PEREZ,"-41,463249","-72,962486"
2026,"Colegio San Francisco Javier
Rama",7700,Lenguaje,735.6,COLEGIO SAN FRANCISCO JAVIER,"-41,470714","-72,94311"
2026,"Colegio San Francisco Javier
Rama",7700,M1,818.5,COLEGIO SAN FRANCISCO JAVIER,"-41,470714","-72,94311"
2026,"Colegio San Francisco Javier
Rama",7700,M2,525.5,COLEGIO SAN FRANCISCO JAVIER,"-41,470714","-72,94311"
2026,"Colegio San Francisco Javier
Rama",7700,Historia,644.0,COLEGIO SAN FRANCISCO JAVIER,"-41,470714","-72,94311"
2026,"Colegio San Francisco Javier
Rama",7700,Ciencias,612.5,COLEGIO SAN FRANCISCO JAVIER,"-41,470714","-72,94311"
2026,"Colegio San Francisco Javier
Rama",7700,Obligatoria,777.1,COLEGIO SAN FRANCISCO JAVIER,"-41,470714","-72,94311"
2026,"Colegio Arriaran Barros
Rama",7701,Lenguaje,641.6,COLEGIO ARRIARAN BARROS,"-41,46933","-72,938072"
2026,"Colegio Arriaran Barros
Rama",7701,M1,646.9,COLEGIO ARRIARAN BARROS,"-41,46933","-72,938072"
2026,"Colegio Arriaran Barros
Rama",7701,M2,402.9,COLEGIO ARRIARAN BARROS,"-41,46933","-72,938072"
2026,"Colegio Arriaran Barros
Rama",7701,Historia,491.0,COLEGIO ARRIARAN BARROS,"-41,46933","-72,938072"
2026,"Colegio Arriaran Barros
Rama",7701,Ciencias,491.5,COLEGIO ARRIARAN BARROS,"-41,46933","-72,938072"
2026,"Colegio Arriaran Barros
Rama",7701,Obligatoria,644.1,COLEGIO ARRIARAN BARROS,"-41,46933","-72,938072"
2026,"Instituto Politecnico Maria Auxiliadora
Rama",7705,Lenguaje,562.0,INSTITUTO POLITECNICO MARIA AUXILIADORA,"-41,4746356","-72,9508565"
2026,"Instituto Politecnico Maria Auxiliadora
Rama",7705,M1,563.3,INSTITUTO POLITECNICO MARIA AUXILIADORA,"-41,4746356","-72,9508565"
2026,"Instituto Politecnico Maria Auxiliadora
Rama",7705,M2,392.1,INSTITUTO POLITECNICO MARIA AUXILIADORA,"-41,4746356","-72,9508565"
2026,"Instituto Politecnico Maria Auxiliadora
Rama",7705,Historia,482.2,INSTITUTO POLITECNICO MARIA AUXILIADORA,"-41,4746356","-72,9508565"
2026,"Instituto Politecnico Maria Auxiliadora
Rama",7705,Ciencias,375.9,INSTITUTO POLITECNICO MARIA AUXILIADORA,"-41,4746356","-72,9508565"
2026,"Instituto Politecnico Maria Auxiliadora
Rama",7705,Obligatoria,562.6,INSTITUTO POLITECNICO MARIA AUXILIADORA,"-41,4746356","-72,9508565"
2026,"Instituto Politecnico Maria Auxiliadora
Rama",7705,Lenguaje,560.2,INSTITUTO POLITECNICO MARIA AUXILIADORA,"-41,4746356","-72,9508565"
2026,"Instituto Politecnico Maria Auxiliadora
Rama",7705,M1,551.2,INSTITUTO POLITECNICO MARIA AUXILIADORA,"-41,4746356","-72,9508565"
2026,"Instituto Politecnico Maria Auxiliadora
Rama",7705,M2,380.7,INSTITUTO POLITECNICO MARIA AUXILIADORA,"-41,4746356","-72,9508565"
2026,"Instituto Politecnico Maria Auxiliadora
Rama",7705,Historia,477.0,INSTITUTO POLITECNICO MARIA AUXILIADORA,"-41,4746356","-72,9508565"
2026,"Instituto Politecnico Maria Auxiliadora
Rama",7705,Ciencias,390.6,INSTITUTO POLITECNICO MARIA AUXILIADORA,"-41,4746356","-72,9508565"
2026,"Instituto Politecnico Maria Auxiliadora
Rama",7705,Obligatoria,555.7,INSTITUTO POLITECNICO MARIA AUXILIADORA,"-41,4746356","-72,9508565"
2026,"Instituto Politecnico Maria Auxiliadora
Rama",7705,Lenguaje,505.5,INSTITUTO POLITECNICO MARIA AUXILIADORA,"-41,4746356","-72,9508565"
2026,"Instituto Politecnico Maria Auxiliadora
Rama",7705,M1,517.6,INSTITUTO POLITECNICO MARIA AUXILIADORA,"-41,4746356","-72,9508565"
2026,"Instituto Politecnico Maria Auxiliadora
Rama",7705,M2,380.8,INSTITUTO POLITECNICO MARIA AUXILIADORA,"-41,4746356","-72,9508565"
2026,"Instituto Politecnico Maria Auxiliadora
Rama",7705,Historia,434.5,INSTITUTO POLITECNICO MARIA AUXILIADORA,"-41,4746356","-72,9508565"
2026,"Instituto Politecnico Maria Auxiliadora
Rama",7705,Ciencias,381.8,INSTITUTO POLITECNICO MARIA AUXILIADORA,"-41,4746356","-72,9508565"
2026,"Instituto Politecnico Maria Auxiliadora
Rama",7705,Obligatoria,513.4,INSTITUTO POLITECNICO MARIA AUXILIADORA,"-41,4746356","-72,9508565"
2026,"Colegio San Maximiliano Kolbe De Puerto Montt
Rama",7706,Lenguaje,671.1,COLEGIO SAN MAXIMILIANO KOLBE DE PUERTO MONTT,"-41,452572","-72,935928"
2026,"Colegio San Maximiliano Kolbe De Puerto Montt
Rama",7706,M1,690.2,COLEGIO SAN MAXIMILIANO KOLBE DE PUERTO MONTT,"-41,452572","-72,935928"
2026,"Colegio San Maximiliano Kolbe De Puerto Montt
Rama",7706,M2,465.2,COLEGIO SAN MAXIMILIANO KOLBE DE PUERTO MONTT,"-41,452572","-72,935928"
2026,"Colegio San Maximiliano Kolbe De Puerto Montt
Rama",7706,Historia,564.7,COLEGIO SAN MAXIMILIANO KOLBE DE PUERTO MONTT,"-41,452572","-72,935928"
2026,"Colegio San Maximiliano Kolbe De Puerto Montt
Rama",7706,Ciencias,504.3,COLEGIO SAN MAXIMILIANO KOLBE DE PUERTO MONTT,"-41,452572","-72,935928"
2026,"Colegio San Maximiliano Kolbe De Puerto Montt
Rama",7706,Obligatoria,681.0,COLEGIO SAN MAXIMILIANO KOLBE DE PUERTO MONTT,"-41,452572","-72,935928"
2026,"Colegio Inmaculada Concepcion
Rama",7707,Lenguaje,644.2,COLEGIO INMACULADA CONCEPCION,"-41,466991","-72,939423"
2026,"Colegio Inmaculada Concepcion
Rama",7707,M1,653.1,COLEGIO INMACULADA CONCEPCION,"-41,466991","-72,939423"
2026,"Colegio Inmaculada Concepcion
Rama",7707,M2,442.1,COLEGIO INMACULADA CONCEPCION,"-41,466991","-72,939423"
2026,"Colegio Inmaculada Concepcion
Rama",7707,Historia,534.7,COLEGIO INMACULADA CONCEPCION,"-41,466991","-72,939423"
2026,"Colegio Inmaculada Concepcion
Rama",7707,Ciencias,506.5,COLEGIO INMACULADA CONCEPCION,"-41,466991","-72,939423"
2026,"Colegio Inmaculada Concepcion
Rama",7707,Obligatoria,648.3,COLEGIO INMACULADA CONCEPCION,"-41,466991","-72,939423"
2026,"Colegio San Jose Puerto Montt
Rama",7709,Lenguaje,616.3,COLEGIO SAN JOSE PUERTO MONTT,"-41,46627","-72,932152"
2026,"Colegio San Jose Puerto Montt
Rama",7709,M1,624.1,COLEGIO SAN JOSE PUERTO MONTT,"-41,46627","-72,932152"
2026,"Colegio San Jose Puerto Montt
Rama",7709,M2,410.9,COLEGIO SAN JOSE PUERTO MONTT,"-41,46627","-72,932152"
2026,"Colegio San Jose Puerto Montt
Rama",7709,Historia,527.1,COLEGIO SAN JOSE PUERTO MONTT,"-41,46627","-72,932152"
2026,"Colegio San Jose Puerto Montt
Rama",7709,Ciencias,428.3,COLEGIO SAN JOSE PUERTO MONTT,"-41,46627","-72,932152"
2026,"Colegio San Jose Puerto Montt
Rama",7709,Obligatoria,623.7,COLEGIO SAN JOSE PUERTO MONTT,"-41,46627","-72,932152"
2026,"Instituto Aleman De Puerto Montt
Rama",7717,Lenguaje,765.6,INSTITUTO ALEMAN DE PUERTO MONTT,"-41,469784","-72,93321"
2026,"Instituto Aleman De Puerto Montt
Rama",7717,M1,836.1,INSTITUTO ALEMAN DE PUERTO MONTT,"-41,469784","-72,93321"
2026,"Instituto Aleman De Puerto Montt
Rama",7717,M2,523.6,INSTITUTO ALEMAN DE PUERTO MONTT,"-41,469784","-72,93321"
2026,"Instituto Aleman De Puerto Montt
Rama",7717,Historia,718.6,INSTITUTO ALEMAN DE PUERTO MONTT,"-41,469784","-72,93321"
2026,"Instituto Aleman De Puerto Montt
Rama",7717,Ciencias,689.2,INSTITUTO ALEMAN DE PUERTO MONTT,"-41,469784","-72,93321"
2026,"Instituto Aleman De Puerto Montt
Rama",7717,Obligatoria,800.9,INSTITUTO ALEMAN DE PUERTO MONTT,"-41,469784","-72,93321"
2026,"The American School
Rama",7718,Lenguaje,704.1,THE AMERICAN SCHOOL,"-41,456517","-72,91312"
2026,"The American School
Rama",7718,M1,799.5,THE AMERICAN SCHOOL,"-41,456517","-72,91312"
2026,"The American School
Rama",7718,M2,532.3,THE AMERICAN SCHOOL,"-41,456517","-72,91312"
2026,"The American School
Rama",7718,Historia,721.9,THE AMERICAN SCHOOL,"-41,456517","-72,91312"
2026,"The American School
Rama",7718,Ciencias,607.3,THE AMERICAN SCHOOL,"-41,456517","-72,91312"
2026,"The American School
Rama",7718,Obligatoria,751.8,THE AMERICAN SCHOOL,"-41,456517","-72,91312"
2026,"Liceo Pedro Aguirre Cerda
Rama",7720,Lenguaje,569.9,LICEO PEDRO AGUIRRE CERDA,"-41,320721","-72,980972"
2026,"Liceo Pedro Aguirre Cerda
Rama",7720,M1,589.7,LICEO PEDRO AGUIRRE CERDA,"-41,320721","-72,980972"
2026,"Liceo Pedro Aguirre Cerda
Rama",7720,M2,388.4,LICEO PEDRO AGUIRRE CERDA,"-41,320721","-72,980972"
2026,"Liceo Pedro Aguirre Cerda
Rama",7720,Historia,474.0,LICEO PEDRO AGUIRRE CERDA,"-41,320721","-72,980972"
2026,"Liceo Pedro Aguirre Cerda
Rama",7720,Ciencias,422.1,LICEO PEDRO AGUIRRE CERDA,"-41,320721","-72,980972"
2026,"Liceo Pedro Aguirre Cerda
Rama",7720,Obligatoria,581.2,LICEO PEDRO AGUIRRE CERDA,"-41,320721","-72,980972"
2026,"Liceo Pedro Aguirre Cerda
Rama",7720,Lenguaje,515.0,LICEO PEDRO AGUIRRE CERDA,"-41,320721","-72,980972"
2026,"Liceo Pedro Aguirre Cerda
Rama",7720,M1,507.2,LICEO PEDRO AGUIRRE CERDA,"-41,320721","-72,980972"
2026,"Liceo Pedro Aguirre Cerda
Rama",7720,M2,416.5,LICEO PEDRO AGUIRRE CERDA,"-41,320721","-72,980972"
2026,"Liceo Pedro Aguirre Cerda
Rama",7720,Historia,458.0,LICEO PEDRO AGUIRRE CERDA,"-41,320721","-72,980972"
2026,"Liceo Pedro Aguirre Cerda
Rama",7720,Ciencias,384.0,LICEO PEDRO AGUIRRE CERDA,"-41,320721","-72,980972"
2026,"Liceo Pedro Aguirre Cerda
Rama",7720,Obligatoria,511.1,LICEO PEDRO AGUIRRE CERDA,"-41,320721","-72,980972"
2026,"Liceo Pedro Aguirre Cerda
Rama",7720,Lenguaje,564.8,LICEO PEDRO AGUIRRE CERDA,"-41,320721","-72,980972"
2026,"Liceo Pedro Aguirre Cerda
Rama",7720,M1,587.9,LICEO PEDRO AGUIRRE CERDA,"-41,320721","-72,980972"
2026,"Liceo Pedro Aguirre Cerda
Rama",7720,M2,375.3,LICEO PEDRO AGUIRRE CERDA,"-41,320721","-72,980972"
2026,"Liceo Pedro Aguirre Cerda
Rama",7720,Historia,433.8,LICEO PEDRO AGUIRRE CERDA,"-41,320721","-72,980972"
2026,"Liceo Pedro Aguirre Cerda
Rama",7720,Ciencias,408.8,LICEO PEDRO AGUIRRE CERDA,"-41,320721","-72,980972"
2026,"Liceo Pedro Aguirre Cerda
Rama",7720,Obligatoria,576.4,LICEO PEDRO AGUIRRE CERDA,"-41,320721","-72,980972"
2026,"Liceo Pedro Aguirre Cerda
Rama",7720,Lenguaje,484.8,LICEO PEDRO AGUIRRE CERDA,"-41,320721","-72,980972"
2026,"Liceo Pedro Aguirre Cerda
Rama",7720,M1,450.3,LICEO PEDRO AGUIRRE CERDA,"-41,320721","-72,980972"
2026,"Liceo Pedro Aguirre Cerda
Rama",7720,M2,341.5,LICEO PEDRO AGUIRRE CERDA,"-41,320721","-72,980972"
2026,"Liceo Pedro Aguirre Cerda
Rama",7720,Historia,416.9,LICEO PEDRO AGUIRRE CERDA,"-41,320721","-72,980972"
2026,"Liceo Pedro Aguirre Cerda
Rama",7720,Ciencias,383.0,LICEO PEDRO AGUIRRE CERDA,"-41,320721","-72,980972"
2026,"Liceo Pedro Aguirre Cerda
Rama",7720,Obligatoria,467.5,LICEO PEDRO AGUIRRE CERDA,"-41,320721","-72,980972"
2026,"Colegio Rosita Novaro De Novaro Puerto Varas
Rama",7722,Lenguaje,548.1,COLEGIO ROSITA NOVARO DE NOVARO PUERTO VARAS,"-41,32592","-72,974327"
2026,"Colegio Rosita Novaro De Novaro Puerto Varas
Rama",7722,M1,594.4,COLEGIO ROSITA NOVARO DE NOVARO PUERTO VARAS,"-41,32592","-72,974327"
2026,"Colegio Rosita Novaro De Novaro Puerto Varas
Rama",7722,M2,403.2,COLEGIO ROSITA NOVARO DE NOVARO PUERTO VARAS,"-41,32592","-72,974327"
2026,"Colegio Rosita Novaro De Novaro Puerto Varas
Rama",7722,Historia,458.0,COLEGIO ROSITA NOVARO DE NOVARO PUERTO VARAS,"-41,32592","-72,974327"
2026,"Colegio Rosita Novaro De Novaro Puerto Varas
Rama",7722,Ciencias,422.8,COLEGIO ROSITA NOVARO DE NOVARO PUERTO VARAS,"-41,32592","-72,974327"
2026,"Colegio Rosita Novaro De Novaro Puerto Varas
Rama",7722,Obligatoria,571.3,COLEGIO ROSITA NOVARO DE NOVARO PUERTO VARAS,"-41,32592","-72,974327"
2026,"Colegio Rosita Novaro De Novaro Puerto Varas
Rama",7722,Lenguaje,501.1,COLEGIO ROSITA NOVARO DE NOVARO PUERTO VARAS,"-41,32592","-72,974327"
2026,"Colegio Rosita Novaro De Novaro Puerto Varas
Rama",7722,M1,522.4,COLEGIO ROSITA NOVARO DE NOVARO PUERTO VARAS,"-41,32592","-72,974327"
2026,"Colegio Rosita Novaro De Novaro Puerto Varas
Rama",7722,M2,366.0,COLEGIO ROSITA NOVARO DE NOVARO PUERTO VARAS,"-41,32592","-72,974327"
2026,"Colegio Rosita Novaro De Novaro Puerto Varas
Rama",7722,Historia,454.5,COLEGIO ROSITA NOVARO DE NOVARO PUERTO VARAS,"-41,32592","-72,974327"
2026,"Colegio Rosita Novaro De Novaro Puerto Varas
Rama",7722,Ciencias,384.4,COLEGIO ROSITA NOVARO DE NOVARO PUERTO VARAS,"-41,32592","-72,974327"
2026,"Colegio Rosita Novaro De Novaro Puerto Varas
Rama",7722,Obligatoria,511.8,COLEGIO ROSITA NOVARO DE NOVARO PUERTO VARAS,"-41,32592","-72,974327"
2026,"Colegio Nueva Braunau
Rama",7724,Lenguaje,520.2,CNB ARTISTICO,"-41,325279","-73,080032"
2026,"Colegio Nueva Braunau
Rama",7724,M1,545.3,CNB ARTISTICO,"-41,325279","-73,080032"
2026,"Colegio Nueva Braunau
Rama",7724,M2,384.2,CNB ARTISTICO,"-41,325279","-73,080032"
2026,"Colegio Nueva Braunau
Rama",7724,Historia,431.4,CNB ARTISTICO,"-41,325279","-73,080032"
2026,"Colegio Nueva Braunau
Rama",7724,Ciencias,410.3,CNB ARTISTICO,"-41,325279","-73,080032"
2026,"Colegio Nueva Braunau
Rama",7724,Obligatoria,532.8,CNB ARTISTICO,"-41,325279","-73,080032"
2026,"Colegio Germania Del Verbo Divino
Rama",7742,Lenguaje,705.3,COLEGIO GERMANIA DEL VERBO DIVINO,"-41,32076","-72,98888"
2026,"Colegio Germania Del Verbo Divino
Rama",7742,M1,782.0,COLEGIO GERMANIA DEL VERBO DIVINO,"-41,32076","-72,98888"
2026,"Colegio Germania Del Verbo Divino
Rama",7742,M2,504.2,COLEGIO GERMANIA DEL VERBO DIVINO,"-41,32076","-72,98888"
2026,"Colegio Germania Del Verbo Divino
Rama",7742,Historia,612.1,COLEGIO GERMANIA DEL VERBO DIVINO,"-41,32076","-72,98888"
2026,"Colegio Germania Del Verbo Divino
Rama",7742,Ciencias,566.9,COLEGIO GERMANIA DEL VERBO DIVINO,"-41,32076","-72,98888"
2026,"Colegio Germania Del Verbo Divino
Rama",7742,Obligatoria,743.7,COLEGIO GERMANIA DEL VERBO DIVINO,"-41,32076","-72,98888"
2026,"Colegio Bicentenario Felmer Niklitschek
Rama",7743,Lenguaje,672.6,COLEGIO  BICENTENARIO FELMER NIKLITSCHEK,"-41,329842","-72,966766"
2026,"Colegio Bicentenario Felmer Niklitschek
Rama",7743,M1,702.6,COLEGIO  BICENTENARIO FELMER NIKLITSCHEK,"-41,329842","-72,966766"
2026,"Colegio Bicentenario Felmer Niklitschek
Rama",7743,M2,463.0,COLEGIO  BICENTENARIO FELMER NIKLITSCHEK,"-41,329842","-72,966766"
2026,"Colegio Bicentenario Felmer Niklitschek
Rama",7743,Historia,578.0,COLEGIO  BICENTENARIO FELMER NIKLITSCHEK,"-41,329842","-72,966766"
2026,"Colegio Bicentenario Felmer Niklitschek
Rama",7743,Ciencias,487.9,COLEGIO  BICENTENARIO FELMER NIKLITSCHEK,"-41,329842","-72,966766"
2026,"Colegio Bicentenario Felmer Niklitschek
Rama",7743,Obligatoria,687.6,COLEGIO  BICENTENARIO FELMER NIKLITSCHEK,"-41,329842","-72,966766"
2026,"Colegio Bicentenario Felmer Niklitschek
Rama",7743,Lenguaje,562.2,COLEGIO  BICENTENARIO FELMER NIKLITSCHEK,"-41,329842","-72,966766"
2026,"Colegio Bicentenario Felmer Niklitschek
Rama",7743,M1,600.2,COLEGIO  BICENTENARIO FELMER NIKLITSCHEK,"-41,329842","-72,966766"
2026,"Colegio Bicentenario Felmer Niklitschek
Rama",7743,M2,377.4,COLEGIO  BICENTENARIO FELMER NIKLITSCHEK,"-41,329842","-72,966766"
2026,"Colegio Bicentenario Felmer Niklitschek
Rama",7743,Historia,459.8,COLEGIO  BICENTENARIO FELMER NIKLITSCHEK,"-41,329842","-72,966766"
2026,"Colegio Bicentenario Felmer Niklitschek
Rama",7743,Ciencias,404.6,COLEGIO  BICENTENARIO FELMER NIKLITSCHEK,"-41,329842","-72,966766"
2026,"Colegio Bicentenario Felmer Niklitschek
Rama",7743,Obligatoria,585.2,COLEGIO  BICENTENARIO FELMER NIKLITSCHEK,"-41,329842","-72,966766"
2026,"Colegio Inmaculada Concepcion Puerto Varas
Rama",7744,Lenguaje,678.3,COLEGIO INMACULADA CONCEPCION PUERTO VARAS,"-41,319118","-72,988159"
2026,"Colegio Inmaculada Concepcion Puerto Varas
Rama",7744,M1,703.3,COLEGIO INMACULADA CONCEPCION PUERTO VARAS,"-41,319118","-72,988159"
2026,"Colegio Inmaculada Concepcion Puerto Varas
Rama",7744,M2,464.7,COLEGIO INMACULADA CONCEPCION PUERTO VARAS,"-41,319118","-72,988159"
2026,"Colegio Inmaculada Concepcion Puerto Varas
Rama",7744,Historia,611.4,COLEGIO INMACULADA CONCEPCION PUERTO VARAS,"-41,319118","-72,988159"
2026,"Colegio Inmaculada Concepcion Puerto Varas
Rama",7744,Ciencias,502.1,COLEGIO INMACULADA CONCEPCION PUERTO VARAS,"-41,319118","-72,988159"
2026,"Colegio Inmaculada Concepcion Puerto Varas
Rama",7744,Obligatoria,694.7,COLEGIO INMACULADA CONCEPCION PUERTO VARAS,"-41,319118","-72,988159"
2026,"Escuela Basica Fronteriza Juan Soler Manfredini
Rama",7753,Lenguaje,561.7,ESCUELA BASICA FRONTERIZA JUAN SOLER MANFREDINI,"-41,493","-72,307114"
2026,"Escuela Basica Fronteriza Juan Soler Manfredini
Rama",7753,M1,538.0,ESCUELA BASICA FRONTERIZA JUAN SOLER MANFREDINI,"-41,493","-72,307114"
2026,"Escuela Basica Fronteriza Juan Soler Manfredini
Rama",7753,M2,396.0,ESCUELA BASICA FRONTERIZA JUAN SOLER MANFREDINI,"-41,493","-72,307114"
2026,"Escuela Basica Fronteriza Juan Soler Manfredini
Rama",7753,Historia,520.0,ESCUELA BASICA FRONTERIZA JUAN SOLER MANFREDINI,"-41,493","-72,307114"
2026,"Escuela Basica Fronteriza Juan Soler Manfredini
Rama",7753,Ciencias,402.0,ESCUELA BASICA FRONTERIZA JUAN SOLER MANFREDINI,"-41,493","-72,307114"
2026,"Escuela Basica Fronteriza Juan Soler Manfredini
Rama",7753,Obligatoria,549.8,ESCUELA BASICA FRONTERIZA JUAN SOLER MANFREDINI,"-41,493","-72,307114"
2026,"Escuela Basica Fronteriza Juan Soler Manfredini
Rama",7753,Lenguaje,475.5,ESCUELA BASICA FRONTERIZA JUAN SOLER MANFREDINI,"-41,493","-72,307114"
2026,"Escuela Basica Fronteriza Juan Soler Manfredini
Rama",7753,M1,470.5,ESCUELA BASICA FRONTERIZA JUAN SOLER MANFREDINI,"-41,493","-72,307114"
2026,"Escuela Basica Fronteriza Juan Soler Manfredini
Rama",7753,M2,312.0,ESCUELA BASICA FRONTERIZA JUAN SOLER MANFREDINI,"-41,493","-72,307114"
2026,"Escuela Basica Fronteriza Juan Soler Manfredini
Rama",7753,Historia,356.0,ESCUELA BASICA FRONTERIZA JUAN SOLER MANFREDINI,"-41,493","-72,307114"
2026,"Escuela Basica Fronteriza Juan Soler Manfredini
Rama",7753,Ciencias,375.0,ESCUELA BASICA FRONTERIZA JUAN SOLER MANFREDINI,"-41,493","-72,307114"
2026,"Escuela Basica Fronteriza Juan Soler Manfredini
Rama",7753,Obligatoria,473.0,ESCUELA BASICA FRONTERIZA JUAN SOLER MANFREDINI,"-41,493","-72,307114"
2026,"Escuela Rural Rio Puelo
Rama",7760,Lenguaje,552.3,ESCUELA RURAL RIO PUELO,"-41,662731","-72,295311"
2026,"Escuela Rural Rio Puelo
Rama",7760,M1,595.9,ESCUELA RURAL RIO PUELO,"-41,662731","-72,295311"
2026,"Escuela Rural Rio Puelo
Rama",7760,M2,382.6,ESCUELA RURAL RIO PUELO,"-41,662731","-72,295311"
2026,"Escuela Rural Rio Puelo
Rama",7760,Historia,465.0,ESCUELA RURAL RIO PUELO,"-41,662731","-72,295311"
2026,"Escuela Rural Rio Puelo
Rama",7760,Ciencias,435.7,ESCUELA RURAL RIO PUELO,"-41,662731","-72,295311"
2026,"Escuela Rural Rio Puelo
Rama",7760,Obligatoria,574.1,ESCUELA RURAL RIO PUELO,"-41,662731","-72,295311"
2026,"Liceo Politecnico Calbuco
Rama",7772,Lenguaje,575.4,LICEO POLITECNICO CALBUCO,"-41,772789","-73,126694"
2026,"Liceo Politecnico Calbuco
Rama",7772,M1,575.4,LICEO POLITECNICO CALBUCO,"-41,772789","-73,126694"
2026,"Liceo Politecnico Calbuco
Rama",7772,M2,389.5,LICEO POLITECNICO CALBUCO,"-41,772789","-73,126694"
2026,"Liceo Politecnico Calbuco
Rama",7772,Historia,442.7,LICEO POLITECNICO CALBUCO,"-41,772789","-73,126694"
2026,"Liceo Politecnico Calbuco
Rama",7772,Ciencias,419.8,LICEO POLITECNICO CALBUCO,"-41,772789","-73,126694"
2026,"Liceo Politecnico Calbuco
Rama",7772,Obligatoria,576.4,LICEO POLITECNICO CALBUCO,"-41,772789","-73,126694"
2026,"Liceo Politecnico Calbuco
Rama",7772,Lenguaje,537.3,LICEO POLITECNICO CALBUCO,"-41,772789","-73,126694"
2026,"Liceo Politecnico Calbuco
Rama",7772,M1,438.0,LICEO POLITECNICO CALBUCO,"-41,772789","-73,126694"
2026,"Liceo Politecnico Calbuco
Rama",7772,M2,396.0,LICEO POLITECNICO CALBUCO,"-41,772789","-73,126694"
2026,"Liceo Politecnico Calbuco
Rama",7772,Historia,413.5,LICEO POLITECNICO CALBUCO,"-41,772789","-73,126694"
2026,"Liceo Politecnico Calbuco
Rama",7772,Ciencias,373.5,LICEO POLITECNICO CALBUCO,"-41,772789","-73,126694"
2026,"Liceo Politecnico Calbuco
Rama",7772,Obligatoria,487.6,LICEO POLITECNICO CALBUCO,"-41,772789","-73,126694"
2026,"Liceo Politecnico Calbuco
Rama",7772,Lenguaje,503.2,LICEO POLITECNICO CALBUCO,"-41,772789","-73,126694"
2026,"Liceo Politecnico Calbuco
Rama",7772,M1,545.2,LICEO POLITECNICO CALBUCO,"-41,772789","-73,126694"
2026,"Liceo Politecnico Calbuco
Rama",7772,M2,410.5,LICEO POLITECNICO CALBUCO,"-41,772789","-73,126694"
2026,"Liceo Politecnico Calbuco
Rama",7772,Historia,429.7,LICEO POLITECNICO CALBUCO,"-41,772789","-73,126694"
2026,"Liceo Politecnico Calbuco
Rama",7772,Ciencias,372.8,LICEO POLITECNICO CALBUCO,"-41,772789","-73,126694"
2026,"Liceo Politecnico Calbuco
Rama",7772,Obligatoria,525.2,LICEO POLITECNICO CALBUCO,"-41,772789","-73,126694"
2026,"Liceo Politecnico Calbuco
Rama",7772,Lenguaje,556.6,LICEO POLITECNICO CALBUCO,"-41,772789","-73,126694"
2026,"Liceo Politecnico Calbuco
Rama",7772,M1,512.5,LICEO POLITECNICO CALBUCO,"-41,772789","-73,126694"
2026,"Liceo Politecnico Calbuco
Rama",7772,M2,423.0,LICEO POLITECNICO CALBUCO,"-41,772789","-73,126694"
2026,"Liceo Politecnico Calbuco
Rama",7772,Historia,530.0,LICEO POLITECNICO CALBUCO,"-41,772789","-73,126694"
2026,"Liceo Politecnico Calbuco
Rama",7772,Ciencias,393.6,LICEO POLITECNICO CALBUCO,"-41,772789","-73,126694"
2026,"Liceo Politecnico Calbuco
Rama",7772,Obligatoria,534.6,LICEO POLITECNICO CALBUCO,"-41,772789","-73,126694"
2026,"Liceo Politecnico Calbuco
Rama",7772,Lenguaje,521.0,LICEO POLITECNICO CALBUCO,"-41,772789","-73,126694"
2026,"Liceo Politecnico Calbuco
Rama",7772,M1,541.6,LICEO POLITECNICO CALBUCO,"-41,772789","-73,126694"
2026,"Liceo Politecnico Calbuco
Rama",7772,M2,394.1,LICEO POLITECNICO CALBUCO,"-41,772789","-73,126694"
2026,"Liceo Politecnico Calbuco
Rama",7772,Historia,409.6,LICEO POLITECNICO CALBUCO,"-41,772789","-73,126694"
2026,"Liceo Politecnico Calbuco
Rama",7772,Ciencias,374.6,LICEO POLITECNICO CALBUCO,"-41,772789","-73,126694"
2026,"Liceo Politecnico Calbuco
Rama",7772,Obligatoria,522.8,LICEO POLITECNICO CALBUCO,"-41,772789","-73,126694"
2026,"Colegio Eulogio Goycolea Garay
Rama",7773,Lenguaje,578.3,COLEGIO EULOGIO GOYCOLEA GARAY,"-41,773529","-73,128563"
2026,"Colegio Eulogio Goycolea Garay
Rama",7773,M1,591.6,COLEGIO EULOGIO GOYCOLEA GARAY,"-41,773529","-73,128563"
2026,"Colegio Eulogio Goycolea Garay
Rama",7773,M2,428.6,COLEGIO EULOGIO GOYCOLEA GARAY,"-41,773529","-73,128563"
2026,"Colegio Eulogio Goycolea Garay
Rama",7773,Historia,445.6,COLEGIO EULOGIO GOYCOLEA GARAY,"-41,773529","-73,128563"
2026,"Colegio Eulogio Goycolea Garay
Rama",7773,Ciencias,447.8,COLEGIO EULOGIO GOYCOLEA GARAY,"-41,773529","-73,128563"
2026,"Colegio Eulogio Goycolea Garay
Rama",7773,Obligatoria,585.0,COLEGIO EULOGIO GOYCOLEA GARAY,"-41,773529","-73,128563"
2026,"Escuela Rural Pargua
Rama",7775,Lenguaje,542.4,ESCUELA RURAL PARGUA,"-41,78989","-73,457474"
2026,"Escuela Rural Pargua
Rama",7775,M1,518.8,ESCUELA RURAL PARGUA,"-41,78989","-73,457474"
2026,"Escuela Rural Pargua
Rama",7775,M2,379.7,ESCUELA RURAL PARGUA,"-41,78989","-73,457474"
2026,"Escuela Rural Pargua
Rama",7775,Historia,474.2,ESCUELA RURAL PARGUA,"-41,78989","-73,457474"
2026,"Escuela Rural Pargua
Rama",7775,Ciencias,415.5,ESCUELA RURAL PARGUA,"-41,78989","-73,457474"
2026,"Escuela Rural Pargua
Rama",7775,Obligatoria,530.6,ESCUELA RURAL PARGUA,"-41,78989","-73,457474"
2026,"Escuela Rural El Sembrador
Rama",7776,Lenguaje,481.8,ESCUELA RURAL EL SEMBRADOR,"-41,819","-73,074692"
2026,"Escuela Rural El Sembrador
Rama",7776,M1,471.8,ESCUELA RURAL EL SEMBRADOR,"-41,819","-73,074692"
2026,"Escuela Rural El Sembrador
Rama",7776,M2,410.0,ESCUELA RURAL EL SEMBRADOR,"-41,819","-73,074692"
2026,"Escuela Rural El Sembrador
Rama",7776,Historia,377.3,ESCUELA RURAL EL SEMBRADOR,"-41,819","-73,074692"
2026,"Escuela Rural El Sembrador
Rama",7776,Ciencias,367.8,ESCUELA RURAL EL SEMBRADOR,"-41,819","-73,074692"
2026,"Escuela Rural El Sembrador
Rama",7776,Obligatoria,476.8,ESCUELA RURAL EL SEMBRADOR,"-41,819","-73,074692"
2026,"Colegio San Miguel
Rama",7826,Lenguaje,591.9,COLEGIO SAN MIGUEL,"-41,771839","-73,128517"
2026,"Colegio San Miguel
Rama",7826,M1,625.5,COLEGIO SAN MIGUEL,"-41,771839","-73,128517"
2026,"Colegio San Miguel
Rama",7826,M2,408.4,COLEGIO SAN MIGUEL,"-41,771839","-73,128517"
2026,"Colegio San Miguel
Rama",7826,Historia,464.4,COLEGIO SAN MIGUEL,"-41,771839","-73,128517"
2026,"Colegio San Miguel
Rama",7826,Ciencias,466.9,COLEGIO SAN MIGUEL,"-41,771839","-73,128517"
2026,"Colegio San Miguel
Rama",7826,Obligatoria,608.7,COLEGIO SAN MIGUEL,"-41,771839","-73,128517"
2026,"Liceo Capitan De Fragata Francisco Vidal Gormaz
Rama",7830,Lenguaje,535.2,LICEO CAPITAN DE FRAGATA FRANCISCO VIDAL GORMAZ,"-41,615688","-73,600861"
2026,"Liceo Capitan De Fragata Francisco Vidal Gormaz
Rama",7830,M1,560.1,LICEO CAPITAN DE FRAGATA FRANCISCO VIDAL GORMAZ,"-41,615688","-73,600861"
2026,"Liceo Capitan De Fragata Francisco Vidal Gormaz
Rama",7830,M2,438.0,LICEO CAPITAN DE FRAGATA FRANCISCO VIDAL GORMAZ,"-41,615688","-73,600861"
2026,"Liceo Capitan De Fragata Francisco Vidal Gormaz
Rama",7830,Historia,379.8,LICEO CAPITAN DE FRAGATA FRANCISCO VIDAL GORMAZ,"-41,615688","-73,600861"
2026,"Liceo Capitan De Fragata Francisco Vidal Gormaz
Rama",7830,Ciencias,465.3,LICEO CAPITAN DE FRAGATA FRANCISCO VIDAL GORMAZ,"-41,615688","-73,600861"
2026,"Liceo Capitan De Fragata Francisco Vidal Gormaz
Rama",7830,Obligatoria,547.6,LICEO CAPITAN DE FRAGATA FRANCISCO VIDAL GORMAZ,"-41,615688","-73,600861"
2026,"Liceo Capitan De Fragata Francisco Vidal Gormaz
Rama",7830,Lenguaje,435.7,LICEO CAPITAN DE FRAGATA FRANCISCO VIDAL GORMAZ,"-41,615688","-73,600861"
2026,"Liceo Capitan De Fragata Francisco Vidal Gormaz
Rama",7830,M1,534.8,LICEO CAPITAN DE FRAGATA FRANCISCO VIDAL GORMAZ,"-41,615688","-73,600861"
2026,"Liceo Capitan De Fragata Francisco Vidal Gormaz
Rama",7830,M2,0.0,LICEO CAPITAN DE FRAGATA FRANCISCO VIDAL GORMAZ,"-41,615688","-73,600861"
2026,"Liceo Capitan De Fragata Francisco Vidal Gormaz
Rama",7830,Historia,429.3,LICEO CAPITAN DE FRAGATA FRANCISCO VIDAL GORMAZ,"-41,615688","-73,600861"
2026,"Liceo Capitan De Fragata Francisco Vidal Gormaz
Rama",7830,Ciencias,365.8,LICEO CAPITAN DE FRAGATA FRANCISCO VIDAL GORMAZ,"-41,615688","-73,600861"
2026,"Liceo Capitan De Fragata Francisco Vidal Gormaz
Rama",7830,Obligatoria,496.7,LICEO CAPITAN DE FRAGATA FRANCISCO VIDAL GORMAZ,"-41,615688","-73,600861"
2026,"Colegio Bicentenario De Difusion Artistica Los Ulmo
Rama",7872,Lenguaje,538.0,COLEGIO BICENTENARIO DE DIFUSION ARTISTICA LOS ULMOS,"-41,391781","-73,457581"
2026,"Colegio Bicentenario De Difusion Artistica Los Ulmo
Rama",7872,M1,547.6,COLEGIO BICENTENARIO DE DIFUSION ARTISTICA LOS ULMOS,"-41,391781","-73,457581"
2026,"Colegio Bicentenario De Difusion Artistica Los Ulmo
Rama",7872,M2,426.8,COLEGIO BICENTENARIO DE DIFUSION ARTISTICA LOS ULMOS,"-41,391781","-73,457581"
2026,"Colegio Bicentenario De Difusion Artistica Los Ulmo
Rama",7872,Historia,429.9,COLEGIO BICENTENARIO DE DIFUSION ARTISTICA LOS ULMOS,"-41,391781","-73,457581"
2026,"Colegio Bicentenario De Difusion Artistica Los Ulmo
Rama",7872,Ciencias,380.6,COLEGIO BICENTENARIO DE DIFUSION ARTISTICA LOS ULMOS,"-41,391781","-73,457581"
2026,"Colegio Bicentenario De Difusion Artistica Los Ulmo
Rama",7872,Obligatoria,542.8,COLEGIO BICENTENARIO DE DIFUSION ARTISTICA LOS ULMOS,"-41,391781","-73,457581"
2026,"Colegio Ramon Angel Jara
Rama",7907,Lenguaje,596.8,COLEGIO RAMON ANGEL JARA,"-41,393391","-73,46624"
2026,"Colegio Ramon Angel Jara
Rama",7907,M1,610.6,COLEGIO RAMON ANGEL JARA,"-41,393391","-73,46624"
2026,"Colegio Ramon Angel Jara
Rama",7907,M2,416.9,COLEGIO RAMON ANGEL JARA,"-41,393391","-73,46624"
2026,"Colegio Ramon Angel Jara
Rama",7907,Historia,503.0,COLEGIO RAMON ANGEL JARA,"-41,393391","-73,46624"
2026,"Colegio Ramon Angel Jara
Rama",7907,Ciencias,443.1,COLEGIO RAMON ANGEL JARA,"-41,393391","-73,46624"
2026,"Colegio Ramon Angel Jara
Rama",7907,Obligatoria,604.6,COLEGIO RAMON ANGEL JARA,"-41,393391","-73,46624"
2026,"Liceo Carlos Ibañez Del Campo
Rama",7941,Lenguaje,578.4,LICEO CARLOS IBAÑEZ DEL CAMPO,"-41,153351","-73,416786"
2026,"Liceo Carlos Ibañez Del Campo
Rama",7941,M1,607.9,LICEO CARLOS IBAÑEZ DEL CAMPO,"-41,153351","-73,416786"
2026,"Liceo Carlos Ibañez Del Campo
Rama",7941,M2,416.0,LICEO CARLOS IBAÑEZ DEL CAMPO,"-41,153351","-73,416786"
2026,"Liceo Carlos Ibañez Del Campo
Rama",7941,Historia,440.7,LICEO CARLOS IBAÑEZ DEL CAMPO,"-41,153351","-73,416786"
2026,"Liceo Carlos Ibañez Del Campo
Rama",7941,Ciencias,436.8,LICEO CARLOS IBAÑEZ DEL CAMPO,"-41,153351","-73,416786"
2026,"Liceo Carlos Ibañez Del Campo
Rama",7941,Obligatoria,593.1,LICEO CARLOS IBAÑEZ DEL CAMPO,"-41,153351","-73,416786"
2026,"Liceo Carlos Ibañez Del Campo
Rama",7941,Lenguaje,516.1,LICEO CARLOS IBAÑEZ DEL CAMPO,"-41,153351","-73,416786"
2026,"Liceo Carlos Ibañez Del Campo
Rama",7941,M1,519.6,LICEO CARLOS IBAÑEZ DEL CAMPO,"-41,153351","-73,416786"
2026,"Liceo Carlos Ibañez Del Campo
Rama",7941,M2,388.9,LICEO CARLOS IBAÑEZ DEL CAMPO,"-41,153351","-73,416786"
2026,"Liceo Carlos Ibañez Del Campo
Rama",7941,Historia,427.5,LICEO CARLOS IBAÑEZ DEL CAMPO,"-41,153351","-73,416786"
2026,"Liceo Carlos Ibañez Del Campo
Rama",7941,Ciencias,393.9,LICEO CARLOS IBAÑEZ DEL CAMPO,"-41,153351","-73,416786"
2026,"Liceo Carlos Ibañez Del Campo
Rama",7941,Obligatoria,519.8,LICEO CARLOS IBAÑEZ DEL CAMPO,"-41,153351","-73,416786"
2026,"Liceo Carlos Ibañez Del Campo
Rama",7941,Lenguaje,481.4,LICEO CARLOS IBAÑEZ DEL CAMPO,"-41,153351","-73,416786"
2026,"Liceo Carlos Ibañez Del Campo
Rama",7941,M1,469.4,LICEO CARLOS IBAÑEZ DEL CAMPO,"-41,153351","-73,416786"
2026,"Liceo Carlos Ibañez Del Campo
Rama",7941,M2,0.0,LICEO CARLOS IBAÑEZ DEL CAMPO,"-41,153351","-73,416786"
2026,"Liceo Carlos Ibañez Del Campo
Rama",7941,Historia,386.8,LICEO CARLOS IBAÑEZ DEL CAMPO,"-41,153351","-73,416786"
2026,"Liceo Carlos Ibañez Del Campo
Rama",7941,Ciencias,351.0,LICEO CARLOS IBAÑEZ DEL CAMPO,"-41,153351","-73,416786"
2026,"Liceo Carlos Ibañez Del Campo
Rama",7941,Obligatoria,475.4,LICEO CARLOS IBAÑEZ DEL CAMPO,"-41,153351","-73,416786"
2026,"Liceo Carlos Ibañez Del Campo
Rama",7941,Lenguaje,498.3,LICEO CARLOS IBAÑEZ DEL CAMPO,"-41,153351","-73,416786"
2026,"Liceo Carlos Ibañez Del Campo
Rama",7941,M1,509.8,LICEO CARLOS IBAÑEZ DEL CAMPO,"-41,153351","-73,416786"
2026,"Liceo Carlos Ibañez Del Campo
Rama",7941,M2,0.0,LICEO CARLOS IBAÑEZ DEL CAMPO,"-41,153351","-73,416786"
2026,"Liceo Carlos Ibañez Del Campo
Rama",7941,Historia,394.5,LICEO CARLOS IBAÑEZ DEL CAMPO,"-41,153351","-73,416786"
2026,"Liceo Carlos Ibañez Del Campo
Rama",7941,Ciencias,404.8,LICEO CARLOS IBAÑEZ DEL CAMPO,"-41,153351","-73,416786"
2026,"Liceo Carlos Ibañez Del Campo
Rama",7941,Obligatoria,499.5,LICEO CARLOS IBAÑEZ DEL CAMPO,"-41,153351","-73,416786"
2026,"Colegio Purisimo Corazon De Maria
Rama",7942,Lenguaje,580.3,COLEGIO PURISIMO CORAZON DE MARIA,"-41,154072","-73,423401"
2026,"Colegio Purisimo Corazon De Maria
Rama",7942,M1,603.5,COLEGIO PURISIMO CORAZON DE MARIA,"-41,154072","-73,423401"
2026,"Colegio Purisimo Corazon De Maria
Rama",7942,M2,425.3,COLEGIO PURISIMO CORAZON DE MARIA,"-41,154072","-73,423401"
2026,"Colegio Purisimo Corazon De Maria
Rama",7942,Historia,449.1,COLEGIO PURISIMO CORAZON DE MARIA,"-41,154072","-73,423401"
2026,"Colegio Purisimo Corazon De Maria
Rama",7942,Ciencias,464.6,COLEGIO PURISIMO CORAZON DE MARIA,"-41,154072","-73,423401"
2026,"Colegio Purisimo Corazon De Maria
Rama",7942,Obligatoria,593.9,COLEGIO PURISIMO CORAZON DE MARIA,"-41,154072","-73,423401"
2026,"Liceo Bicentenario Politecnico Holanda
Rama",7956,Lenguaje,625.6,LICEO BICENTENARIO POLITECNICO HOLANDA,"-41,2691","-72,997993"
2026,"Liceo Bicentenario Politecnico Holanda
Rama",7956,M1,598.1,LICEO BICENTENARIO POLITECNICO HOLANDA,"-41,2691","-72,997993"
2026,"Liceo Bicentenario Politecnico Holanda
Rama",7956,M2,475.7,LICEO BICENTENARIO POLITECNICO HOLANDA,"-41,2691","-72,997993"
2026,"Liceo Bicentenario Politecnico Holanda
Rama",7956,Historia,570.2,LICEO BICENTENARIO POLITECNICO HOLANDA,"-41,2691","-72,997993"
2026,"Liceo Bicentenario Politecnico Holanda
Rama",7956,Ciencias,414.0,LICEO BICENTENARIO POLITECNICO HOLANDA,"-41,2691","-72,997993"
2026,"Liceo Bicentenario Politecnico Holanda
Rama",7956,Obligatoria,615.2,LICEO BICENTENARIO POLITECNICO HOLANDA,"-41,2691","-72,997993"
2026,"Liceo Bicentenario Politecnico Holanda
Rama",7956,Lenguaje,498.2,LICEO BICENTENARIO POLITECNICO HOLANDA,"-41,2691","-72,997993"
2026,"Liceo Bicentenario Politecnico Holanda
Rama",7956,M1,523.5,LICEO BICENTENARIO POLITECNICO HOLANDA,"-41,2691","-72,997993"
2026,"Liceo Bicentenario Politecnico Holanda
Rama",7956,M2,390.9,LICEO BICENTENARIO POLITECNICO HOLANDA,"-41,2691","-72,997993"
2026,"Liceo Bicentenario Politecnico Holanda
Rama",7956,Historia,389.0,LICEO BICENTENARIO POLITECNICO HOLANDA,"-41,2691","-72,997993"
2026,"Liceo Bicentenario Politecnico Holanda
Rama",7956,Ciencias,396.6,LICEO BICENTENARIO POLITECNICO HOLANDA,"-41,2691","-72,997993"
2026,"Liceo Bicentenario Politecnico Holanda
Rama",7956,Obligatoria,510.9,LICEO BICENTENARIO POLITECNICO HOLANDA,"-41,2691","-72,997993"
2026,"Liceo Bicentenario Politecnico Holanda
Rama",7956,Lenguaje,504.3,LICEO BICENTENARIO POLITECNICO HOLANDA,"-41,2691","-72,997993"
2026,"Liceo Bicentenario Politecnico Holanda
Rama",7956,M1,528.6,LICEO BICENTENARIO POLITECNICO HOLANDA,"-41,2691","-72,997993"
2026,"Liceo Bicentenario Politecnico Holanda
Rama",7956,M2,385.2,LICEO BICENTENARIO POLITECNICO HOLANDA,"-41,2691","-72,997993"
2026,"Liceo Bicentenario Politecnico Holanda
Rama",7956,Historia,423.8,LICEO BICENTENARIO POLITECNICO HOLANDA,"-41,2691","-72,997993"
2026,"Liceo Bicentenario Politecnico Holanda
Rama",7956,Ciencias,371.7,LICEO BICENTENARIO POLITECNICO HOLANDA,"-41,2691","-72,997993"
2026,"Liceo Bicentenario Politecnico Holanda
Rama",7956,Obligatoria,517.9,LICEO BICENTENARIO POLITECNICO HOLANDA,"-41,2691","-72,997993"
2026,Escuela Particular N,7970,Lenguaje,537.0,ESCUELA PARTICULAR N.239 LOS VOLCANES,"-41,271839","-72,995537"
2026,Escuela Particular N,7970,M1,566.0,ESCUELA PARTICULAR N.239 LOS VOLCANES,"-41,271839","-72,995537"
2026,Escuela Particular N,7970,M2,431.0,ESCUELA PARTICULAR N.239 LOS VOLCANES,"-41,271839","-72,995537"
2026,Escuela Particular N,7970,Historia,0.0,ESCUELA PARTICULAR N.239 LOS VOLCANES,"-41,271839","-72,995537"
2026,Escuela Particular N,7970,Ciencias,335.0,ESCUELA PARTICULAR N.239 LOS VOLCANES,"-41,271839","-72,995537"
2026,Escuela Particular N,7970,Obligatoria,551.5,ESCUELA PARTICULAR N.239 LOS VOLCANES,"-41,271839","-72,995537"
2026,Liceo Industrial Chileno,7973,Lenguaje,522.2,LICEO INDUSTRIAL CHILENO-ALEMAN,"-41,13213","-73,03257"
2026,Liceo Industrial Chileno,7973,M1,554.3,LICEO INDUSTRIAL CHILENO-ALEMAN,"-41,13213","-73,03257"
2026,Liceo Industrial Chileno,7973,M2,391.3,LICEO INDUSTRIAL CHILENO-ALEMAN,"-41,13213","-73,03257"
2026,Liceo Industrial Chileno,7973,Historia,415.9,LICEO INDUSTRIAL CHILENO-ALEMAN,"-41,13213","-73,03257"
2026,Liceo Industrial Chileno,7973,Ciencias,386.8,LICEO INDUSTRIAL CHILENO-ALEMAN,"-41,13213","-73,03257"
2026,Liceo Industrial Chileno,7973,Obligatoria,540.2,LICEO INDUSTRIAL CHILENO-ALEMAN,"-41,13213","-73,03257"
2026,Colegio Particular N,7989,Lenguaje,590.6,COLEGIO PARTICULAR N. 244 `MADRE DE DIOS`,"-41,127102","-73,057404"
2026,Colegio Particular N,7989,M1,573.3,COLEGIO PARTICULAR N. 244 `MADRE DE DIOS`,"-41,127102","-73,057404"
2026,Colegio Particular N,7989,M2,401.1,COLEGIO PARTICULAR N. 244 `MADRE DE DIOS`,"-41,127102","-73,057404"
2026,Colegio Particular N,7989,Historia,499.3,COLEGIO PARTICULAR N. 244 `MADRE DE DIOS`,"-41,127102","-73,057404"
2026,Colegio Particular N,7989,Ciencias,406.2,COLEGIO PARTICULAR N. 244 `MADRE DE DIOS`,"-41,127102","-73,057404"
2026,Colegio Particular N,7989,Obligatoria,581.9,COLEGIO PARTICULAR N. 244 `MADRE DE DIOS`,"-41,127102","-73,057404"
2026,"Instituto Aleman De Frutillar
Rama",8000,Lenguaje,681.2,INSTITUTO ALEMAN DE FRUTILLAR,"-41,1299148","-73,0279844"
2026,"Instituto Aleman De Frutillar
Rama",8000,M1,815.3,INSTITUTO ALEMAN DE FRUTILLAR,"-41,1299148","-73,0279844"
2026,"Instituto Aleman De Frutillar
Rama",8000,M2,495.0,INSTITUTO ALEMAN DE FRUTILLAR,"-41,1299148","-73,0279844"
2026,"Instituto Aleman De Frutillar
Rama",8000,Historia,667.7,INSTITUTO ALEMAN DE FRUTILLAR,"-41,1299148","-73,0279844"
2026,"Instituto Aleman De Frutillar
Rama",8000,Ciencias,541.0,INSTITUTO ALEMAN DE FRUTILLAR,"-41,1299148","-73,0279844"
2026,"Instituto Aleman De Frutillar
Rama",8000,Obligatoria,748.2,INSTITUTO ALEMAN DE FRUTILLAR,"-41,1299148","-73,0279844"
2026,"Liceo Politecnico De Castro
Rama",8001,Lenguaje,567.1,LICEO POLITECNICO DE CASTRO,"-42,480202","-73,768593"
2026,"Liceo Politecnico De Castro
Rama",8001,M1,589.9,LICEO POLITECNICO DE CASTRO,"-42,480202","-73,768593"
2026,"Liceo Politecnico De Castro
Rama",8001,M2,383.3,LICEO POLITECNICO DE CASTRO,"-42,480202","-73,768593"
2026,"Liceo Politecnico De Castro
Rama",8001,Historia,447.8,LICEO POLITECNICO DE CASTRO,"-42,480202","-73,768593"
2026,"Liceo Politecnico De Castro
Rama",8001,Ciencias,406.9,LICEO POLITECNICO DE CASTRO,"-42,480202","-73,768593"
2026,"Liceo Politecnico De Castro
Rama",8001,Obligatoria,576.9,LICEO POLITECNICO DE CASTRO,"-42,480202","-73,768593"
2026,"Liceo Politecnico De Castro
Rama",8001,Lenguaje,561.1,LICEO POLITECNICO DE CASTRO,"-42,480202","-73,768593"
2026,"Liceo Politecnico De Castro
Rama",8001,M1,586.9,LICEO POLITECNICO DE CASTRO,"-42,480202","-73,768593"
2026,"Liceo Politecnico De Castro
Rama",8001,M2,391.5,LICEO POLITECNICO DE CASTRO,"-42,480202","-73,768593"
2026,"Liceo Politecnico De Castro
Rama",8001,Historia,455.3,LICEO POLITECNICO DE CASTRO,"-42,480202","-73,768593"
2026,"Liceo Politecnico De Castro
Rama",8001,Ciencias,412.0,LICEO POLITECNICO DE CASTRO,"-42,480202","-73,768593"
2026,"Liceo Politecnico De Castro
Rama",8001,Obligatoria,574.0,LICEO POLITECNICO DE CASTRO,"-42,480202","-73,768593"
2026,"Liceo Politecnico De Castro
Rama",8001,Lenguaje,569.6,LICEO POLITECNICO DE CASTRO,"-42,480202","-73,768593"
2026,"Liceo Politecnico De Castro
Rama",8001,M1,565.2,LICEO POLITECNICO DE CASTRO,"-42,480202","-73,768593"
2026,"Liceo Politecnico De Castro
Rama",8001,M2,392.5,LICEO POLITECNICO DE CASTRO,"-42,480202","-73,768593"
2026,"Liceo Politecnico De Castro
Rama",8001,Historia,431.7,LICEO POLITECNICO DE CASTRO,"-42,480202","-73,768593"
2026,"Liceo Politecnico De Castro
Rama",8001,Ciencias,413.3,LICEO POLITECNICO DE CASTRO,"-42,480202","-73,768593"
2026,"Liceo Politecnico De Castro
Rama",8001,Obligatoria,567.2,LICEO POLITECNICO DE CASTRO,"-42,480202","-73,768593"
2026,"Liceo Galvarino Riveros Cardenas
Rama",8002,Lenguaje,637.9,LICEO GALVARINO RIVEROS CARDENAS,"-42,48428","-73,763977"
2026,"Liceo Galvarino Riveros Cardenas
Rama",8002,M1,659.5,LICEO GALVARINO RIVEROS CARDENAS,"-42,48428","-73,763977"
2026,"Liceo Galvarino Riveros Cardenas
Rama",8002,M2,458.3,LICEO GALVARINO RIVEROS CARDENAS,"-42,48428","-73,763977"
2026,"Liceo Galvarino Riveros Cardenas
Rama",8002,Historia,519.2,LICEO GALVARINO RIVEROS CARDENAS,"-42,48428","-73,763977"
2026,"Liceo Galvarino Riveros Cardenas
Rama",8002,Ciencias,469.5,LICEO GALVARINO RIVEROS CARDENAS,"-42,48428","-73,763977"
2026,"Liceo Galvarino Riveros Cardenas
Rama",8002,Obligatoria,650.9,LICEO GALVARINO RIVEROS CARDENAS,"-42,48428","-73,763977"
2026,"Liceo Aytue
Rama",8005,Lenguaje,570.0,LICEO AYTUE,"-42,471729","-73,775909"
2026,"Liceo Aytue
Rama",8005,M1,582.5,LICEO AYTUE,"-42,471729","-73,775909"
2026,"Liceo Aytue
Rama",8005,M2,382.0,LICEO AYTUE,"-42,471729","-73,775909"
2026,"Liceo Aytue
Rama",8005,Historia,486.0,LICEO AYTUE,"-42,471729","-73,775909"
2026,"Liceo Aytue
Rama",8005,Ciencias,428.1,LICEO AYTUE,"-42,471729","-73,775909"
2026,"Liceo Aytue
Rama",8005,Obligatoria,588.5,LICEO AYTUE,"-42,471729","-73,775909"
2026,"Liceo Aytue
Rama",8005,Lenguaje,471.5,LICEO AYTUE,"-42,471729","-73,775909"
2026,"Liceo Aytue
Rama",8005,M1,456.8,LICEO AYTUE,"-42,471729","-73,775909"
2026,"Liceo Aytue
Rama",8005,M2,0.0,LICEO AYTUE,"-42,471729","-73,775909"
2026,"Liceo Aytue
Rama",8005,Historia,460.0,LICEO AYTUE,"-42,471729","-73,775909"
2026,"Liceo Aytue
Rama",8005,Ciencias,0.0,LICEO AYTUE,"-42,471729","-73,775909"
2026,"Liceo Aytue
Rama",8005,Obligatoria,464.1,LICEO AYTUE,"-42,471729","-73,775909"
2026,"Liceo Aytue
Rama",8005,Lenguaje,519.2,LICEO AYTUE,"-42,471729","-73,775909"
2026,"Liceo Aytue
Rama",8005,M1,546.2,LICEO AYTUE,"-42,471729","-73,775909"
2026,"Liceo Aytue
Rama",8005,M2,383.0,LICEO AYTUE,"-42,471729","-73,775909"
2026,"Liceo Aytue
Rama",8005,Historia,429.3,LICEO AYTUE,"-42,471729","-73,775909"
2026,"Liceo Aytue
Rama",8005,Ciencias,385.2,LICEO AYTUE,"-42,471729","-73,775909"
2026,"Liceo Aytue
Rama",8005,Obligatoria,537.2,LICEO AYTUE,"-42,471729","-73,775909"
2026,"Escuela De Adultos De Castro
Rama",8023,Lenguaje,526.6,ESCUELA DE ADULTOS DE CASTRO,"-42,47688675","-73,76198578"
2026,"Escuela De Adultos De Castro
Rama",8023,M1,517.4,ESCUELA DE ADULTOS DE CASTRO,"-42,47688675","-73,76198578"
2026,"Escuela De Adultos De Castro
Rama",8023,M2,424.3,ESCUELA DE ADULTOS DE CASTRO,"-42,47688675","-73,76198578"
2026,"Escuela De Adultos De Castro
Rama",8023,Historia,527.8,ESCUELA DE ADULTOS DE CASTRO,"-42,47688675","-73,76198578"
2026,"Escuela De Adultos De Castro
Rama",8023,Ciencias,410.0,ESCUELA DE ADULTOS DE CASTRO,"-42,47688675","-73,76198578"
2026,"Escuela De Adultos De Castro
Rama",8023,Obligatoria,522.0,ESCUELA DE ADULTOS DE CASTRO,"-42,47688675","-73,76198578"
2026,"Liceo Polivalente De Ancud
Rama",8044,Lenguaje,503.3,LICEO POLIVALENTE DE ANCUD,"-41,866901","-73,817543"
2026,"Liceo Polivalente De Ancud
Rama",8044,M1,546.4,LICEO POLIVALENTE DE ANCUD,"-41,866901","-73,817543"
2026,"Liceo Polivalente De Ancud
Rama",8044,M2,430.5,LICEO POLIVALENTE DE ANCUD,"-41,866901","-73,817543"
2026,"Liceo Polivalente De Ancud
Rama",8044,Historia,463.8,LICEO POLIVALENTE DE ANCUD,"-41,866901","-73,817543"
2026,"Liceo Polivalente De Ancud
Rama",8044,Ciencias,358.3,LICEO POLIVALENTE DE ANCUD,"-41,866901","-73,817543"
2026,"Liceo Polivalente De Ancud
Rama",8044,Obligatoria,524.8,LICEO POLIVALENTE DE ANCUD,"-41,866901","-73,817543"
2026,"Liceo Polivalente De Ancud
Rama",8044,Lenguaje,499.9,LICEO POLIVALENTE DE ANCUD,"-41,866901","-73,817543"
2026,"Liceo Polivalente De Ancud
Rama",8044,M1,491.3,LICEO POLIVALENTE DE ANCUD,"-41,866901","-73,817543"
2026,"Liceo Polivalente De Ancud
Rama",8044,M2,0.0,LICEO POLIVALENTE DE ANCUD,"-41,866901","-73,817543"
2026,"Liceo Polivalente De Ancud
Rama",8044,Historia,421.0,LICEO POLIVALENTE DE ANCUD,"-41,866901","-73,817543"
2026,"Liceo Polivalente De Ancud
Rama",8044,Ciencias,393.0,LICEO POLIVALENTE DE ANCUD,"-41,866901","-73,817543"
2026,"Liceo Polivalente De Ancud
Rama",8044,Obligatoria,495.6,LICEO POLIVALENTE DE ANCUD,"-41,866901","-73,817543"
2026,"Liceo Polivalente De Ancud
Rama",8044,Lenguaje,493.1,LICEO POLIVALENTE DE ANCUD,"-41,866901","-73,817543"
2026,"Liceo Polivalente De Ancud
Rama",8044,M1,494.0,LICEO POLIVALENTE DE ANCUD,"-41,866901","-73,817543"
2026,"Liceo Polivalente De Ancud
Rama",8044,M2,312.0,LICEO POLIVALENTE DE ANCUD,"-41,866901","-73,817543"
2026,"Liceo Polivalente De Ancud
Rama",8044,Historia,426.5,LICEO POLIVALENTE DE ANCUD,"-41,866901","-73,817543"
2026,"Liceo Polivalente De Ancud
Rama",8044,Ciencias,383.0,LICEO POLIVALENTE DE ANCUD,"-41,866901","-73,817543"
2026,"Liceo Polivalente De Ancud
Rama",8044,Obligatoria,499.4,LICEO POLIVALENTE DE ANCUD,"-41,866901","-73,817543"
2026,"Liceo Bicentenario De Ancud
Rama",8105,Lenguaje,598.6,LICEO BICENTENARIO DE ANCUD,"-41,86285","-73,828552"
2026,"Liceo Bicentenario De Ancud
Rama",8105,M1,602.8,LICEO BICENTENARIO DE ANCUD,"-41,86285","-73,828552"
2026,"Liceo Bicentenario De Ancud
Rama",8105,M2,393.2,LICEO BICENTENARIO DE ANCUD,"-41,86285","-73,828552"
2026,"Liceo Bicentenario De Ancud
Rama",8105,Historia,478.5,LICEO BICENTENARIO DE ANCUD,"-41,86285","-73,828552"
2026,"Liceo Bicentenario De Ancud
Rama",8105,Ciencias,447.1,LICEO BICENTENARIO DE ANCUD,"-41,86285","-73,828552"
2026,"Liceo Bicentenario De Ancud
Rama",8105,Obligatoria,601.8,LICEO BICENTENARIO DE ANCUD,"-41,86285","-73,828552"
2026,"Seminario Conciliar De Ancud
Rama",8108,Lenguaje,608.8,SEMINARIO CONCILIAR DE ANCUD,"-41,871189","-73,821953"
2026,"Seminario Conciliar De Ancud
Rama",8108,M1,628.5,SEMINARIO CONCILIAR DE ANCUD,"-41,871189","-73,821953"
2026,"Seminario Conciliar De Ancud
Rama",8108,M2,411.7,SEMINARIO CONCILIAR DE ANCUD,"-41,871189","-73,821953"
2026,"Seminario Conciliar De Ancud
Rama",8108,Historia,533.3,SEMINARIO CONCILIAR DE ANCUD,"-41,871189","-73,821953"
2026,"Seminario Conciliar De Ancud
Rama",8108,Ciencias,451.5,SEMINARIO CONCILIAR DE ANCUD,"-41,871189","-73,821953"
2026,"Seminario Conciliar De Ancud
Rama",8108,Obligatoria,616.3,SEMINARIO CONCILIAR DE ANCUD,"-41,871189","-73,821953"
2026,"Seminario Conciliar De Ancud
Rama",8108,Lenguaje,561.2,SEMINARIO CONCILIAR DE ANCUD,"-41,871189","-73,821953"
2026,"Seminario Conciliar De Ancud
Rama",8108,M1,596.5,SEMINARIO CONCILIAR DE ANCUD,"-41,871189","-73,821953"
2026,"Seminario Conciliar De Ancud
Rama",8108,M2,397.2,SEMINARIO CONCILIAR DE ANCUD,"-41,871189","-73,821953"
2026,"Seminario Conciliar De Ancud
Rama",8108,Historia,443.0,SEMINARIO CONCILIAR DE ANCUD,"-41,871189","-73,821953"
2026,"Seminario Conciliar De Ancud
Rama",8108,Ciencias,389.3,SEMINARIO CONCILIAR DE ANCUD,"-41,871189","-73,821953"
2026,"Seminario Conciliar De Ancud
Rama",8108,Obligatoria,578.8,SEMINARIO CONCILIAR DE ANCUD,"-41,871189","-73,821953"
2026,"Seminario Conciliar De Ancud
Rama",8108,Lenguaje,549.9,SEMINARIO CONCILIAR DE ANCUD,"-41,871189","-73,821953"
2026,"Seminario Conciliar De Ancud
Rama",8108,M1,528.6,SEMINARIO CONCILIAR DE ANCUD,"-41,871189","-73,821953"
2026,"Seminario Conciliar De Ancud
Rama",8108,M2,360.5,SEMINARIO CONCILIAR DE ANCUD,"-41,871189","-73,821953"
2026,"Seminario Conciliar De Ancud
Rama",8108,Historia,442.1,SEMINARIO CONCILIAR DE ANCUD,"-41,871189","-73,821953"
2026,"Seminario Conciliar De Ancud
Rama",8108,Ciencias,389.1,SEMINARIO CONCILIAR DE ANCUD,"-41,871189","-73,821953"
2026,"Seminario Conciliar De Ancud
Rama",8108,Obligatoria,542.0,SEMINARIO CONCILIAR DE ANCUD,"-41,871189","-73,821953"
2026,"Seminario Conciliar De Ancud
Rama",8108,Lenguaje,568.8,SEMINARIO CONCILIAR DE ANCUD,"-41,871189","-73,821953"
2026,"Seminario Conciliar De Ancud
Rama",8108,M1,602.9,SEMINARIO CONCILIAR DE ANCUD,"-41,871189","-73,821953"
2026,"Seminario Conciliar De Ancud
Rama",8108,M2,402.8,SEMINARIO CONCILIAR DE ANCUD,"-41,871189","-73,821953"
2026,"Seminario Conciliar De Ancud
Rama",8108,Historia,471.4,SEMINARIO CONCILIAR DE ANCUD,"-41,871189","-73,821953"
2026,"Seminario Conciliar De Ancud
Rama",8108,Ciencias,432.4,SEMINARIO CONCILIAR DE ANCUD,"-41,871189","-73,821953"
2026,"Seminario Conciliar De Ancud
Rama",8108,Obligatoria,585.9,SEMINARIO CONCILIAR DE ANCUD,"-41,871189","-73,821953"
2026,"Liceo Comercial El Pilar
Rama",8109,Lenguaje,607.4,LICEO COMERCIAL EL PILAR,"-41,869228","-73,821068"
2026,"Liceo Comercial El Pilar
Rama",8109,M1,625.9,LICEO COMERCIAL EL PILAR,"-41,869228","-73,821068"
2026,"Liceo Comercial El Pilar
Rama",8109,M2,404.3,LICEO COMERCIAL EL PILAR,"-41,869228","-73,821068"
2026,"Liceo Comercial El Pilar
Rama",8109,Historia,502.9,LICEO COMERCIAL EL PILAR,"-41,869228","-73,821068"
2026,"Liceo Comercial El Pilar
Rama",8109,Ciencias,432.9,LICEO COMERCIAL EL PILAR,"-41,869228","-73,821068"
2026,"Liceo Comercial El Pilar
Rama",8109,Obligatoria,617.2,LICEO COMERCIAL EL PILAR,"-41,869228","-73,821068"
2026,"Liceo Comercial El Pilar
Rama",8109,Lenguaje,599.1,LICEO COMERCIAL EL PILAR,"-41,869228","-73,821068"
2026,"Liceo Comercial El Pilar
Rama",8109,M1,582.3,LICEO COMERCIAL EL PILAR,"-41,869228","-73,821068"
2026,"Liceo Comercial El Pilar
Rama",8109,M2,370.0,LICEO COMERCIAL EL PILAR,"-41,869228","-73,821068"
2026,"Liceo Comercial El Pilar
Rama",8109,Historia,448.6,LICEO COMERCIAL EL PILAR,"-41,869228","-73,821068"
2026,"Liceo Comercial El Pilar
Rama",8109,Ciencias,408.8,LICEO COMERCIAL EL PILAR,"-41,869228","-73,821068"
2026,"Liceo Comercial El Pilar
Rama",8109,Obligatoria,590.7,LICEO COMERCIAL EL PILAR,"-41,869228","-73,821068"
2026,"Liceo Comercial El Pilar
Rama",8109,Lenguaje,572.1,LICEO COMERCIAL EL PILAR,"-41,869228","-73,821068"
2026,"Liceo Comercial El Pilar
Rama",8109,M1,599.6,LICEO COMERCIAL EL PILAR,"-41,869228","-73,821068"
2026,"Liceo Comercial El Pilar
Rama",8109,M2,367.3,LICEO COMERCIAL EL PILAR,"-41,869228","-73,821068"
2026,"Liceo Comercial El Pilar
Rama",8109,Historia,449.4,LICEO COMERCIAL EL PILAR,"-41,869228","-73,821068"
2026,"Liceo Comercial El Pilar
Rama",8109,Ciencias,411.0,LICEO COMERCIAL EL PILAR,"-41,869228","-73,821068"
2026,"Liceo Comercial El Pilar
Rama",8109,Obligatoria,585.8,LICEO COMERCIAL EL PILAR,"-41,869228","-73,821068"
2026,"Liceo Comercial El Pilar
Rama",8109,Lenguaje,543.3,LICEO COMERCIAL EL PILAR,"-41,869228","-73,821068"
2026,"Liceo Comercial El Pilar
Rama",8109,M1,551.3,LICEO COMERCIAL EL PILAR,"-41,869228","-73,821068"
2026,"Liceo Comercial El Pilar
Rama",8109,M2,423.0,LICEO COMERCIAL EL PILAR,"-41,869228","-73,821068"
2026,"Liceo Comercial El Pilar
Rama",8109,Historia,430.2,LICEO COMERCIAL EL PILAR,"-41,869228","-73,821068"
2026,"Liceo Comercial El Pilar
Rama",8109,Ciencias,371.4,LICEO COMERCIAL EL PILAR,"-41,869228","-73,821068"
2026,"Liceo Comercial El Pilar
Rama",8109,Obligatoria,550.3,LICEO COMERCIAL EL PILAR,"-41,869228","-73,821068"
2026,"Liceo Bicentenario Quemchi
Rama",8111,Lenguaje,598.0,LICEO BICENTENARIO QUEMCHI,"-42,14151","-73,477173"
2026,"Liceo Bicentenario Quemchi
Rama",8111,M1,620.6,LICEO BICENTENARIO QUEMCHI,"-42,14151","-73,477173"
2026,"Liceo Bicentenario Quemchi
Rama",8111,M2,374.3,LICEO BICENTENARIO QUEMCHI,"-42,14151","-73,477173"
2026,"Liceo Bicentenario Quemchi
Rama",8111,Historia,496.9,LICEO BICENTENARIO QUEMCHI,"-42,14151","-73,477173"
2026,"Liceo Bicentenario Quemchi
Rama",8111,Ciencias,438.7,LICEO BICENTENARIO QUEMCHI,"-42,14151","-73,477173"
2026,"Liceo Bicentenario Quemchi
Rama",8111,Obligatoria,609.3,LICEO BICENTENARIO QUEMCHI,"-42,14151","-73,477173"
2026,"Liceo Bicentenario Quemchi
Rama",8111,Lenguaje,544.9,LICEO BICENTENARIO QUEMCHI,"-42,14151","-73,477173"
2026,"Liceo Bicentenario Quemchi
Rama",8111,M1,509.0,LICEO BICENTENARIO QUEMCHI,"-42,14151","-73,477173"
2026,"Liceo Bicentenario Quemchi
Rama",8111,M2,414.0,LICEO BICENTENARIO QUEMCHI,"-42,14151","-73,477173"
2026,"Liceo Bicentenario Quemchi
Rama",8111,Historia,459.0,LICEO BICENTENARIO QUEMCHI,"-42,14151","-73,477173"
2026,"Liceo Bicentenario Quemchi
Rama",8111,Ciencias,389.7,LICEO BICENTENARIO QUEMCHI,"-42,14151","-73,477173"
2026,"Liceo Bicentenario Quemchi
Rama",8111,Obligatoria,526.9,LICEO BICENTENARIO QUEMCHI,"-42,14151","-73,477173"
2026,"Liceo Alfredo Del Carmen Barria Oyarzun
Rama",8162,Lenguaje,554.6,LICEO ALFREDO DEL CARMEN BARRIA OYARZUN,"-42,435261","-73,600677"
2026,"Liceo Alfredo Del Carmen Barria Oyarzun
Rama",8162,M1,549.9,LICEO ALFREDO DEL CARMEN BARRIA OYARZUN,"-42,435261","-73,600677"
2026,"Liceo Alfredo Del Carmen Barria Oyarzun
Rama",8162,M2,392.4,LICEO ALFREDO DEL CARMEN BARRIA OYARZUN,"-42,435261","-73,600677"
2026,"Liceo Alfredo Del Carmen Barria Oyarzun
Rama",8162,Historia,424.4,LICEO ALFREDO DEL CARMEN BARRIA OYARZUN,"-42,435261","-73,600677"
2026,"Liceo Alfredo Del Carmen Barria Oyarzun
Rama",8162,Ciencias,392.3,LICEO ALFREDO DEL CARMEN BARRIA OYARZUN,"-42,435261","-73,600677"
2026,"Liceo Alfredo Del Carmen Barria Oyarzun
Rama",8162,Obligatoria,554.0,LICEO ALFREDO DEL CARMEN BARRIA OYARZUN,"-42,435261","-73,600677"
2026,"Liceo Alfredo Del Carmen Barria Oyarzun
Rama",8162,Lenguaje,542.2,LICEO ALFREDO DEL CARMEN BARRIA OYARZUN,"-42,435261","-73,600677"
2026,"Liceo Alfredo Del Carmen Barria Oyarzun
Rama",8162,M1,514.2,LICEO ALFREDO DEL CARMEN BARRIA OYARZUN,"-42,435261","-73,600677"
2026,"Liceo Alfredo Del Carmen Barria Oyarzun
Rama",8162,M2,349.2,LICEO ALFREDO DEL CARMEN BARRIA OYARZUN,"-42,435261","-73,600677"
2026,"Liceo Alfredo Del Carmen Barria Oyarzun
Rama",8162,Historia,421.2,LICEO ALFREDO DEL CARMEN BARRIA OYARZUN,"-42,435261","-73,600677"
2026,"Liceo Alfredo Del Carmen Barria Oyarzun
Rama",8162,Ciencias,380.9,LICEO ALFREDO DEL CARMEN BARRIA OYARZUN,"-42,435261","-73,600677"
2026,"Liceo Alfredo Del Carmen Barria Oyarzun
Rama",8162,Obligatoria,528.2,LICEO ALFREDO DEL CARMEN BARRIA OYARZUN,"-42,435261","-73,600677"
2026,"Liceo Bicentenario Insular
Rama",8174,Lenguaje,607.8,LICEO BICENTENARIO INSULAR,"-42,47028","-73,495483"
2026,"Liceo Bicentenario Insular
Rama",8174,M1,642.0,LICEO BICENTENARIO INSULAR,"-42,47028","-73,495483"
2026,"Liceo Bicentenario Insular
Rama",8174,M2,400.9,LICEO BICENTENARIO INSULAR,"-42,47028","-73,495483"
2026,"Liceo Bicentenario Insular
Rama",8174,Historia,478.3,LICEO BICENTENARIO INSULAR,"-42,47028","-73,495483"
2026,"Liceo Bicentenario Insular
Rama",8174,Ciencias,461.0,LICEO BICENTENARIO INSULAR,"-42,47028","-73,495483"
2026,"Liceo Bicentenario Insular
Rama",8174,Obligatoria,624.9,LICEO BICENTENARIO INSULAR,"-42,47028","-73,495483"
2026,"Liceo Bicentenario Insular
Rama",8174,Lenguaje,526.4,LICEO BICENTENARIO INSULAR,"-42,47028","-73,495483"
2026,"Liceo Bicentenario Insular
Rama",8174,M1,509.3,LICEO BICENTENARIO INSULAR,"-42,47028","-73,495483"
2026,"Liceo Bicentenario Insular
Rama",8174,M2,0.0,LICEO BICENTENARIO INSULAR,"-42,47028","-73,495483"
2026,"Liceo Bicentenario Insular
Rama",8174,Historia,415.8,LICEO BICENTENARIO INSULAR,"-42,47028","-73,495483"
2026,"Liceo Bicentenario Insular
Rama",8174,Ciencias,391.4,LICEO BICENTENARIO INSULAR,"-42,47028","-73,495483"
2026,"Liceo Bicentenario Insular
Rama",8174,Obligatoria,520.1,LICEO BICENTENARIO INSULAR,"-42,47028","-73,495483"
2026,"Liceo Bicentenario Insular
Rama",8174,Lenguaje,492.6,LICEO BICENTENARIO INSULAR,"-42,47028","-73,495483"
2026,"Liceo Bicentenario Insular
Rama",8174,M1,524.6,LICEO BICENTENARIO INSULAR,"-42,47028","-73,495483"
2026,"Liceo Bicentenario Insular
Rama",8174,M2,417.5,LICEO BICENTENARIO INSULAR,"-42,47028","-73,495483"
2026,"Liceo Bicentenario Insular
Rama",8174,Historia,441.0,LICEO BICENTENARIO INSULAR,"-42,47028","-73,495483"
2026,"Liceo Bicentenario Insular
Rama",8174,Ciencias,365.7,LICEO BICENTENARIO INSULAR,"-42,47028","-73,495483"
2026,"Liceo Bicentenario Insular
Rama",8174,Obligatoria,512.4,LICEO BICENTENARIO INSULAR,"-42,47028","-73,495483"
2026,"Liceo Bicentenario Insular
Rama",8174,Lenguaje,472.0,LICEO BICENTENARIO INSULAR,"-42,47028","-73,495483"
2026,"Liceo Bicentenario Insular
Rama",8174,M1,531.3,LICEO BICENTENARIO INSULAR,"-42,47028","-73,495483"
2026,"Liceo Bicentenario Insular
Rama",8174,M2,0.0,LICEO BICENTENARIO INSULAR,"-42,47028","-73,495483"
2026,"Liceo Bicentenario Insular
Rama",8174,Historia,401.5,LICEO BICENTENARIO INSULAR,"-42,47028","-73,495483"
2026,"Liceo Bicentenario Insular
Rama",8174,Ciencias,378.5,LICEO BICENTENARIO INSULAR,"-42,47028","-73,495483"
2026,"Liceo Bicentenario Insular
Rama",8174,Obligatoria,506.2,LICEO BICENTENARIO INSULAR,"-42,47028","-73,495483"
2026,"Liceo Particular Ramon Freire
Rama",8194,Lenguaje,565.5,LICEO PARTICULAR RAMON FREIRE,"-42,471409","-73,489243"
2026,"Liceo Particular Ramon Freire
Rama",8194,M1,603.4,LICEO PARTICULAR RAMON FREIRE,"-42,471409","-73,489243"
2026,"Liceo Particular Ramon Freire
Rama",8194,M2,396.2,LICEO PARTICULAR RAMON FREIRE,"-42,471409","-73,489243"
2026,"Liceo Particular Ramon Freire
Rama",8194,Historia,457.5,LICEO PARTICULAR RAMON FREIRE,"-42,471409","-73,489243"
2026,"Liceo Particular Ramon Freire
Rama",8194,Ciencias,422.1,LICEO PARTICULAR RAMON FREIRE,"-42,471409","-73,489243"
2026,"Liceo Particular Ramon Freire
Rama",8194,Obligatoria,586.0,LICEO PARTICULAR RAMON FREIRE,"-42,471409","-73,489243"
2026,"Liceo Bicentenario Manuel Jesus Andrade Borquez
Rama",8206,Lenguaje,606.4,LICEO BICENTENARIO MANUEL JESUS ANDRADE BORQUEZ,"-42,622471","-73,778099"
2026,"Liceo Bicentenario Manuel Jesus Andrade Borquez
Rama",8206,M1,673.0,LICEO BICENTENARIO MANUEL JESUS ANDRADE BORQUEZ,"-42,622471","-73,778099"
2026,"Liceo Bicentenario Manuel Jesus Andrade Borquez
Rama",8206,M2,395.8,LICEO BICENTENARIO MANUEL JESUS ANDRADE BORQUEZ,"-42,622471","-73,778099"
2026,"Liceo Bicentenario Manuel Jesus Andrade Borquez
Rama",8206,Historia,466.4,LICEO BICENTENARIO MANUEL JESUS ANDRADE BORQUEZ,"-42,622471","-73,778099"
2026,"Liceo Bicentenario Manuel Jesus Andrade Borquez
Rama",8206,Ciencias,424.6,LICEO BICENTENARIO MANUEL JESUS ANDRADE BORQUEZ,"-42,622471","-73,778099"
2026,"Liceo Bicentenario Manuel Jesus Andrade Borquez
Rama",8206,Obligatoria,643.5,LICEO BICENTENARIO MANUEL JESUS ANDRADE BORQUEZ,"-42,622471","-73,778099"
2026,"Liceo Bicentenario Manuel Jesus Andrade Borquez
Rama",8206,Lenguaje,576.0,LICEO BICENTENARIO MANUEL JESUS ANDRADE BORQUEZ,"-42,622471","-73,778099"
2026,"Liceo Bicentenario Manuel Jesus Andrade Borquez
Rama",8206,M1,502.0,LICEO BICENTENARIO MANUEL JESUS ANDRADE BORQUEZ,"-42,622471","-73,778099"
2026,"Liceo Bicentenario Manuel Jesus Andrade Borquez
Rama",8206,M2,0.0,LICEO BICENTENARIO MANUEL JESUS ANDRADE BORQUEZ,"-42,622471","-73,778099"
2026,"Liceo Bicentenario Manuel Jesus Andrade Borquez
Rama",8206,Historia,530.0,LICEO BICENTENARIO MANUEL JESUS ANDRADE BORQUEZ,"-42,622471","-73,778099"
2026,"Liceo Bicentenario Manuel Jesus Andrade Borquez
Rama",8206,Ciencias,0.0,LICEO BICENTENARIO MANUEL JESUS ANDRADE BORQUEZ,"-42,622471","-73,778099"
2026,"Liceo Bicentenario Manuel Jesus Andrade Borquez
Rama",8206,Obligatoria,539.0,LICEO BICENTENARIO MANUEL JESUS ANDRADE BORQUEZ,"-42,622471","-73,778099"
2026,"Liceo Bicentenario Manuel Jesus Andrade Borquez
Rama",8206,Lenguaje,576.4,LICEO BICENTENARIO MANUEL JESUS ANDRADE BORQUEZ,"-42,622471","-73,778099"
2026,"Liceo Bicentenario Manuel Jesus Andrade Borquez
Rama",8206,M1,571.1,LICEO BICENTENARIO MANUEL JESUS ANDRADE BORQUEZ,"-42,622471","-73,778099"
2026,"Liceo Bicentenario Manuel Jesus Andrade Borquez
Rama",8206,M2,379.2,LICEO BICENTENARIO MANUEL JESUS ANDRADE BORQUEZ,"-42,622471","-73,778099"
2026,"Liceo Bicentenario Manuel Jesus Andrade Borquez
Rama",8206,Historia,420.8,LICEO BICENTENARIO MANUEL JESUS ANDRADE BORQUEZ,"-42,622471","-73,778099"
2026,"Liceo Bicentenario Manuel Jesus Andrade Borquez
Rama",8206,Ciencias,391.3,LICEO BICENTENARIO MANUEL JESUS ANDRADE BORQUEZ,"-42,622471","-73,778099"
2026,"Liceo Bicentenario Manuel Jesus Andrade Borquez
Rama",8206,Obligatoria,573.8,LICEO BICENTENARIO MANUEL JESUS ANDRADE BORQUEZ,"-42,622471","-73,778099"
2026,"Liceo Bicentenario Manuel Jesus Andrade Borquez
Rama",8206,Lenguaje,474.4,LICEO BICENTENARIO MANUEL JESUS ANDRADE BORQUEZ,"-42,622471","-73,778099"
2026,"Liceo Bicentenario Manuel Jesus Andrade Borquez
Rama",8206,M1,488.0,LICEO BICENTENARIO MANUEL JESUS ANDRADE BORQUEZ,"-42,622471","-73,778099"
2026,"Liceo Bicentenario Manuel Jesus Andrade Borquez
Rama",8206,M2,370.3,LICEO BICENTENARIO MANUEL JESUS ANDRADE BORQUEZ,"-42,622471","-73,778099"
2026,"Liceo Bicentenario Manuel Jesus Andrade Borquez
Rama",8206,Historia,440.0,LICEO BICENTENARIO MANUEL JESUS ANDRADE BORQUEZ,"-42,622471","-73,778099"
2026,"Liceo Bicentenario Manuel Jesus Andrade Borquez
Rama",8206,Ciencias,400.5,LICEO BICENTENARIO MANUEL JESUS ANDRADE BORQUEZ,"-42,622471","-73,778099"
2026,"Liceo Bicentenario Manuel Jesus Andrade Borquez
Rama",8206,Obligatoria,484.2,LICEO BICENTENARIO MANUEL JESUS ANDRADE BORQUEZ,"-42,622471","-73,778099"
2026,"Liceo Rayen Mapu
Rama",8255,Lenguaje,586.2,LICEO RAYEN MAPU,"-43,11462","-73,623772"
2026,"Liceo Rayen Mapu
Rama",8255,M1,577.1,LICEO RAYEN MAPU,"-43,11462","-73,623772"
2026,"Liceo Rayen Mapu
Rama",8255,M2,425.5,LICEO RAYEN MAPU,"-43,11462","-73,623772"
2026,"Liceo Rayen Mapu
Rama",8255,Historia,489.0,LICEO RAYEN MAPU,"-43,11462","-73,623772"
2026,"Liceo Rayen Mapu
Rama",8255,Ciencias,427.1,LICEO RAYEN MAPU,"-43,11462","-73,623772"
2026,"Liceo Rayen Mapu
Rama",8255,Obligatoria,581.7,LICEO RAYEN MAPU,"-43,11462","-73,623772"
2026,"Liceo Rayen Mapu
Rama",8255,Lenguaje,559.4,LICEO RAYEN MAPU,"-43,11462","-73,623772"
2026,"Liceo Rayen Mapu
Rama",8255,M1,557.9,LICEO RAYEN MAPU,"-43,11462","-73,623772"
2026,"Liceo Rayen Mapu
Rama",8255,M2,381.5,LICEO RAYEN MAPU,"-43,11462","-73,623772"
2026,"Liceo Rayen Mapu
Rama",8255,Historia,458.2,LICEO RAYEN MAPU,"-43,11462","-73,623772"
2026,"Liceo Rayen Mapu
Rama",8255,Ciencias,392.4,LICEO RAYEN MAPU,"-43,11462","-73,623772"
2026,"Liceo Rayen Mapu
Rama",8255,Obligatoria,558.7,LICEO RAYEN MAPU,"-43,11462","-73,623772"
2026,"Liceo Rayen Mapu
Rama",8255,Lenguaje,567.1,LICEO RAYEN MAPU,"-43,11462","-73,623772"
2026,"Liceo Rayen Mapu
Rama",8255,M1,559.0,LICEO RAYEN MAPU,"-43,11462","-73,623772"
2026,"Liceo Rayen Mapu
Rama",8255,M2,376.5,LICEO RAYEN MAPU,"-43,11462","-73,623772"
2026,"Liceo Rayen Mapu
Rama",8255,Historia,480.8,LICEO RAYEN MAPU,"-43,11462","-73,623772"
2026,"Liceo Rayen Mapu
Rama",8255,Ciencias,452.3,LICEO RAYEN MAPU,"-43,11462","-73,623772"
2026,"Liceo Rayen Mapu
Rama",8255,Obligatoria,570.0,LICEO RAYEN MAPU,"-43,11462","-73,623772"
2026,"Liceo Peninsular Ayacara
Rama",8309,Lenguaje,594.4,LICEO PENINSULAR AYACARA,"-42,308399","-72,786972"
2026,"Liceo Peninsular Ayacara
Rama",8309,M1,599.4,LICEO PENINSULAR AYACARA,"-42,308399","-72,786972"
2026,"Liceo Peninsular Ayacara
Rama",8309,M2,435.3,LICEO PENINSULAR AYACARA,"-42,308399","-72,786972"
2026,"Liceo Peninsular Ayacara
Rama",8309,Historia,552.8,LICEO PENINSULAR AYACARA,"-42,308399","-72,786972"
2026,"Liceo Peninsular Ayacara
Rama",8309,Ciencias,436.4,LICEO PENINSULAR AYACARA,"-42,308399","-72,786972"
2026,"Liceo Peninsular Ayacara
Rama",8309,Obligatoria,596.9,LICEO PENINSULAR AYACARA,"-42,308399","-72,786972"
2026,"Colegio Mauricio Hitchcock
Rama",8310,Lenguaje,586.2,COLEGIO MAURICIO HITCHCOCK,"-41,800591","-72,715927"
2026,"Colegio Mauricio Hitchcock
Rama",8310,M1,563.1,COLEGIO MAURICIO HITCHCOCK,"-41,800591","-72,715927"
2026,"Colegio Mauricio Hitchcock
Rama",8310,M2,366.3,COLEGIO MAURICIO HITCHCOCK,"-41,800591","-72,715927"
2026,"Colegio Mauricio Hitchcock
Rama",8310,Historia,463.4,COLEGIO MAURICIO HITCHCOCK,"-41,800591","-72,715927"
2026,"Colegio Mauricio Hitchcock
Rama",8310,Ciencias,429.3,COLEGIO MAURICIO HITCHCOCK,"-41,800591","-72,715927"
2026,"Colegio Mauricio Hitchcock
Rama",8310,Obligatoria,574.6,COLEGIO MAURICIO HITCHCOCK,"-41,800591","-72,715927"
2026,"Liceo Bicentenario Futaleufu
Rama",8331,Lenguaje,544.0,LICEO BICENTENARIO FUTALEUFU,"-43,184151","-71,870277"
2026,"Liceo Bicentenario Futaleufu
Rama",8331,M1,592.4,LICEO BICENTENARIO FUTALEUFU,"-43,184151","-71,870277"
2026,"Liceo Bicentenario Futaleufu
Rama",8331,M2,385.4,LICEO BICENTENARIO FUTALEUFU,"-43,184151","-71,870277"
2026,"Liceo Bicentenario Futaleufu
Rama",8331,Historia,457.7,LICEO BICENTENARIO FUTALEUFU,"-43,184151","-71,870277"
2026,"Liceo Bicentenario Futaleufu
Rama",8331,Ciencias,407.1,LICEO BICENTENARIO FUTALEUFU,"-43,184151","-71,870277"
2026,"Liceo Bicentenario Futaleufu
Rama",8331,Obligatoria,572.1,LICEO BICENTENARIO FUTALEUFU,"-43,184151","-71,870277"
2026,"Colegio Roberto White Gesell
Rama",8339,Lenguaje,544.4,COLEGIO ROBERTO WHITE GESELL,"-43,617519","-71,806374"
2026,"Colegio Roberto White Gesell
Rama",8339,M1,579.6,COLEGIO ROBERTO WHITE GESELL,"-43,617519","-71,806374"
2026,"Colegio Roberto White Gesell
Rama",8339,M2,438.0,COLEGIO ROBERTO WHITE GESELL,"-43,617519","-71,806374"
2026,"Colegio Roberto White Gesell
Rama",8339,Historia,443.4,COLEGIO ROBERTO WHITE GESELL,"-43,617519","-71,806374"
2026,"Colegio Roberto White Gesell
Rama",8339,Ciencias,412.7,COLEGIO ROBERTO WHITE GESELL,"-43,617519","-71,806374"
2026,"Colegio Roberto White Gesell
Rama",8339,Obligatoria,564.1,COLEGIO ROBERTO WHITE GESELL,"-43,617519","-71,806374"
